Sample_ID,Window_ID,Timestamp_s,AccX_g,AccY_g,AccZ_g,Activity
1,W00001,0.0,0.0332,0.0847,0.9892,Standing
2,W00001,0.05,0.1262,0.0793,0.9861,Standing
3,W00001,0.1,0.0257,0.0456,0.9758,Standing
4,W00001,0.15,0.0225,0.1042,0.9594,Standing
5,W00001,0.2,0.0932,0.087,0.9519,Standing
6,W00001,0.25,0.0342,0.1267,0.9598,Standing
7,W00001,0.3,0.0221,0.081,0.9684,Standing
8,W00001,0.35,0.0754,0.0364,0.936,Standing
9,W00001,0.4,0.0368,0.0922,1.0005,Standing
10,W00001,0.45,0.0347,0.1479,0.993,Standing
11,W00001,0.5,0.0474,0.0873,0.9941,Standing
12,W00001,0.55,0.0518,0.074,0.9509,Standing
13,W00001,0.6,0.0768,0.0667,0.9877,Standing
14,W00001,0.65,0.0549,0.0728,1.0227,Standing
15,W00001,0.7,0.0624,0.0969,1.0087,Standing
16,W00001,0.75,0.0529,0.0721,0.9651,Standing
17,W00001,0.8,0.0914,0.1537,0.9671,Standing
18,W00001,0.85,0.0702,0.1014,0.9792,Standing
19,W00001,0.9,0.0706,0.1139,1.0422,Standing
20,W00001,0.95,0.0362,0.1544,0.9924,Standing
21,W00001,1.0,0.0936,0.1566,0.9534,Standing
22,W00001,1.05,0.105,0.105,0.979,Standing
23,W00001,1.1,0.026,0.121,1.0129,Standing
24,W00001,1.15,0.0632,0.1324,0.933,Standing
25,W00001,1.2,-0.0036,0.1036,1.0303,Standing
26,W00001,1.25,0.0592,0.0549,0.9768,Standing
27,W00001,1.3,-0.0057,0.1265,0.9921,Standing
28,W00001,1.35,0.0477,0.1321,1.0122,Standing
29,W00001,1.4,0.0704,0.116,0.9536,Standing
30,W00001,1.45,0.0709,0.074,0.952,Standing
31,W00001,1.5,0.0706,0.094,0.974,Standing
32,W00001,1.55,-0.007,0.0803,0.9607,Standing
33,W00001,1.6,0.0325,0.0872,0.9406,Standing
34,W00001,1.65,-0.0115,0.1334,0.9677,Standing
35,W00001,1.7,0.078,0.1388,1.0581,Standing
36,W00001,1.75,-0.0022,0.1116,1.0249,Standing
37,W00001,1.8,0.0128,0.1069,1.0095,Standing
38,W00001,1.85,-0.0334,0.1098,0.9489,Standing
39,W00001,1.9,0.0116,0.0885,0.9629,Standing
40,W00001,1.95,0.0786,0.0863,0.9615,Standing
41,W00001,2.0,0.0151,0.0684,0.9368,Standing
42,W00001,2.05,0.0778,0.0872,0.9295,Standing
43,W00001,2.1,0.089,0.1572,0.9362,Standing
44,W00001,2.15,0.0019,0.1164,0.9565,Standing
45,W00001,2.2,-0.0411,0.0812,0.9242,Standing
46,W00001,2.25,0.0581,0.0786,0.9653,Standing
47,W00001,2.3,0.0466,0.0684,1.002,Standing
48,W00001,2.35,0.0985,0.1073,0.9782,Standing
49,W00001,2.4,0.0512,0.1096,1.0254,Standing
50,W00001,2.45,0.0516,0.0564,0.9435,Standing
51,W00002,0.0,0.8042,0.0627,0.3073,Resting
52,W00002,0.05,0.8505,0.1133,0.3501,Resting
53,W00002,0.1,0.8595,0.0885,0.3718,Resting
54,W00002,0.15,0.855,0.0985,0.3438,Resting
55,W00002,0.2,0.8168,0.0803,0.3323,Resting
56,W00002,0.25,0.8437,0.0736,0.3488,Resting
57,W00002,0.3,0.8728,0.081,0.3326,Resting
58,W00002,0.35,0.8057,0.0975,0.3555,Resting
59,W00002,0.4,0.8453,0.0912,0.3425,Resting
60,W00002,0.45,0.8582,0.1017,0.3707,Resting
61,W00002,0.5,0.8221,0.1173,0.3529,Resting
62,W00002,0.55,0.8479,0.0744,0.3285,Resting
63,W00002,0.6,0.815,0.0729,0.3552,Resting
64,W00002,0.65,0.8204,0.0921,0.3619,Resting
65,W00002,0.7,0.8205,0.0916,0.332,Resting
66,W00002,0.75,0.8409,0.0734,0.3349,Resting
67,W00002,0.8,0.8355,0.0862,0.2975,Resting
68,W00002,0.85,0.8567,0.0846,0.3618,Resting
69,W00002,0.9,0.8191,0.088,0.3321,Resting
70,W00002,0.95,0.8356,0.0919,0.3016,Resting
71,W00002,1.0,0.8577,0.1084,0.3088,Resting
72,W00002,1.05,0.8501,0.0471,0.3399,Resting
73,W00002,1.1,0.8127,0.0629,0.3597,Resting
74,W00002,1.15,0.8529,0.1253,0.3429,Resting
75,W00002,1.2,0.8304,0.0951,0.3543,Resting
76,W00002,1.25,0.848,0.0952,0.3231,Resting
77,W00002,1.3,0.8467,0.1016,0.3185,Resting
78,W00002,1.35,0.8655,0.1074,0.3632,Resting
79,W00002,1.4,0.8439,0.0885,0.3555,Resting
80,W00002,1.45,0.8049,0.083,0.3453,Resting
81,W00002,1.5,0.815,0.1202,0.3718,Resting
82,W00002,1.55,0.8575,0.0247,0.3273,Resting
83,W00002,1.6,0.8381,0.0854,0.3382,Resting
84,W00002,1.65,0.8665,0.1086,0.3674,Resting
85,W00002,1.7,0.8497,0.0733,0.3838,Resting
86,W00002,1.75,0.8297,0.1263,0.3475,Resting
87,W00002,1.8,0.8669,0.0836,0.3812,Resting
88,W00002,1.85,0.8295,0.109,0.3358,Resting
89,W00002,1.9,0.8051,0.0783,0.3547,Resting
90,W00002,1.95,0.888,0.0967,0.3448,Resting
91,W00002,2.0,0.809,0.1118,0.3168,Resting
92,W00002,2.05,0.8604,0.0921,0.354,Resting
93,W00002,2.1,0.867,0.0875,0.3678,Resting
94,W00002,2.15,0.8517,0.0998,0.3464,Resting
95,W00002,2.2,0.8156,0.0806,0.3482,Resting
96,W00002,2.25,0.8701,0.1097,0.3777,Resting
97,W00002,2.3,0.8215,0.108,0.3252,Resting
98,W00002,2.35,0.8239,0.0978,0.3205,Resting
99,W00002,2.4,0.8441,0.1437,0.3376,Resting
100,W00002,2.45,0.8676,0.0975,0.327,Resting
101,W00003,0.0,0.1215,0.0924,0.7302,Running
102,W00003,0.05,0.2706,0.2353,1.1348,Running
103,W00003,0.1,0.7931,0.374,1.1664,Running
104,W00003,0.15,0.2758,0.2867,0.8494,Running
105,W00003,0.2,-0.1366,-0.0385,0.3888,Running
106,W00003,0.25,-0.3153,-0.2936,0.6373,Running
107,W00003,0.3,0.1023,0.281,0.7638,Running
108,W00003,0.35,0.542,0.1152,1.1254,Running
109,W00003,0.4,0.4283,0.3793,1.0093,Running
110,W00003,0.45,-0.13,0.4725,1.153,Running
111,W00003,0.5,-0.166,0.0422,0.6343,Running
112,W00003,0.55,-0.1184,-0.1388,0.4398,Running
113,W00003,0.6,-0.0493,-0.0236,0.7919,Running
114,W00003,0.65,0.2629,0.5315,1.0242,Running
115,W00003,0.7,0.4326,0.3572,1.2172,Running
116,W00003,0.75,0.0696,0.2842,0.8447,Running
117,W00003,0.8,-0.3748,0.1823,0.466,Running
118,W00003,0.85,-0.2771,0.0335,0.5832,Running
119,W00003,0.9,-0.0744,0.1517,1.052,Running
120,W00003,0.95,0.5383,0.2151,1.304,Running
121,W00003,1.0,0.594,-0.1038,1.2354,Running
122,W00003,1.05,0.1693,-0.027,0.9541,Running
123,W00003,1.1,-0.2491,0.0317,0.5665,Running
124,W00003,1.15,-0.3909,0.0157,0.3521,Running
125,W00003,1.2,-0.0323,0.261,0.6949,Running
126,W00003,1.25,0.7267,0.3395,1.2664,Running
127,W00003,1.3,0.3716,0.3812,1.2263,Running
128,W00003,1.35,-0.0397,0.3164,1.0063,Running
129,W00003,1.4,-0.1315,-0.0918,0.6055,Running
130,W00003,1.45,-0.2358,0.0002,0.8036,Running
131,W00003,1.5,0.0435,-0.0381,0.6955,Running
132,W00003,1.55,0.7432,0.5056,1.1847,Running
133,W00003,1.6,0.5132,0.3618,1.3346,Running
134,W00003,1.65,0.4256,0.2692,0.7558,Running
135,W00003,1.7,-0.5308,0.2711,0.8369,Running
136,W00003,1.75,-0.1172,0.2065,0.5894,Running
137,W00003,1.8,0.2129,0.1965,0.8902,Running
138,W00003,1.85,0.4943,0.479,0.9433,Running
139,W00003,1.9,0.5677,0.14,1.3508,Running
140,W00003,1.95,0.2096,0.2584,0.8971,Running
141,W00003,2.0,-0.1949,0.0594,0.2918,Running
142,W00003,2.05,-0.3414,-0.1969,0.6532,Running
143,W00003,2.1,0.058,0.4085,1.0602,Running
144,W00003,2.15,0.4627,0.2564,1.0637,Running
145,W00003,2.2,0.374,0.4559,1.0765,Running
146,W00003,2.25,0.1043,0.1278,0.9217,Running
147,W00003,2.3,-0.0934,0.1864,0.8339,Running
148,W00003,2.35,-0.2723,0.2441,0.6741,Running
149,W00003,2.4,0.343,0.0859,1.0513,Running
150,W00003,2.45,0.6604,0.1336,1.4258,Running
151,W00004,0.0,0.3317,-0.5661,0.744,Abnormal Movement
152,W00004,0.05,-0.7718,0.7413,1.0065,Abnormal Movement
153,W00004,0.1,-0.0668,0.315,0.4903,Abnormal Movement
154,W00004,0.15,-0.6898,0.369,0.1092,Abnormal Movement
155,W00004,0.2,0.2775,0.125,0.3912,Abnormal Movement
156,W00004,0.25,0.2652,0.2647,0.2448,Abnormal Movement
157,W00004,0.3,-0.1616,-0.0226,1.3546,Abnormal Movement
158,W00004,0.35,0.4886,0.3437,0.9434,Abnormal Movement
159,W00004,0.4,-0.0446,-0.0344,1.1496,Abnormal Movement
160,W00004,0.45,-0.0285,0.1486,0.759,Abnormal Movement
161,W00004,0.5,0.1128,0.5117,0.4149,Abnormal Movement
162,W00004,0.55,0.4031,1.6474,1.2302,Abnormal Movement
163,W00004,0.6,0.4028,0.1583,1.4779,Abnormal Movement
164,W00004,0.65,0.6789,0.9171,1.0189,Abnormal Movement
165,W00004,0.7,0.3693,0.2438,0.7602,Abnormal Movement
166,W00004,0.75,1.0001,-0.0592,1.2613,Abnormal Movement
167,W00004,0.8,1.0982,0.3491,0.6013,Abnormal Movement
168,W00004,0.85,0.3722,0.278,1.0957,Abnormal Movement
169,W00004,0.9,-0.1139,0.0979,0.4057,Abnormal Movement
170,W00004,0.95,0.7674,0.3764,0.256,Abnormal Movement
171,W00004,1.0,0.8529,0.2698,0.9088,Abnormal Movement
172,W00004,1.05,0.1576,0.3342,0.764,Abnormal Movement
173,W00004,1.1,-0.4592,0.5519,1.4262,Abnormal Movement
174,W00004,1.15,0.1333,-0.1125,0.4023,Abnormal Movement
175,W00004,1.2,0.6039,-0.1055,0.5023,Abnormal Movement
176,W00004,1.25,-1.005,-0.3295,-0.0513,Abnormal Movement
177,W00004,1.3,-0.0026,-0.1422,-0.4014,Abnormal Movement
178,W00004,1.35,-0.3909,0.0948,-0.3739,Abnormal Movement
179,W00004,1.4,-0.64,0.9403,0.6339,Abnormal Movement
180,W00004,1.45,-0.0088,0.205,-0.0956,Abnormal Movement
181,W00004,1.5,-0.7697,-0.2548,0.9593,Abnormal Movement
182,W00004,1.55,0.0192,-0.4212,1.1194,Abnormal Movement
183,W00004,1.6,0.5662,1.0885,0.3853,Abnormal Movement
184,W00004,1.65,0.1577,0.7006,1.2996,Abnormal Movement
185,W00004,1.7,-0.2059,0.0646,0.6978,Abnormal Movement
186,W00004,1.75,-0.5012,-0.2625,1.1444,Abnormal Movement
187,W00004,1.8,-0.1724,0.004,0.5769,Abnormal Movement
188,W00004,1.85,-0.3312,0.601,1.1457,Abnormal Movement
189,W00004,1.9,1.2922,0.9595,0.3183,Abnormal Movement
190,W00004,1.95,0.5129,-0.8934,1.0433,Abnormal Movement
191,W00004,2.0,0.1823,1.1058,0.567,Abnormal Movement
192,W00004,2.05,0.0689,0.7093,0.715,Abnormal Movement
193,W00004,2.1,0.1462,0.6771,1.0478,Abnormal Movement
194,W00004,2.15,0.4232,0.7944,0.8213,Abnormal Movement
195,W00004,2.2,-0.0773,0.4117,0.6815,Abnormal Movement
196,W00004,2.25,1.1619,0.355,1.0071,Abnormal Movement
197,W00004,2.3,-0.0335,0.6794,1.0009,Abnormal Movement
198,W00004,2.35,-0.1603,-0.0345,-0.0264,Abnormal Movement
199,W00004,2.4,0.22,-0.6167,0.8061,Abnormal Movement
200,W00004,2.45,0.6309,0.1675,0.8169,Abnormal Movement
201,W00005,0.0,0.0313,0.1236,0.9345,Standing
202,W00005,0.05,0.0343,0.0489,0.9126,Standing
203,W00005,0.1,0.0715,0.0881,0.9957,Standing
204,W00005,0.15,0.0308,0.1264,0.9498,Standing
205,W00005,0.2,0.0532,0.1339,1.0038,Standing
206,W00005,0.25,0.0046,0.0915,0.9987,Standing
207,W00005,0.3,0.0204,0.0329,0.9537,Standing
208,W00005,0.35,-0.0023,0.0819,0.9587,Standing
209,W00005,0.4,0.0356,0.0741,0.9991,Standing
210,W00005,0.45,0.0756,0.122,0.9817,Standing
211,W00005,0.5,0.0544,0.0855,0.9868,Standing
212,W00005,0.55,0.0774,0.081,0.931,Standing
213,W00005,0.6,0.0232,0.0815,1.009,Standing
214,W00005,0.65,0.0304,0.1124,0.9573,Standing
215,W00005,0.7,0.0455,0.0584,0.9169,Standing
216,W00005,0.75,0.0789,0.0975,0.9676,Standing
217,W00005,0.8,0.0741,0.0734,0.9996,Standing
218,W00005,0.85,0.064,0.1117,1.0505,Standing
219,W00005,0.9,0.0836,0.0747,0.9766,Standing
220,W00005,0.95,0.0602,0.0667,0.9478,Standing
221,W00005,1.0,0.0633,0.1523,1.051,Standing
222,W00005,1.05,0.1016,0.125,0.9913,Standing
223,W00005,1.1,0.0429,0.1104,0.9776,Standing
224,W00005,1.15,0.0635,0.0915,0.9519,Standing
225,W00005,1.2,0.1036,0.1186,0.9526,Standing
226,W00005,1.25,0.0552,0.1183,1.0255,Standing
227,W00005,1.3,0.0702,0.1377,0.9714,Standing
228,W00005,1.35,0.0277,0.0906,0.9617,Standing
229,W00005,1.4,0.1017,0.0563,0.9611,Standing
230,W00005,1.45,-0.0271,0.1011,1.022,Standing
231,W00005,1.5,0.0042,0.1147,0.9562,Standing
232,W00005,1.55,0.005,0.045,0.9918,Standing
233,W00005,1.6,0.0841,0.1339,0.9804,Standing
234,W00005,1.65,0.0456,0.0995,0.9794,Standing
235,W00005,1.7,0.0274,0.0647,0.946,Standing
236,W00005,1.75,-0.0023,0.1136,0.9925,Standing
237,W00005,1.8,0.0485,0.1343,1.0218,Standing
238,W00005,1.85,0.043,0.0796,0.973,Standing
239,W00005,1.9,0.0213,0.0505,0.9483,Standing
240,W00005,1.95,0.0002,0.0905,0.9386,Standing
241,W00005,2.0,0.0149,0.0965,0.9847,Standing
242,W00005,2.05,0.0575,0.1219,0.9724,Standing
243,W00005,2.1,0.0635,0.1056,0.979,Standing
244,W00005,2.15,0.0593,0.045,0.984,Standing
245,W00005,2.2,0.0551,0.073,0.9408,Standing
246,W00005,2.25,0.0088,0.0784,1.0096,Standing
247,W00005,2.3,0.0649,0.1401,0.9941,Standing
248,W00005,2.35,0.0336,0.1256,0.9853,Standing
249,W00005,2.4,0.0662,0.0733,0.9948,Standing
250,W00005,2.45,0.0787,0.0983,1.0155,Standing
251,W00006,0.0,0.8367,0.0985,0.3188,Resting
252,W00006,0.05,0.8647,0.1291,0.327,Resting
253,W00006,0.1,0.8284,0.1355,0.3596,Resting
254,W00006,0.15,0.8419,0.0631,0.3854,Resting
255,W00006,0.2,0.8588,0.1109,0.3577,Resting
256,W00006,0.25,0.8462,0.1355,0.3484,Resting
257,W00006,0.3,0.8626,0.0853,0.339,Resting
258,W00006,0.35,0.8318,0.101,0.3182,Resting
259,W00006,0.4,0.8235,0.1257,0.3333,Resting
260,W00006,0.45,0.8454,0.0854,0.3681,Resting
261,W00006,0.5,0.8509,0.1039,0.3506,Resting
262,W00006,0.55,0.8487,0.0934,0.366,Resting
263,W00006,0.6,0.8456,0.0557,0.3596,Resting
264,W00006,0.65,0.8099,0.1009,0.322,Resting
265,W00006,0.7,0.8391,0.09,0.372,Resting
266,W00006,0.75,0.8412,0.1119,0.3669,Resting
267,W00006,0.8,0.8716,0.135,0.3173,Resting
268,W00006,0.85,0.8795,0.1065,0.309,Resting
269,W00006,0.9,0.8531,0.0852,0.3463,Resting
270,W00006,0.95,0.813,0.1013,0.3403,Resting
271,W00006,1.0,0.8584,0.0961,0.3457,Resting
272,W00006,1.05,0.8318,0.1123,0.3459,Resting
273,W00006,1.1,0.8509,0.0629,0.3547,Resting
274,W00006,1.15,0.828,0.0681,0.3305,Resting
275,W00006,1.2,0.8664,0.0504,0.31,Resting
276,W00006,1.25,0.8525,0.1032,0.3822,Resting
277,W00006,1.3,0.8318,0.0905,0.335,Resting
278,W00006,1.35,0.8705,0.078,0.361,Resting
279,W00006,1.4,0.7987,0.0761,0.3483,Resting
280,W00006,1.45,0.8211,0.079,0.3177,Resting
281,W00006,1.5,0.8119,0.0718,0.3532,Resting
282,W00006,1.55,0.8432,0.0838,0.3335,Resting
283,W00006,1.6,0.839,0.0803,0.3643,Resting
284,W00006,1.65,0.8004,0.1179,0.3435,Resting
285,W00006,1.7,0.8339,0.0965,0.353,Resting
286,W00006,1.75,0.8491,0.0736,0.3694,Resting
287,W00006,1.8,0.8577,0.0783,0.3213,Resting
288,W00006,1.85,0.7988,0.1139,0.3635,Resting
289,W00006,1.9,0.8109,0.0989,0.3425,Resting
290,W00006,1.95,0.8673,0.0958,0.3444,Resting
291,W00006,2.0,0.8343,0.1043,0.3409,Resting
292,W00006,2.05,0.8301,0.1217,0.3577,Resting
293,W00006,2.1,0.86,0.0656,0.3492,Resting
294,W00006,2.15,0.8546,0.0751,0.3752,Resting
295,W00006,2.2,0.8084,0.0553,0.349,Resting
296,W00006,2.25,0.8396,0.1001,0.3405,Resting
297,W00006,2.3,0.8305,0.0827,0.3679,Resting
298,W00006,2.35,0.8493,0.077,0.3683,Resting
299,W00006,2.4,0.8271,0.0753,0.3683,Resting
300,W00006,2.45,0.8487,0.1045,0.3705,Resting
301,W00007,0.0,0.8872,0.1047,0.3689,Resting
302,W00007,0.05,0.8394,0.1346,0.3262,Resting
303,W00007,0.1,0.8367,0.106,0.3505,Resting
304,W00007,0.15,0.8686,0.0872,0.3397,Resting
305,W00007,0.2,0.8489,0.0725,0.3262,Resting
306,W00007,0.25,0.8368,0.1072,0.3418,Resting
307,W00007,0.3,0.8766,0.115,0.3433,Resting
308,W00007,0.35,0.8571,0.0793,0.3619,Resting
309,W00007,0.4,0.8589,0.0797,0.3679,Resting
310,W00007,0.45,0.8317,0.1021,0.3252,Resting
311,W00007,0.5,0.8523,0.1172,0.3387,Resting
312,W00007,0.55,0.8492,0.0977,0.3571,Resting
313,W00007,0.6,0.8567,0.0827,0.3698,Resting
314,W00007,0.65,0.8636,0.065,0.2974,Resting
315,W00007,0.7,0.8627,0.1326,0.3714,Resting
316,W00007,0.75,0.8433,0.1117,0.3425,Resting
317,W00007,0.8,0.8534,0.0755,0.3763,Resting
318,W00007,0.85,0.8166,0.1177,0.3372,Resting
319,W00007,0.9,0.8523,0.1123,0.329,Resting
320,W00007,0.95,0.8531,0.0876,0.3465,Resting
321,W00007,1.0,0.8317,0.0906,0.369,Resting
322,W00007,1.05,0.8242,0.1111,0.3463,Resting
323,W00007,1.1,0.8388,0.1303,0.2988,Resting
324,W00007,1.15,0.8161,0.1066,0.3597,Resting
325,W00007,1.2,0.8476,0.1098,0.3141,Resting
326,W00007,1.25,0.8472,0.1303,0.3269,Resting
327,W00007,1.3,0.8229,0.0721,0.3235,Resting
328,W00007,1.35,0.8435,0.1013,0.3102,Resting
329,W00007,1.4,0.8646,0.0982,0.3222,Resting
330,W00007,1.45,0.8653,0.1206,0.3278,Resting
331,W00007,1.5,0.8651,0.0741,0.3357,Resting
332,W00007,1.55,0.8428,0.1051,0.3472,Resting
333,W00007,1.6,0.8399,0.0717,0.3419,Resting
334,W00007,1.65,0.8398,0.1116,0.3194,Resting
335,W00007,1.7,0.8604,0.0935,0.3458,Resting
336,W00007,1.75,0.8966,0.0924,0.3693,Resting
337,W00007,1.8,0.8786,0.1202,0.3692,Resting
338,W00007,1.85,0.8832,0.0955,0.3533,Resting
339,W00007,1.9,0.8794,0.1018,0.3634,Resting
340,W00007,1.95,0.8211,0.0985,0.3692,Resting
341,W00007,2.0,0.8503,0.1004,0.379,Resting
342,W00007,2.05,0.8465,0.095,0.3861,Resting
343,W00007,2.1,0.881,0.0865,0.3461,Resting
344,W00007,2.15,0.8905,0.0937,0.3474,Resting
345,W00007,2.2,0.8442,0.0619,0.3825,Resting
346,W00007,2.25,0.8589,0.0991,0.3846,Resting
347,W00007,2.3,0.8699,0.1186,0.3844,Resting
348,W00007,2.35,0.8495,0.0762,0.307,Resting
349,W00007,2.4,0.8471,0.1113,0.3496,Resting
350,W00007,2.45,0.8465,0.0945,0.289,Resting
351,W00008,0.0,-0.1465,-0.052,0.4908,Running
352,W00008,0.05,-0.1072,-0.2228,0.6747,Running
353,W00008,0.1,-0.052,0.1854,0.7175,Running
354,W00008,0.15,0.2234,0.2274,0.8106,Running
355,W00008,0.2,0.3828,0.2794,0.8077,Running
356,W00008,0.25,0.6239,0.2638,1.2184,Running
357,W00008,0.3,0.7246,0.359,1.0317,Running
358,W00008,0.35,0.2845,0.2672,1.0722,Running
359,W00008,0.4,-0.0558,0.1758,0.9987,Running
360,W00008,0.45,-0.2428,-0.0623,1.1437,Running
361,W00008,0.5,-0.3972,0.1381,0.6332,Running
362,W00008,0.55,0.0656,-0.1101,0.7247,Running
363,W00008,0.6,0.1455,0.4097,0.7961,Running
364,W00008,0.65,0.487,-0.1376,1.2122,Running
365,W00008,0.7,0.7707,0.2775,0.9248,Running
366,W00008,0.75,0.2678,0.1495,1.0311,Running
367,W00008,0.8,0.1737,0.3499,0.9827,Running
368,W00008,0.85,-0.1743,-0.1047,0.8274,Running
369,W00008,0.9,-0.1542,0.3169,0.5266,Running
370,W00008,0.95,-0.0616,-0.188,0.7766,Running
371,W00008,1.0,0.0048,0.4224,0.6907,Running
372,W00008,1.05,0.233,0.2987,1.0934,Running
373,W00008,1.1,0.6124,0.3345,1.2098,Running
374,W00008,1.15,0.4202,0.4319,1.3195,Running
375,W00008,1.2,0.4982,0.6527,0.9242,Running
376,W00008,1.25,0.096,0.3562,0.9447,Running
377,W00008,1.3,-0.1177,-0.2249,0.9906,Running
378,W00008,1.35,-0.1848,0.2198,0.8214,Running
379,W00008,1.4,-0.0584,0.0819,0.5647,Running
380,W00008,1.45,0.1408,-0.1162,0.799,Running
381,W00008,1.5,0.2449,0.3547,1.0291,Running
382,W00008,1.55,0.3568,0.1539,0.901,Running
383,W00008,1.6,0.4951,0.3932,1.1284,Running
384,W00008,1.65,0.5659,0.3524,1.19,Running
385,W00008,1.7,0.3138,0.1157,0.9597,Running
386,W00008,1.75,0.1039,0.1995,0.6608,Running
387,W00008,1.8,-0.388,-0.115,0.4618,Running
388,W00008,1.85,-0.1609,0.0797,0.5946,Running
389,W00008,1.9,0.1083,0.0527,0.6927,Running
390,W00008,1.95,0.3507,0.2221,0.8016,Running
391,W00008,2.0,0.4904,0.6292,0.8414,Running
392,W00008,2.05,0.6161,0.3817,1.0979,Running
393,W00008,2.1,0.4818,0.1475,0.8093,Running
394,W00008,2.15,0.0813,0.1861,0.8437,Running
395,W00008,2.2,-0.1561,-0.0204,0.4869,Running
396,W00008,2.25,-0.4208,0.0402,0.8619,Running
397,W00008,2.3,-0.5184,0.0797,0.5973,Running
398,W00008,2.35,0.1551,0.1562,0.8906,Running
399,W00008,2.4,0.1777,0.2709,1.0423,Running
400,W00008,2.45,0.4866,0.2638,1.2464,Running
401,W00009,0.0,0.8569,0.1071,0.322,Resting
402,W00009,0.05,0.8105,0.0482,0.346,Resting
403,W00009,0.1,0.8299,0.0968,0.324,Resting
404,W00009,0.15,0.8559,0.0766,0.3381,Resting
405,W00009,0.2,0.8049,0.0838,0.3438,Resting
406,W00009,0.25,0.8326,0.0773,0.3273,Resting
407,W00009,0.3,0.8522,0.0603,0.3372,Resting
408,W00009,0.35,0.8065,0.1044,0.3357,Resting
409,W00009,0.4,0.8325,0.0421,0.3173,Resting
410,W00009,0.45,0.8418,0.0766,0.3384,Resting
411,W00009,0.5,0.8587,0.0827,0.3296,Resting
412,W00009,0.55,0.8157,0.1201,0.3062,Resting
413,W00009,0.6,0.8638,0.102,0.3362,Resting
414,W00009,0.65,0.8481,0.0718,0.3376,Resting
415,W00009,0.7,0.8664,0.0636,0.3316,Resting
416,W00009,0.75,0.8662,0.1186,0.3028,Resting
417,W00009,0.8,0.8502,0.1115,0.36,Resting
418,W00009,0.85,0.8537,0.1113,0.3586,Resting
419,W00009,0.9,0.8097,0.0551,0.3584,Resting
420,W00009,0.95,0.8181,0.0905,0.3524,Resting
421,W00009,1.0,0.8256,0.1185,0.3213,Resting
422,W00009,1.05,0.8394,0.0697,0.3494,Resting
423,W00009,1.1,0.8657,0.1082,0.329,Resting
424,W00009,1.15,0.8121,0.1067,0.3918,Resting
425,W00009,1.2,0.842,0.1134,0.3383,Resting
426,W00009,1.25,0.8227,0.1212,0.3626,Resting
427,W00009,1.3,0.8186,0.1372,0.3188,Resting
428,W00009,1.35,0.88,0.0986,0.3268,Resting
429,W00009,1.4,0.8532,0.08,0.3403,Resting
430,W00009,1.45,0.8846,0.0852,0.3656,Resting
431,W00009,1.5,0.8763,0.1253,0.3631,Resting
432,W00009,1.55,0.8348,0.0572,0.3585,Resting
433,W00009,1.6,0.8168,0.0839,0.3162,Resting
434,W00009,1.65,0.8959,0.1185,0.3764,Resting
435,W00009,1.7,0.847,0.0904,0.3358,Resting
436,W00009,1.75,0.8328,0.0941,0.3871,Resting
437,W00009,1.8,0.8701,0.1154,0.3926,Resting
438,W00009,1.85,0.8595,0.1039,0.3722,Resting
439,W00009,1.9,0.8439,0.1201,0.3759,Resting
440,W00009,1.95,0.8508,0.103,0.3313,Resting
441,W00009,2.0,0.8614,0.0958,0.4085,Resting
442,W00009,2.05,0.86,0.0936,0.3615,Resting
443,W00009,2.1,0.874,0.0836,0.3775,Resting
444,W00009,2.15,0.8521,0.1083,0.3405,Resting
445,W00009,2.2,0.8526,0.1146,0.3566,Resting
446,W00009,2.25,0.8716,0.0932,0.3343,Resting
447,W00009,2.3,0.866,0.1341,0.3534,Resting
448,W00009,2.35,0.8818,0.0879,0.3586,Resting
449,W00009,2.4,0.8549,0.0937,0.3635,Resting
450,W00009,2.45,0.858,0.0883,0.3863,Resting
451,W00010,0.0,0.0853,0.1252,0.9664,Standing
452,W00010,0.05,0.0449,0.0984,0.9543,Standing
453,W00010,0.1,0.021,0.0951,1.0121,Standing
454,W00010,0.15,-0.0076,0.1177,0.998,Standing
455,W00010,0.2,0.0137,0.1454,0.9625,Standing
456,W00010,0.25,0.0242,0.102,0.9816,Standing
457,W00010,0.3,0.0615,0.0628,1.0073,Standing
458,W00010,0.35,0.0845,0.0896,0.99,Standing
459,W00010,0.4,-0.0055,0.1025,0.9796,Standing
460,W00010,0.45,0.0713,0.054,0.9712,Standing
461,W00010,0.5,0.0336,0.1314,0.9859,Standing
462,W00010,0.55,0.0456,0.0852,0.9757,Standing
463,W00010,0.6,0.1412,0.123,1.0362,Standing
464,W00010,0.65,0.0501,0.1128,0.9442,Standing
465,W00010,0.7,0.0503,0.0966,0.9474,Standing
466,W00010,0.75,0.0914,0.1535,0.9451,Standing
467,W00010,0.8,0.0509,0.0863,0.9543,Standing
468,W00010,0.85,-0.0011,0.0813,0.9558,Standing
469,W00010,0.9,0.0875,0.1086,0.9465,Standing
470,W00010,0.95,0.0414,0.1233,0.9642,Standing
471,W00010,1.0,0.0508,0.0965,0.9443,Standing
472,W00010,1.05,0.0969,0.0657,0.9483,Standing
473,W00010,1.1,0.0395,0.1146,1.0001,Standing
474,W00010,1.15,0.0698,0.111,0.961,Standing
475,W00010,1.2,0.0453,0.1545,0.978,Standing
476,W00010,1.25,0.0402,0.0853,0.96,Standing
477,W00010,1.3,0.0524,0.0983,0.965,Standing
478,W00010,1.35,-0.0191,0.0752,0.9892,Standing
479,W00010,1.4,0.09,0.0483,0.989,Standing
480,W00010,1.45,0.0672,0.0961,0.9617,Standing
481,W00010,1.5,0.0634,0.1206,0.9806,Standing
482,W00010,1.55,0.0871,0.0661,0.9792,Standing
483,W00010,1.6,0.1072,0.0779,0.9728,Standing
484,W00010,1.65,0.0851,0.0645,0.9739,Standing
485,W00010,1.7,0.0299,0.1417,0.9761,Standing
486,W00010,1.75,0.0634,0.0841,0.9699,Standing
487,W00010,1.8,0.0433,0.122,0.9864,Standing
488,W00010,1.85,0.0375,0.0799,0.9679,Standing
489,W00010,1.9,0.0629,0.1092,0.981,Standing
490,W00010,1.95,0.0897,0.0889,0.9588,Standing
491,W00010,2.0,0.0784,0.0377,0.9584,Standing
492,W00010,2.05,0.0701,0.1105,0.9855,Standing
493,W00010,2.1,0.0795,0.1238,0.9954,Standing
494,W00010,2.15,0.0591,0.0448,0.9115,Standing
495,W00010,2.2,0.0435,0.1012,0.9889,Standing
496,W00010,2.25,0.0732,0.0923,0.9815,Standing
497,W00010,2.3,0.0537,0.0715,0.9354,Standing
498,W00010,2.35,0.0791,0.0948,0.9524,Standing
499,W00010,2.4,0.0528,0.0425,0.9833,Standing
500,W00010,2.45,0.0631,0.1065,0.9956,Standing
501,W00011,0.0,0.2682,0.2002,0.9734,Walking
502,W00011,0.05,0.2874,0.1199,1.0713,Walking
503,W00011,0.1,0.351,0.1422,1.0977,Walking
504,W00011,0.15,0.3722,0.412,1.087,Walking
505,W00011,0.2,0.0553,0.2224,1.0578,Walking
506,W00011,0.25,0.2608,0.0905,0.9209,Walking
507,W00011,0.3,-0.0023,0.0689,0.7939,Walking
508,W00011,0.35,-0.0315,-0.0195,0.8753,Walking
509,W00011,0.4,-0.0148,-0.0876,0.941,Walking
510,W00011,0.45,-0.1243,-0.0043,0.9203,Walking
511,W00011,0.5,0.0287,0.0198,0.869,Walking
512,W00011,0.55,0.1635,0.116,1.0006,Walking
513,W00011,0.6,0.1976,0.2241,0.9815,Walking
514,W00011,0.65,0.3092,0.2944,1.0928,Walking
515,W00011,0.7,0.1598,0.3529,1.0258,Walking
516,W00011,0.75,0.1561,0.2922,1.0613,Walking
517,W00011,0.8,0.0779,0.2808,1.1564,Walking
518,W00011,0.85,0.0975,-0.0118,0.9905,Walking
519,W00011,0.9,0.2746,-0.0197,0.9874,Walking
520,W00011,0.95,-0.0596,-0.0374,0.7687,Walking
521,W00011,1.0,-0.095,0.0828,0.774,Walking
522,W00011,1.05,-0.0369,-0.0137,0.8598,Walking
523,W00011,1.1,0.1372,0.2437,0.9671,Walking
524,W00011,1.15,0.2182,0.202,0.9737,Walking
525,W00011,1.2,0.1538,0.1821,1.1273,Walking
526,W00011,1.25,0.3685,0.2314,1.0297,Walking
527,W00011,1.3,0.2717,0.1477,1.1735,Walking
528,W00011,1.35,0.2743,0.2734,1.0994,Walking
529,W00011,1.4,-0.048,0.1073,0.8686,Walking
530,W00011,1.45,-0.1128,0.1959,0.9382,Walking
531,W00011,1.5,-0.015,0.1077,0.8245,Walking
532,W00011,1.55,-0.2331,-0.0543,0.9066,Walking
533,W00011,1.6,-0.0284,0.0816,0.8015,Walking
534,W00011,1.65,0.0439,0.0226,0.92,Walking
535,W00011,1.7,0.1295,0.1027,1.0055,Walking
536,W00011,1.75,0.2421,0.2169,0.8048,Walking
537,W00011,1.8,0.2971,0.387,0.9158,Walking
538,W00011,1.85,0.322,0.413,1.0833,Walking
539,W00011,1.9,0.2092,0.2461,1.0335,Walking
540,W00011,1.95,0.1536,0.1161,1.0679,Walking
541,W00011,2.0,0.2871,0.2587,0.9369,Walking
542,W00011,2.05,0.055,0.026,0.7585,Walking
543,W00011,2.1,-0.0356,0.0366,0.8543,Walking
544,W00011,2.15,-0.0474,-0.0894,0.7718,Walking
545,W00011,2.2,-0.0785,-0.0108,0.8521,Walking
546,W00011,2.25,0.0919,0.236,0.8919,Walking
547,W00011,2.3,0.1557,0.0598,1.0277,Walking
548,W00011,2.35,0.3306,0.2533,0.9386,Walking
549,W00011,2.4,0.2155,0.26,0.9851,Walking
550,W00011,2.45,0.0778,0.0193,0.8823,Walking
551,W00012,0.0,0.2674,0.1948,0.8944,Walking
552,W00012,0.05,0.1236,0.2249,0.9478,Walking
553,W00012,0.1,0.1236,0.0396,0.9935,Walking
554,W00012,0.15,0.1123,0.2274,0.9359,Walking
555,W00012,0.2,0.0705,0.1251,0.9513,Walking
556,W00012,0.25,0.0194,0.0657,1.02,Walking
557,W00012,0.3,-0.0165,-0.0201,0.9388,Walking
558,W00012,0.35,-0.0557,0.0928,0.7567,Walking
559,W00012,0.4,0.1325,0.0125,0.993,Walking
560,W00012,0.45,-0.1729,0.2094,0.9775,Walking
561,W00012,0.5,0.114,0.1246,0.8945,Walking
562,W00012,0.55,0.0456,0.0172,0.9006,Walking
563,W00012,0.6,0.1478,0.2393,0.8585,Walking
564,W00012,0.65,0.4268,0.1785,0.9884,Walking
565,W00012,0.7,0.3575,0.208,1.0359,Walking
566,W00012,0.75,0.217,0.2445,0.9866,Walking
567,W00012,0.8,0.2657,0.2507,1.0213,Walking
568,W00012,0.85,0.1744,0.2622,0.9967,Walking
569,W00012,0.9,0.1842,0.2702,0.9875,Walking
570,W00012,0.95,0.0864,0.2036,0.9251,Walking
571,W00012,1.0,0.0751,0.0643,0.931,Walking
572,W00012,1.05,-0.0649,-0.0275,1.0452,Walking
573,W00012,1.1,-0.0901,-0.0163,0.9835,Walking
574,W00012,1.15,-0.0588,0.0586,0.875,Walking
575,W00012,1.2,-0.0743,0.0973,0.7791,Walking
576,W00012,1.25,0.0371,0.1867,0.7825,Walking
577,W00012,1.3,-0.0702,-0.0355,0.8474,Walking
578,W00012,1.35,0.0736,0.1185,0.9607,Walking
579,W00012,1.4,0.0452,0.1386,0.9415,Walking
580,W00012,1.45,0.1653,0.1678,0.9158,Walking
581,W00012,1.5,0.156,0.2463,0.8867,Walking
582,W00012,1.55,0.2293,0.2379,0.9608,Walking
583,W00012,1.6,0.4523,0.2429,1.0753,Walking
584,W00012,1.65,0.1404,0.2019,0.9985,Walking
585,W00012,1.7,0.2541,0.2594,0.8734,Walking
586,W00012,1.75,0.1039,0.2744,0.9178,Walking
587,W00012,1.8,0.1116,0.2766,0.9906,Walking
588,W00012,1.85,-0.0176,0.0597,0.9529,Walking
589,W00012,1.9,0.0296,-0.0206,0.8815,Walking
590,W00012,1.95,0.0564,0.0164,0.7918,Walking
591,W00012,2.0,-0.0084,-0.0403,0.9175,Walking
592,W00012,2.05,-0.044,0.1148,0.8084,Walking
593,W00012,2.1,0.0804,-0.011,0.8491,Walking
594,W00012,2.15,-0.0171,0.0956,0.8055,Walking
595,W00012,2.2,-0.0139,0.0251,1.0058,Walking
596,W00012,2.25,0.1043,0.1494,1.0325,Walking
597,W00012,2.3,0.1804,0.2329,1.0066,Walking
598,W00012,2.35,0.222,0.3698,1.0621,Walking
599,W00012,2.4,0.1959,0.2073,0.9078,Walking
600,W00012,2.45,0.2868,0.2909,1.071,Walking
601,W00013,0.0,0.4658,0.2722,0.9661,Walking
602,W00013,0.05,0.4345,0.2568,0.9285,Walking
603,W00013,0.1,0.1469,0.2529,0.9158,Walking
604,W00013,0.15,0.0001,0.1417,0.8981,Walking
605,W00013,0.2,0.0732,0.1301,0.8177,Walking
606,W00013,0.25,0.0593,0.0588,0.9037,Walking
607,W00013,0.3,0.0801,0.0665,0.9168,Walking
608,W00013,0.35,-0.009,0.0179,0.9285,Walking
609,W00013,0.4,-0.1011,0.1386,0.851,Walking
610,W00013,0.45,-0.2399,-0.0003,0.9444,Walking
611,W00013,0.5,-0.0177,0.036,0.9566,Walking
612,W00013,0.55,0.0512,0.1737,0.7702,Walking
613,W00013,0.6,0.0146,0.1426,0.8964,Walking
614,W00013,0.65,0.1236,0.1468,0.848,Walking
615,W00013,0.7,0.1793,0.1757,0.899,Walking
616,W00013,0.75,0.1966,0.1102,1.0174,Walking
617,W00013,0.8,0.1621,0.3673,1.011,Walking
618,W00013,0.85,0.3011,0.3188,1.1473,Walking
619,W00013,0.9,0.1578,0.1999,1.1929,Walking
620,W00013,0.95,0.3597,0.1553,1.0515,Walking
621,W00013,1.0,0.1335,0.2395,0.9825,Walking
622,W00013,1.05,0.1892,0.1292,0.9597,Walking
623,W00013,1.1,0.0291,0.2104,0.9408,Walking
624,W00013,1.15,0.0564,0.1616,0.9582,Walking
625,W00013,1.2,-0.044,0.064,0.8283,Walking
626,W00013,1.25,-0.0232,0.0676,0.9153,Walking
627,W00013,1.3,-0.1484,0.1895,0.84,Walking
628,W00013,1.35,-0.2134,-0.0055,0.9452,Walking
629,W00013,1.4,-0.0819,0.0815,0.9809,Walking
630,W00013,1.45,-0.0455,0.1563,1.031,Walking
631,W00013,1.5,-0.0823,0.118,0.906,Walking
632,W00013,1.55,0.045,0.1469,0.8402,Walking
633,W00013,1.6,0.0278,0.2114,0.8428,Walking
634,W00013,1.65,0.2242,0.1889,0.9797,Walking
635,W00013,1.7,0.2238,0.3189,0.9083,Walking
636,W00013,1.75,0.2745,0.2141,0.8993,Walking
637,W00013,1.8,0.4794,0.1525,1.0019,Walking
638,W00013,1.85,0.2605,0.4418,0.9402,Walking
639,W00013,1.9,0.2359,0.1535,1.0542,Walking
640,W00013,1.95,0.2008,0.2288,1.1277,Walking
641,W00013,2.0,0.0773,0.1817,0.9249,Walking
642,W00013,2.05,-0.0204,0.0979,0.9388,Walking
643,W00013,2.1,0.0437,-0.0386,0.7621,Walking
644,W00013,2.15,0.0169,0.1845,0.8843,Walking
645,W00013,2.2,-0.3185,0.17,0.8043,Walking
646,W00013,2.25,-0.0963,0.1189,0.7734,Walking
647,W00013,2.3,-0.0873,0.0784,0.7235,Walking
648,W00013,2.35,-0.0636,0.243,1.0204,Walking
649,W00013,2.4,0.1362,0.0155,0.7898,Walking
650,W00013,2.45,0.0562,0.2026,0.8518,Walking
651,W00014,0.0,0.4396,-0.7751,0.6721,Abnormal Movement
652,W00014,0.05,1.1131,0.3058,1.3411,Abnormal Movement
653,W00014,0.1,0.2159,1.413,0.8751,Abnormal Movement
654,W00014,0.15,-0.4207,0.086,0.3484,Abnormal Movement
655,W00014,0.2,-1.4433,-0.6185,0.0469,Abnormal Movement
656,W00014,0.25,0.8441,0.4176,0.6913,Abnormal Movement
657,W00014,0.3,0.3854,0.3649,0.5853,Abnormal Movement
658,W00014,0.35,0.826,0.3604,0.9414,Abnormal Movement
659,W00014,0.4,-0.9502,-0.2666,1.2731,Abnormal Movement
660,W00014,0.45,0.3903,-0.6063,0.8053,Abnormal Movement
661,W00014,0.5,0.7773,0.1047,1.0711,Abnormal Movement
662,W00014,0.55,0.4202,0.8147,1.2024,Abnormal Movement
663,W00014,0.6,0.2855,0.34,0.8272,Abnormal Movement
664,W00014,0.65,-1.1696,0.4553,0.714,Abnormal Movement
665,W00014,0.7,0.259,-0.4382,0.6243,Abnormal Movement
666,W00014,0.75,0.0152,0.8854,0.1187,Abnormal Movement
667,W00014,0.8,0.633,0.4934,0.2449,Abnormal Movement
668,W00014,0.85,1.1126,0.2114,0.5489,Abnormal Movement
669,W00014,0.9,-0.6319,0.4592,1.0892,Abnormal Movement
670,W00014,0.95,0.1574,0.0659,0.3983,Abnormal Movement
671,W00014,1.0,0.3992,0.5835,-0.2074,Abnormal Movement
672,W00014,1.05,1.0367,0.7079,0.2283,Abnormal Movement
673,W00014,1.1,0.3413,0.3438,1.7046,Abnormal Movement
674,W00014,1.15,0.2367,0.2798,0.0048,Abnormal Movement
675,W00014,1.2,-0.0642,0.7926,0.8557,Abnormal Movement
676,W00014,1.25,1.7339,0.7428,0.9527,Abnormal Movement
677,W00014,1.3,-0.157,0.1601,0.2279,Abnormal Movement
678,W00014,1.35,-0.2164,1.0932,0.0746,Abnormal Movement
679,W00014,1.4,0.0264,-0.0629,0.8172,Abnormal Movement
680,W00014,1.45,0.2057,0.4681,0.4653,Abnormal Movement
681,W00014,1.5,0.8752,0.1818,0.6398,Abnormal Movement
682,W00014,1.55,0.2926,-0.6974,0.9624,Abnormal Movement
683,W00014,1.6,-0.2314,-0.404,0.5272,Abnormal Movement
684,W00014,1.65,-0.7449,0.0355,1.0471,Abnormal Movement
685,W00014,1.7,1.1253,0.6152,0.7263,Abnormal Movement
686,W00014,1.75,1.1977,0.5191,1.006,Abnormal Movement
687,W00014,1.8,0.4538,0.5613,0.6478,Abnormal Movement
688,W00014,1.85,-0.0101,0.3644,0.8392,Abnormal Movement
689,W00014,1.9,0.2312,0.5198,0.9546,Abnormal Movement
690,W00014,1.95,0.2117,0.4433,0.5371,Abnormal Movement
691,W00014,2.0,1.4875,0.5103,1.2439,Abnormal Movement
692,W00014,2.05,0.1814,0.0267,0.265,Abnormal Movement
693,W00014,2.1,0.2107,-0.4804,-0.4658,Abnormal Movement
694,W00014,2.15,1.0195,0.7967,0.7218,Abnormal Movement
695,W00014,2.2,0.8363,-0.0691,1.1577,Abnormal Movement
696,W00014,2.25,0.4407,0.3875,0.6873,Abnormal Movement
697,W00014,2.3,0.2268,0.1513,0.2759,Abnormal Movement
698,W00014,2.35,0.031,-1.0334,0.3279,Abnormal Movement
699,W00014,2.4,0.1639,0.5727,0.558,Abnormal Movement
700,W00014,2.45,1.0421,0.3595,0.0596,Abnormal Movement
701,W00015,0.0,0.0274,0.9373,0.0703,Abnormal Movement
702,W00015,0.05,0.8505,0.3945,1.0816,Abnormal Movement
703,W00015,0.1,0.9168,0.5908,1.1021,Abnormal Movement
704,W00015,0.15,0.549,0.4948,1.0272,Abnormal Movement
705,W00015,0.2,0.4248,0.8752,1.1896,Abnormal Movement
706,W00015,0.25,0.2507,0.5429,0.3724,Abnormal Movement
707,W00015,0.3,-0.2104,0.955,1.7084,Abnormal Movement
708,W00015,0.35,-0.3098,0.9579,0.6049,Abnormal Movement
709,W00015,0.4,-0.2565,0.216,0.2837,Abnormal Movement
710,W00015,0.45,-0.5835,-0.6074,0.0999,Abnormal Movement
711,W00015,0.5,-0.2623,0.066,0.7113,Abnormal Movement
712,W00015,0.55,-0.9059,0.421,0.062,Abnormal Movement
713,W00015,0.6,-0.1554,0.1825,-0.3767,Abnormal Movement
714,W00015,0.65,0.8283,0.1661,-0.0556,Abnormal Movement
715,W00015,0.7,0.2571,0.641,0.3136,Abnormal Movement
716,W00015,0.75,0.1056,0.9953,0.9314,Abnormal Movement
717,W00015,0.8,0.233,-0.6246,1.1084,Abnormal Movement
718,W00015,0.85,0.9714,1.3199,0.0762,Abnormal Movement
719,W00015,0.9,0.9446,0.9878,1.4237,Abnormal Movement
720,W00015,0.95,0.6174,0.7773,0.1107,Abnormal Movement
721,W00015,1.0,0.3628,0.1652,0.2854,Abnormal Movement
722,W00015,1.05,0.7831,0.3346,0.7381,Abnormal Movement
723,W00015,1.1,-0.3392,0.3223,0.606,Abnormal Movement
724,W00015,1.15,-0.4369,-0.7685,0.1387,Abnormal Movement
725,W00015,1.2,-0.5413,0.153,-0.2364,Abnormal Movement
726,W00015,1.25,-2.0539,1.2756,0.1446,Abnormal Movement
727,W00015,1.3,-0.3036,0.5537,0.2623,Abnormal Movement
728,W00015,1.35,-0.6124,0.3433,0.1064,Abnormal Movement
729,W00015,1.4,0.7941,0.1424,0.4084,Abnormal Movement
730,W00015,1.45,0.3124,0.4302,0.9633,Abnormal Movement
731,W00015,1.5,1.1499,0.8431,1.6053,Abnormal Movement
732,W00015,1.55,0.7018,0.7042,1.2822,Abnormal Movement
733,W00015,1.6,0.3547,0.8864,0.1795,Abnormal Movement
734,W00015,1.65,0.7343,0.8618,0.9735,Abnormal Movement
735,W00015,1.7,0.5145,-0.1481,1.0012,Abnormal Movement
736,W00015,1.75,-0.1077,-0.0265,-0.2432,Abnormal Movement
737,W00015,1.8,0.4706,-0.5961,0.3702,Abnormal Movement
738,W00015,1.85,0.3812,-0.4507,0.7408,Abnormal Movement
739,W00015,1.9,0.8243,-0.0243,-0.2214,Abnormal Movement
740,W00015,1.95,-0.5227,-0.9202,-0.4934,Abnormal Movement
741,W00015,2.0,0.3448,-0.6588,0.5261,Abnormal Movement
742,W00015,2.05,0.4179,0.3721,0.5021,Abnormal Movement
743,W00015,2.1,0.1613,-0.0143,0.9769,Abnormal Movement
744,W00015,2.15,-0.0918,0.4033,0.5535,Abnormal Movement
745,W00015,2.2,0.5266,-0.0007,0.8764,Abnormal Movement
746,W00015,2.25,-0.209,0.1682,0.9244,Abnormal Movement
747,W00015,2.3,0.4119,0.5028,0.733,Abnormal Movement
748,W00015,2.35,0.5431,1.2929,-0.0228,Abnormal Movement
749,W00015,2.4,0.4848,0.6117,0.9942,Abnormal Movement
750,W00015,2.45,0.8627,-1.0957,1.1367,Abnormal Movement
751,W00016,0.0,-0.1663,-0.1679,1.0042,Running
752,W00016,0.05,-0.1243,-0.1159,1.0414,Running
753,W00016,0.1,0.7012,0.145,0.7298,Running
754,W00016,0.15,0.7321,0.7125,1.249,Running
755,W00016,0.2,0.3913,0.7589,1.1123,Running
756,W00016,0.25,0.0516,0.4076,0.8479,Running
757,W00016,0.3,-0.1721,0.2046,0.8495,Running
758,W00016,0.35,-0.6072,-0.2362,0.4829,Running
759,W00016,0.4,-0.1612,-0.0778,0.7289,Running
760,W00016,0.45,-0.0757,0.2486,0.8667,Running
761,W00016,0.5,0.1983,0.4432,1.0215,Running
762,W00016,0.55,0.7046,0.8326,1.0503,Running
763,W00016,0.6,0.4331,0.2637,0.7518,Running
764,W00016,0.65,0.1631,0.0994,0.7403,Running
765,W00016,0.7,0.0438,-0.1276,0.4961,Running
766,W00016,0.75,-0.4655,-0.2609,0.8957,Running
767,W00016,0.8,-0.1222,0.1236,0.7204,Running
768,W00016,0.85,0.1678,-0.0152,0.7273,Running
769,W00016,0.9,0.537,0.6964,1.0861,Running
770,W00016,0.95,0.6742,0.7052,0.9659,Running
771,W00016,1.0,0.4965,0.4352,0.9307,Running
772,W00016,1.05,-0.1065,0.3046,0.8162,Running
773,W00016,1.1,-0.2886,0.2285,0.8325,Running
774,W00016,1.15,-0.5064,-0.1034,0.7105,Running
775,W00016,1.2,-0.1542,0.1881,0.9365,Running
776,W00016,1.25,0.6827,0.4312,0.9239,Running
777,W00016,1.3,0.61,0.6436,1.0411,Running
778,W00016,1.35,0.6661,0.4602,0.9235,Running
779,W00016,1.4,0.0615,0.1949,0.6468,Running
780,W00016,1.45,0.0781,0.1045,1.1161,Running
781,W00016,1.5,-0.4284,-0.2287,1.0101,Running
782,W00016,1.55,-0.1303,0.0551,0.7516,Running
783,W00016,1.6,0.0041,0.2888,0.818,Running
784,W00016,1.65,0.336,0.3843,1.0411,Running
785,W00016,1.7,0.5666,0.638,0.8774,Running
786,W00016,1.75,0.5508,0.4945,0.8305,Running
787,W00016,1.8,0.2038,0.192,0.8674,Running
788,W00016,1.85,-0.1114,0.1136,0.7059,Running
789,W00016,1.9,-0.2535,-0.1485,0.7623,Running
790,W00016,1.95,-0.4318,0.015,0.5888,Running
791,W00016,2.0,0.2265,-0.0283,0.9337,Running
792,W00016,2.05,0.6204,0.6045,1.0437,Running
793,W00016,2.1,0.9343,0.3624,0.9407,Running
794,W00016,2.15,0.3087,0.3543,1.1197,Running
795,W00016,2.2,0.1329,0.3632,0.9284,Running
796,W00016,2.25,-0.162,0.1579,0.9391,Running
797,W00016,2.3,-0.463,-0.1949,0.917,Running
798,W00016,2.35,-0.3543,-0.13,0.9846,Running
799,W00016,2.4,0.2223,0.412,0.7651,Running
800,W00016,2.45,0.4056,0.4999,1.0889,Running
801,W00017,0.0,0.8914,0.0868,0.2959,Sleeping
802,W00017,0.05,0.883,0.09,0.2951,Sleeping
803,W00017,0.1,0.8912,0.0727,0.2942,Sleeping
804,W00017,0.15,0.8752,0.0855,0.2898,Sleeping
805,W00017,0.2,0.8721,0.0721,0.2984,Sleeping
806,W00017,0.25,0.8711,0.0832,0.3018,Sleeping
807,W00017,0.3,0.8885,0.082,0.2997,Sleeping
808,W00017,0.35,0.8669,0.0795,0.2879,Sleeping
809,W00017,0.4,0.8685,0.0823,0.306,Sleeping
810,W00017,0.45,0.8715,0.0952,0.3063,Sleeping
811,W00017,0.5,0.8848,0.0781,0.3012,Sleeping
812,W00017,0.55,0.8866,0.0745,0.2927,Sleeping
813,W00017,0.6,0.8767,0.08,0.2939,Sleeping
814,W00017,0.65,0.8896,0.0792,0.3162,Sleeping
815,W00017,0.7,0.886,0.0835,0.3145,Sleeping
816,W00017,0.75,0.8932,0.0779,0.3046,Sleeping
817,W00017,0.8,0.8911,0.0829,0.2935,Sleeping
818,W00017,0.85,0.8782,0.0944,0.3109,Sleeping
819,W00017,0.9,0.8854,0.0748,0.3022,Sleeping
820,W00017,0.95,0.8826,0.0858,0.3142,Sleeping
821,W00017,1.0,0.8877,0.0839,0.2963,Sleeping
822,W00017,1.05,0.8857,0.0891,0.3046,Sleeping
823,W00017,1.1,0.8843,0.0833,0.2992,Sleeping
824,W00017,1.15,0.8899,0.0741,0.3069,Sleeping
825,W00017,1.2,0.8847,0.0914,0.2959,Sleeping
826,W00017,1.25,0.8902,0.0817,0.3083,Sleeping
827,W00017,1.3,0.8847,0.0796,0.2979,Sleeping
828,W00017,1.35,0.8832,0.0848,0.2939,Sleeping
829,W00017,1.4,0.8918,0.0791,0.3055,Sleeping
830,W00017,1.45,0.8921,0.0841,0.3029,Sleeping
831,W00017,1.5,0.8945,0.093,0.2842,Sleeping
832,W00017,1.55,0.8896,0.0828,0.3007,Sleeping
833,W00017,1.6,0.8829,0.0871,0.3019,Sleeping
834,W00017,1.65,0.8862,0.0742,0.3025,Sleeping
835,W00017,1.7,0.8859,0.0755,0.3173,Sleeping
836,W00017,1.75,0.8706,0.0812,0.2959,Sleeping
837,W00017,1.8,0.8757,0.0857,0.3009,Sleeping
838,W00017,1.85,0.8969,0.0878,0.2875,Sleeping
839,W00017,1.9,0.8842,0.0764,0.2895,Sleeping
840,W00017,1.95,0.8619,0.0778,0.2965,Sleeping
841,W00017,2.0,0.8837,0.0938,0.3,Sleeping
842,W00017,2.05,0.8859,0.0758,0.2995,Sleeping
843,W00017,2.1,0.8748,0.0832,0.3061,Sleeping
844,W00017,2.15,0.9027,0.0898,0.3068,Sleeping
845,W00017,2.2,0.8935,0.0891,0.309,Sleeping
846,W00017,2.25,0.891,0.0773,0.2997,Sleeping
847,W00017,2.3,0.8829,0.085,0.3049,Sleeping
848,W00017,2.35,0.8882,0.0731,0.2952,Sleeping
849,W00017,2.4,0.8911,0.0929,0.3038,Sleeping
850,W00017,2.45,0.8881,0.0917,0.3048,Sleeping
851,W00018,0.0,0.204,0.218,0.9077,Walking
852,W00018,0.05,0.0399,0.0956,0.9673,Walking
853,W00018,0.1,-0.1261,0.1373,0.8643,Walking
854,W00018,0.15,-0.0124,-0.051,0.9176,Walking
855,W00018,0.2,-0.0478,0.1019,0.7813,Walking
856,W00018,0.25,0.0553,0.1475,1.0741,Walking
857,W00018,0.3,0.0631,-0.0764,1.0567,Walking
858,W00018,0.35,-0.0054,0.1692,0.9603,Walking
859,W00018,0.4,0.189,0.3428,1.0736,Walking
860,W00018,0.45,0.115,0.1635,0.9714,Walking
861,W00018,0.5,0.1519,0.324,1.1222,Walking
862,W00018,0.55,0.2802,0.2478,1.0242,Walking
863,W00018,0.6,0.2706,0.2931,0.9914,Walking
864,W00018,0.65,0.02,0.1583,0.9094,Walking
865,W00018,0.7,0.1432,0.0831,0.9076,Walking
866,W00018,0.75,-0.0072,0.0675,1.0451,Walking
867,W00018,0.8,-0.074,0.039,0.9717,Walking
868,W00018,0.85,0.009,0.0043,0.9399,Walking
869,W00018,0.9,0.0923,-0.0153,0.8572,Walking
870,W00018,0.95,0.1521,0.1663,0.9569,Walking
871,W00018,1.0,0.1732,0.0696,0.9459,Walking
872,W00018,1.05,0.0209,0.0643,1.0239,Walking
873,W00018,1.1,0.0452,0.1282,1.021,Walking
874,W00018,1.15,0.0538,0.273,0.9507,Walking
875,W00018,1.2,0.3432,0.069,0.9381,Walking
876,W00018,1.25,0.0737,0.2797,0.9036,Walking
877,W00018,1.3,0.1657,0.2706,0.9986,Walking
878,W00018,1.35,0.101,0.2757,0.75,Walking
879,W00018,1.4,0.0266,0.0935,0.963,Walking
880,W00018,1.45,0.0672,0.0224,0.8947,Walking
881,W00018,1.5,-0.135,0.0739,0.8572,Walking
882,W00018,1.55,0.0175,0.0618,0.9703,Walking
883,W00018,1.6,0.0294,0.1667,0.9288,Walking
884,W00018,1.65,-0.0013,0.0955,0.882,Walking
885,W00018,1.7,-0.0168,0.0986,0.881,Walking
886,W00018,1.75,0.1019,0.0711,0.9122,Walking
887,W00018,1.8,0.2056,0.2,1.0029,Walking
888,W00018,1.85,0.1042,0.2476,0.9487,Walking
889,W00018,1.9,-0.0083,0.3417,1.0015,Walking
890,W00018,1.95,0.2267,0.241,0.9843,Walking
891,W00018,2.0,0.1834,0.3083,0.9906,Walking
892,W00018,2.05,-0.0011,0.2568,1.0327,Walking
893,W00018,2.1,0.0373,0.0519,0.8722,Walking
894,W00018,2.15,0.0375,-0.0148,0.8852,Walking
895,W00018,2.2,-0.117,0.0039,0.7139,Walking
896,W00018,2.25,0.0249,0.0341,0.8975,Walking
897,W00018,2.3,0.0281,0.0066,0.9461,Walking
898,W00018,2.35,0.1619,0.1619,1.0407,Walking
899,W00018,2.4,0.0268,0.2038,0.9355,Walking
900,W00018,2.45,0.3075,0.2902,1.1146,Walking
901,W00019,0.0,-0.2222,-0.1552,0.8091,Running
902,W00019,0.05,-0.2209,0.0496,0.5255,Running
903,W00019,0.1,0.243,0.5241,1.278,Running
904,W00019,0.15,0.8791,0.4778,0.9982,Running
905,W00019,0.2,0.4876,0.5225,1.0982,Running
906,W00019,0.25,0.1258,0.4214,0.8036,Running
907,W00019,0.3,-0.3343,-0.1574,0.6331,Running
908,W00019,0.35,-0.2667,-0.1013,0.5984,Running
909,W00019,0.4,-0.1127,0.2193,0.961,Running
910,W00019,0.45,0.4737,0.5965,0.9384,Running
911,W00019,0.5,0.6609,0.5915,0.9116,Running
912,W00019,0.55,0.3491,0.2055,0.8805,Running
913,W00019,0.6,0.0022,-0.0123,0.7675,Running
914,W00019,0.65,-0.3107,0.0302,0.3768,Running
915,W00019,0.7,-0.0602,-0.3039,0.8929,Running
916,W00019,0.75,0.3424,0.2129,0.8656,Running
917,W00019,0.8,0.8622,0.4721,1.211,Running
918,W00019,0.85,0.451,0.5203,1.2572,Running
919,W00019,0.9,0.0557,0.5081,0.9082,Running
920,W00019,0.95,-0.5559,0.1364,0.7798,Running
921,W00019,1.0,-0.4749,0.2664,0.6383,Running
922,W00019,1.05,0.2301,0.1029,0.7737,Running
923,W00019,1.1,0.5565,0.5308,0.7747,Running
924,W00019,1.15,0.3874,0.8136,1.0708,Running
925,W00019,1.2,0.3131,0.1956,0.8794,Running
926,W00019,1.25,-0.2091,-0.0879,0.4087,Running
927,W00019,1.3,-0.5571,-0.4339,0.7193,Running
928,W00019,1.35,-0.0852,0.2898,1.0069,Running
929,W00019,1.4,0.3227,0.2123,1.0393,Running
930,W00019,1.45,0.6774,0.3576,1.2785,Running
931,W00019,1.5,0.6733,0.4634,1.0063,Running
932,W00019,1.55,-0.0364,0.0534,0.7036,Running
933,W00019,1.6,-0.1779,-0.1768,0.7075,Running
934,W00019,1.65,-0.3515,-0.0667,0.6572,Running
935,W00019,1.7,0.0775,0.1631,0.7099,Running
936,W00019,1.75,0.7649,0.7673,1.2175,Running
937,W00019,1.8,0.7177,0.6018,1.1239,Running
938,W00019,1.85,0.2452,0.0744,0.8581,Running
939,W00019,1.9,-0.2028,0.1118,0.7892,Running
940,W00019,1.95,-0.3544,-0.1469,0.6569,Running
941,W00019,2.0,-0.3416,0.0137,0.8771,Running
942,W00019,2.05,0.4752,0.4294,1.2238,Running
943,W00019,2.1,0.6775,0.7219,1.0131,Running
944,W00019,2.15,0.3281,0.1769,0.8644,Running
945,W00019,2.2,-0.0992,0.1402,1.058,Running
946,W00019,2.25,-0.2156,-0.2767,1.0554,Running
947,W00019,2.3,-0.4936,-0.1425,0.6214,Running
948,W00019,2.35,0.4512,0.1107,0.7499,Running
949,W00019,2.4,0.4198,0.6021,0.8871,Running
950,W00019,2.45,0.687,0.6474,1.0965,Running
951,W00020,0.0,0.0794,0.1074,0.9815,Standing
952,W00020,0.05,-0.0022,0.0852,0.9797,Standing
953,W00020,0.1,0.0047,0.1094,1.0213,Standing
954,W00020,0.15,0.0761,0.0792,0.9903,Standing
955,W00020,0.2,0.0516,0.1079,0.9797,Standing
956,W00020,0.25,0.0889,0.1256,0.9709,Standing
957,W00020,0.3,0.0571,0.0398,0.9953,Standing
958,W00020,0.35,0.0623,0.0858,0.9389,Standing
959,W00020,0.4,0.0258,0.0991,0.9593,Standing
960,W00020,0.45,0.0673,0.0386,0.9447,Standing
961,W00020,0.5,0.0193,0.0053,0.9523,Standing
962,W00020,0.55,-0.0048,0.1072,1.0288,Standing
963,W00020,0.6,0.028,0.0801,1.0158,Standing
964,W00020,0.65,0.0365,0.1243,1.0218,Standing
965,W00020,0.7,0.0006,0.102,0.9928,Standing
966,W00020,0.75,0.0353,0.1033,0.9633,Standing
967,W00020,0.8,0.0174,0.0946,0.9683,Standing
968,W00020,0.85,0.0606,0.1094,0.9368,Standing
969,W00020,0.9,0.0839,0.0804,0.9164,Standing
970,W00020,0.95,0.0064,0.0931,0.9961,Standing
971,W00020,1.0,0.0632,0.1328,0.9675,Standing
972,W00020,1.05,0.035,0.1024,0.9747,Standing
973,W00020,1.1,0.0416,0.1256,1.0305,Standing
974,W00020,1.15,0.079,0.1105,1.0106,Standing
975,W00020,1.2,0.0928,0.1008,1.0031,Standing
976,W00020,1.25,0.0644,0.082,0.9533,Standing
977,W00020,1.3,0.0494,0.1357,1.0009,Standing
978,W00020,1.35,0.1169,0.0853,0.9629,Standing
979,W00020,1.4,0.0753,0.1206,0.9603,Standing
980,W00020,1.45,0.0178,0.0622,0.9472,Standing
981,W00020,1.5,0.0642,0.1158,0.9749,Standing
982,W00020,1.55,0.1004,0.118,1.0467,Standing
983,W00020,1.6,0.0594,0.0863,0.9302,Standing
984,W00020,1.65,0.0672,0.0557,0.9699,Standing
985,W00020,1.7,0.0723,0.0979,0.9653,Standing
986,W00020,1.75,0.0082,0.1042,1.0093,Standing
987,W00020,1.8,0.1026,0.0841,0.9646,Standing
988,W00020,1.85,0.0458,0.078,0.9838,Standing
989,W00020,1.9,-0.0007,0.1239,0.97,Standing
990,W00020,1.95,0.083,0.092,0.9368,Standing
991,W00020,2.0,0.036,0.0816,0.9686,Standing
992,W00020,2.05,0.0525,0.118,0.946,Standing
993,W00020,2.1,-0.0401,0.0911,0.9802,Standing
994,W00020,2.15,0.0514,0.0699,1.002,Standing
995,W00020,2.2,0.0673,0.1158,0.9475,Standing
996,W00020,2.25,0.0681,0.0785,0.9732,Standing
997,W00020,2.3,-0.0223,0.1163,0.9401,Standing
998,W00020,2.35,0.0193,0.0685,0.9582,Standing
999,W00020,2.4,0.0439,0.0981,0.9615,Standing
1000,W00020,2.45,0.0339,0.1254,0.997,Standing
1001,W00021,0.0,0.3315,0.3771,0.7878,Running
1002,W00021,0.05,0.329,0.4541,1.1442,Running
1003,W00021,0.1,0.2152,0.1431,1.3145,Running
1004,W00021,0.15,0.3825,0.1309,0.864,Running
1005,W00021,0.2,-0.1742,-0.1124,0.6933,Running
1006,W00021,0.25,-0.2294,-0.2488,0.3186,Running
1007,W00021,0.3,-0.0014,-0.204,0.6755,Running
1008,W00021,0.35,0.1794,0.0747,0.9211,Running
1009,W00021,0.4,0.4818,0.3699,1.0859,Running
1010,W00021,0.45,0.6542,0.5453,1.1699,Running
1011,W00021,0.5,0.0959,0.5283,1.0924,Running
1012,W00021,0.55,0.1726,0.1532,0.6715,Running
1013,W00021,0.6,-0.1388,-0.1077,0.6692,Running
1014,W00021,0.65,0.0288,-0.0526,0.512,Running
1015,W00021,0.7,0.4243,0.1792,1.0605,Running
1016,W00021,0.75,0.6175,0.4425,1.1231,Running
1017,W00021,0.8,0.5779,0.1693,0.8139,Running
1018,W00021,0.85,0.2339,-0.2032,0.9211,Running
1019,W00021,0.9,-0.2093,0.1686,0.5678,Running
1020,W00021,0.95,0.0497,0.003,0.7642,Running
1021,W00021,1.0,-0.0241,-0.0245,0.8246,Running
1022,W00021,1.05,0.1777,0.5871,0.9958,Running
1023,W00021,1.1,0.6184,0.3713,1.3766,Running
1024,W00021,1.15,0.5068,0.3155,1.0419,Running
1025,W00021,1.2,0.1289,0.3717,0.8121,Running
1026,W00021,1.25,-0.1229,-0.2846,0.663,Running
1027,W00021,1.3,-0.1003,0.1926,0.636,Running
1028,W00021,1.35,0.3005,0.171,0.6437,Running
1029,W00021,1.4,0.3065,-0.0368,1.0818,Running
1030,W00021,1.45,0.3024,0.3874,1.1885,Running
1031,W00021,1.5,0.3143,0.2332,0.9803,Running
1032,W00021,1.55,0.1907,0.3565,0.6149,Running
1033,W00021,1.6,-0.174,-0.0184,0.8319,Running
1034,W00021,1.65,-0.2796,0.0777,0.8214,Running
1035,W00021,1.7,0.1403,0.2426,0.9209,Running
1036,W00021,1.75,0.4424,0.4203,1.1605,Running
1037,W00021,1.8,0.461,0.2716,1.4007,Running
1038,W00021,1.85,0.4275,0.3053,1.1056,Running
1039,W00021,1.9,0.0025,0.1609,1.0839,Running
1040,W00021,1.95,-0.2442,0.0221,0.6333,Running
1041,W00021,2.0,-0.2256,-0.0324,0.5114,Running
1042,W00021,2.05,-0.152,0.1916,0.8125,Running
1043,W00021,2.1,0.3979,0.0895,0.9882,Running
1044,W00021,2.15,0.4801,0.3948,1.2166,Running
1045,W00021,2.2,0.2958,0.0631,1.3235,Running
1046,W00021,2.25,0.0931,0.3353,0.8972,Running
1047,W00021,2.3,-0.1443,-0.096,0.8103,Running
1048,W00021,2.35,-0.2796,0.2354,0.9682,Running
1049,W00021,2.4,-0.0221,0.1846,1.0956,Running
1050,W00021,2.45,0.2431,0.3429,1.0635,Running
1051,W00022,0.0,0.06,-0.187,0.4286,Abnormal Movement
1052,W00022,0.05,-0.321,0.6328,0.9245,Abnormal Movement
1053,W00022,0.1,-0.2274,-0.3329,0.7899,Abnormal Movement
1054,W00022,0.15,-0.028,0.285,0.1318,Abnormal Movement
1055,W00022,0.2,0.6875,0.1981,0.6521,Abnormal Movement
1056,W00022,0.25,-0.8199,0.2516,0.5808,Abnormal Movement
1057,W00022,0.3,-0.269,-0.4565,0.1139,Abnormal Movement
1058,W00022,0.35,-0.6409,0.1689,0.4785,Abnormal Movement
1059,W00022,0.4,0.6933,0.3718,0.8816,Abnormal Movement
1060,W00022,0.45,0.2887,0.1086,0.2821,Abnormal Movement
1061,W00022,0.5,0.9972,-0.2698,0.3392,Abnormal Movement
1062,W00022,0.55,0.6123,0.125,1.2456,Abnormal Movement
1063,W00022,0.6,0.7113,-0.068,0.9242,Abnormal Movement
1064,W00022,0.65,1.3469,0.5291,0.6938,Abnormal Movement
1065,W00022,0.7,1.1401,0.8119,0.4181,Abnormal Movement
1066,W00022,0.75,0.4736,0.5182,0.4213,Abnormal Movement
1067,W00022,0.8,1.391,0.5241,1.3242,Abnormal Movement
1068,W00022,0.85,0.7911,0.2564,1.1741,Abnormal Movement
1069,W00022,0.9,0.6914,0.397,0.5473,Abnormal Movement
1070,W00022,0.95,0.3196,-0.5999,0.6202,Abnormal Movement
1071,W00022,1.0,-0.2973,0.2743,0.3352,Abnormal Movement
1072,W00022,1.05,-0.1731,0.6013,0.2741,Abnormal Movement
1073,W00022,1.1,-0.2221,-0.0771,-0.043,Abnormal Movement
1074,W00022,1.15,0.1422,0.4326,0.5486,Abnormal Movement
1075,W00022,1.2,0.522,-0.5965,0.3676,Abnormal Movement
1076,W00022,1.25,-0.1286,0.0677,0.4273,Abnormal Movement
1077,W00022,1.3,-0.1477,-0.0681,-0.0232,Abnormal Movement
1078,W00022,1.35,-1.2207,0.2025,0.5803,Abnormal Movement
1079,W00022,1.4,-0.5719,0.0413,0.7567,Abnormal Movement
1080,W00022,1.45,-0.2589,0.9693,-0.7058,Abnormal Movement
1081,W00022,1.5,-0.7543,-1.4697,0.0084,Abnormal Movement
1082,W00022,1.55,-0.972,-0.6823,-0.1861,Abnormal Movement
1083,W00022,1.6,-0.1853,-0.318,0.1401,Abnormal Movement
1084,W00022,1.65,0.0002,0.0509,-0.2853,Abnormal Movement
1085,W00022,1.7,-0.7644,-0.2554,0.6693,Abnormal Movement
1086,W00022,1.75,0.2195,-0.2354,0.402,Abnormal Movement
1087,W00022,1.8,-0.1474,-0.6044,0.4673,Abnormal Movement
1088,W00022,1.85,0.3824,-0.4671,0.8446,Abnormal Movement
1089,W00022,1.9,-0.0857,-0.2068,1.0157,Abnormal Movement
1090,W00022,1.95,0.7724,0.9113,0.5592,Abnormal Movement
1091,W00022,2.0,0.6046,-0.1033,1.049,Abnormal Movement
1092,W00022,2.05,0.03,1.5421,0.9601,Abnormal Movement
1093,W00022,2.1,1.1,0.8062,0.6935,Abnormal Movement
1094,W00022,2.15,-0.1419,0.2167,0.8611,Abnormal Movement
1095,W00022,2.2,0.4968,0.7306,0.4826,Abnormal Movement
1096,W00022,2.25,1.8154,0.8307,0.6328,Abnormal Movement
1097,W00022,2.3,1.5297,-0.1741,1.5076,Abnormal Movement
1098,W00022,2.35,0.718,-0.3748,1.6937,Abnormal Movement
1099,W00022,2.4,0.9391,1.0051,0.9447,Abnormal Movement
1100,W00022,2.45,0.2086,-0.1153,0.753,Abnormal Movement
1101,W00023,0.0,-0.0396,0.2088,0.9021,Walking
1102,W00023,0.05,-0.0116,0.0821,0.8643,Walking
1103,W00023,0.1,0.0413,0.1303,0.8863,Walking
1104,W00023,0.15,-0.0613,0.0249,0.9015,Walking
1105,W00023,0.2,-0.0486,-0.036,0.8629,Walking
1106,W00023,0.25,0.1556,0.1632,0.962,Walking
1107,W00023,0.3,0.2566,0.236,1.0664,Walking
1108,W00023,0.35,0.274,0.3617,1.0701,Walking
1109,W00023,0.4,0.4633,0.4585,1.2028,Walking
1110,W00023,0.45,0.1732,0.2812,0.9218,Walking
1111,W00023,0.5,0.2022,0.3397,0.9462,Walking
1112,W00023,0.55,0.1112,0.2846,0.9641,Walking
1113,W00023,0.6,0.1522,0.1655,0.9728,Walking
1114,W00023,0.65,0.0437,0.168,0.8457,Walking
1115,W00023,0.7,-0.0287,0.0956,0.8372,Walking
1116,W00023,0.75,-0.0394,0.1685,0.8965,Walking
1117,W00023,0.8,-0.0774,-0.0408,0.8496,Walking
1118,W00023,0.85,-0.0872,-0.122,0.8397,Walking
1119,W00023,0.9,-0.0088,0.1105,0.9625,Walking
1120,W00023,0.95,0.1374,0.2202,0.88,Walking
1121,W00023,1.0,0.1869,0.2781,0.8853,Walking
1122,W00023,1.05,0.2679,0.1892,1.1182,Walking
1123,W00023,1.1,0.3061,0.3041,0.8755,Walking
1124,W00023,1.15,0.2104,0.2146,1.0828,Walking
1125,W00023,1.2,0.2236,0.3074,1.0265,Walking
1126,W00023,1.25,0.1596,0.1611,0.9839,Walking
1127,W00023,1.3,0.1587,0.0905,1.0872,Walking
1128,W00023,1.35,0.0981,0.2036,0.9518,Walking
1129,W00023,1.4,0.0669,-0.0153,0.8566,Walking
1130,W00023,1.45,0.0753,-0.0634,0.7779,Walking
1131,W00023,1.5,-0.0256,0.1058,0.833,Walking
1132,W00023,1.55,-0.0952,0.059,0.7869,Walking
1133,W00023,1.6,-0.0807,-0.1065,0.9035,Walking
1134,W00023,1.65,0.0485,0.2148,1.0942,Walking
1135,W00023,1.7,0.0888,0.0699,0.8781,Walking
1136,W00023,1.75,0.0505,0.1775,1.0648,Walking
1137,W00023,1.8,0.3308,0.2396,1.0573,Walking
1138,W00023,1.85,0.2703,0.4274,1.081,Walking
1139,W00023,1.9,0.2392,0.2616,1.0464,Walking
1140,W00023,1.95,0.1135,0.3132,0.9313,Walking
1141,W00023,2.0,0.1976,0.1913,1.0039,Walking
1142,W00023,2.05,0.2103,0.1963,1.027,Walking
1143,W00023,2.1,0.1404,-0.0044,0.9942,Walking
1144,W00023,2.15,0.0364,0.0699,0.8173,Walking
1145,W00023,2.2,-0.1343,-0.0021,0.8035,Walking
1146,W00023,2.25,-0.0614,-0.0373,0.8233,Walking
1147,W00023,2.3,-0.0338,0.085,0.7743,Walking
1148,W00023,2.35,-0.0024,0.179,1.0254,Walking
1149,W00023,2.4,0.145,0.1794,0.936,Walking
1150,W00023,2.45,0.0926,0.1642,0.9975,Walking
1151,W00024,0.0,0.1161,0.1051,1.0172,Standing
1152,W00024,0.05,0.0583,0.0756,0.9606,Standing
1153,W00024,0.1,0.0908,0.1103,0.9757,Standing
1154,W00024,0.15,0.1086,0.1347,0.9777,Standing
1155,W00024,0.2,0.0767,0.1633,0.9782,Standing
1156,W00024,0.25,0.0823,0.1075,1.0022,Standing
1157,W00024,0.3,0.0768,0.0509,0.9827,Standing
1158,W00024,0.35,0.0878,0.1634,0.9631,Standing
1159,W00024,0.4,0.0733,0.1005,1.0279,Standing
1160,W00024,0.45,0.0677,0.1058,1.0228,Standing
1161,W00024,0.5,0.0533,0.0897,0.9817,Standing
1162,W00024,0.55,0.0313,0.0912,0.9473,Standing
1163,W00024,0.6,0.0295,0.0982,0.9584,Standing
1164,W00024,0.65,0.0207,0.0517,0.9528,Standing
1165,W00024,0.7,0.0432,0.1197,0.9475,Standing
1166,W00024,0.75,0.0751,0.0621,0.9443,Standing
1167,W00024,0.8,0.0075,0.0633,0.9796,Standing
1168,W00024,0.85,0.0177,0.0493,0.9816,Standing
1169,W00024,0.9,0.0078,0.1311,0.9862,Standing
1170,W00024,0.95,0.0373,0.0997,0.9473,Standing
1171,W00024,1.0,0.072,0.0666,0.985,Standing
1172,W00024,1.05,0.0347,0.0811,1.0367,Standing
1173,W00024,1.1,0.0572,0.1174,0.9871,Standing
1174,W00024,1.15,-0.0174,0.1089,0.9708,Standing
1175,W00024,1.2,0.0507,0.0685,1.0647,Standing
1176,W00024,1.25,0.0727,0.1066,0.9955,Standing
1177,W00024,1.3,0.0426,0.0845,0.9695,Standing
1178,W00024,1.35,0.0144,0.117,1.015,Standing
1179,W00024,1.4,0.0778,0.1165,0.9689,Standing
1180,W00024,1.45,0.0613,0.1313,0.9795,Standing
1181,W00024,1.5,0.1178,0.0769,1.0194,Standing
1182,W00024,1.55,0.0455,0.0986,0.9712,Standing
1183,W00024,1.6,0.056,0.1126,0.9442,Standing
1184,W00024,1.65,0.0466,0.167,1.007,Standing
1185,W00024,1.7,0.0577,0.0752,1.0089,Standing
1186,W00024,1.75,-0.0028,0.1624,0.9418,Standing
1187,W00024,1.8,0.088,0.0913,0.9699,Standing
1188,W00024,1.85,0.0632,0.1591,1.0101,Standing
1189,W00024,1.9,0.0344,0.1514,0.9837,Standing
1190,W00024,1.95,0.0279,0.0563,0.9994,Standing
1191,W00024,2.0,0.0521,0.1155,0.9703,Standing
1192,W00024,2.05,0.0463,0.089,0.9546,Standing
1193,W00024,2.1,0.023,0.0977,0.9566,Standing
1194,W00024,2.15,0.0311,0.0941,0.9644,Standing
1195,W00024,2.2,0.0477,0.1087,0.9796,Standing
1196,W00024,2.25,0.0271,0.0524,0.8966,Standing
1197,W00024,2.3,0.0328,0.0996,0.9212,Standing
1198,W00024,2.35,0.0332,0.1048,0.9796,Standing
1199,W00024,2.4,0.0387,0.1429,1.0012,Standing
1200,W00024,2.45,0.0144,0.0823,0.9643,Standing
1201,W00025,0.0,0.1562,0.0757,0.9812,Standing
1202,W00025,0.05,0.0683,0.1591,0.9638,Standing
1203,W00025,0.1,0.0508,0.1151,0.9876,Standing
1204,W00025,0.15,0.0626,0.0642,1.0135,Standing
1205,W00025,0.2,0.1051,0.0747,0.9744,Standing
1206,W00025,0.25,0.0476,0.0922,0.9938,Standing
1207,W00025,0.3,0.068,0.09,0.9676,Standing
1208,W00025,0.35,0.0926,0.1185,1.0044,Standing
1209,W00025,0.4,0.0258,0.13,0.9973,Standing
1210,W00025,0.45,0.0636,0.1328,0.9626,Standing
1211,W00025,0.5,0.004,0.1177,0.9457,Standing
1212,W00025,0.55,0.0511,0.0734,0.9877,Standing
1213,W00025,0.6,0.036,0.1318,0.9314,Standing
1214,W00025,0.65,0.0805,0.1337,0.979,Standing
1215,W00025,0.7,0.0841,0.0403,0.9909,Standing
1216,W00025,0.75,0.0616,0.0791,0.9055,Standing
1217,W00025,0.8,0.0623,0.0844,0.9719,Standing
1218,W00025,0.85,0.0362,0.0713,0.9832,Standing
1219,W00025,0.9,-0.0142,0.1236,0.9862,Standing
1220,W00025,0.95,0.0445,0.1065,0.9456,Standing
1221,W00025,1.0,0.0502,0.0947,0.9822,Standing
1222,W00025,1.05,0.0643,0.0577,0.9831,Standing
1223,W00025,1.1,0.0612,0.0337,0.9862,Standing
1224,W00025,1.15,0.0757,0.067,0.9659,Standing
1225,W00025,1.2,0.0604,0.0707,0.9986,Standing
1226,W00025,1.25,0.042,0.0696,1.0047,Standing
1227,W00025,1.3,0.0831,0.0353,1.034,Standing
1228,W00025,1.35,0.0159,0.0535,0.9842,Standing
1229,W00025,1.4,0.01,0.0868,0.9865,Standing
1230,W00025,1.45,0.0261,0.1104,0.9773,Standing
1231,W00025,1.5,0.0491,0.0864,1.0239,Standing
1232,W00025,1.55,0.0505,0.0963,0.9682,Standing
1233,W00025,1.6,0.0581,0.102,0.9852,Standing
1234,W00025,1.65,0.0586,0.1031,1.0158,Standing
1235,W00025,1.7,0.0543,0.1408,0.9984,Standing
1236,W00025,1.75,0.0257,0.0832,0.9935,Standing
1237,W00025,1.8,0.0522,0.1128,0.9914,Standing
1238,W00025,1.85,0.0227,0.0684,0.9949,Standing
1239,W00025,1.9,0.0686,0.1412,0.9952,Standing
1240,W00025,1.95,0.0119,0.1278,1.0199,Standing
1241,W00025,2.0,0.0604,0.1349,1.0065,Standing
1242,W00025,2.05,0.0501,0.1085,0.95,Standing
1243,W00025,2.1,0.1024,0.1007,0.9563,Standing
1244,W00025,2.15,0.0432,0.0659,1.0123,Standing
1245,W00025,2.2,0.0386,0.1112,1.0236,Standing
1246,W00025,2.25,0.0791,0.1404,0.9844,Standing
1247,W00025,2.3,0.0556,0.0187,0.9615,Standing
1248,W00025,2.35,0.0884,0.1492,1.0163,Standing
1249,W00025,2.4,0.0606,0.073,0.9974,Standing
1250,W00025,2.45,0.0594,0.1097,0.9867,Standing
1251,W00026,0.0,0.8802,0.0872,0.3123,Sleeping
1252,W00026,0.05,0.8805,0.084,0.3124,Sleeping
1253,W00026,0.1,0.8809,0.0901,0.3057,Sleeping
1254,W00026,0.15,0.8963,0.0879,0.3003,Sleeping
1255,W00026,0.2,0.8789,0.098,0.2902,Sleeping
1256,W00026,0.25,0.8803,0.0825,0.311,Sleeping
1257,W00026,0.3,0.8925,0.0822,0.3074,Sleeping
1258,W00026,0.35,0.8793,0.0795,0.2956,Sleeping
1259,W00026,0.4,0.8931,0.0944,0.3025,Sleeping
1260,W00026,0.45,0.8872,0.079,0.2992,Sleeping
1261,W00026,0.5,0.8787,0.086,0.2989,Sleeping
1262,W00026,0.55,0.8781,0.0808,0.3162,Sleeping
1263,W00026,0.6,0.8846,0.0907,0.2995,Sleeping
1264,W00026,0.65,0.882,0.0897,0.3216,Sleeping
1265,W00026,0.7,0.8842,0.0826,0.3012,Sleeping
1266,W00026,0.75,0.8789,0.0884,0.2965,Sleeping
1267,W00026,0.8,0.888,0.0799,0.3032,Sleeping
1268,W00026,0.85,0.8781,0.0824,0.3214,Sleeping
1269,W00026,0.9,0.8796,0.0939,0.3009,Sleeping
1270,W00026,0.95,0.8818,0.0873,0.3062,Sleeping
1271,W00026,1.0,0.8733,0.0728,0.284,Sleeping
1272,W00026,1.05,0.8806,0.0804,0.3067,Sleeping
1273,W00026,1.1,0.8814,0.0769,0.291,Sleeping
1274,W00026,1.15,0.8717,0.0856,0.301,Sleeping
1275,W00026,1.2,0.8689,0.0754,0.3127,Sleeping
1276,W00026,1.25,0.8925,0.0776,0.2998,Sleeping
1277,W00026,1.3,0.8807,0.0901,0.3075,Sleeping
1278,W00026,1.35,0.8816,0.0697,0.3,Sleeping
1279,W00026,1.4,0.8777,0.0914,0.299,Sleeping
1280,W00026,1.45,0.8949,0.0795,0.3039,Sleeping
1281,W00026,1.5,0.8809,0.086,0.3103,Sleeping
1282,W00026,1.55,0.8684,0.0853,0.3024,Sleeping
1283,W00026,1.6,0.8861,0.0721,0.3014,Sleeping
1284,W00026,1.65,0.8746,0.0871,0.2938,Sleeping
1285,W00026,1.7,0.8856,0.0753,0.288,Sleeping
1286,W00026,1.75,0.881,0.083,0.3024,Sleeping
1287,W00026,1.8,0.892,0.0598,0.2999,Sleeping
1288,W00026,1.85,0.8857,0.0904,0.3034,Sleeping
1289,W00026,1.9,0.8789,0.0823,0.3095,Sleeping
1290,W00026,1.95,0.8929,0.0798,0.3077,Sleeping
1291,W00026,2.0,0.9031,0.0874,0.2941,Sleeping
1292,W00026,2.05,0.8774,0.0852,0.3031,Sleeping
1293,W00026,2.1,0.8901,0.0921,0.3032,Sleeping
1294,W00026,2.15,0.8844,0.0815,0.299,Sleeping
1295,W00026,2.2,0.8849,0.0817,0.2829,Sleeping
1296,W00026,2.25,0.8716,0.0867,0.2944,Sleeping
1297,W00026,2.3,0.8736,0.0867,0.3,Sleeping
1298,W00026,2.35,0.8922,0.0822,0.3067,Sleeping
1299,W00026,2.4,0.8822,0.0886,0.2981,Sleeping
1300,W00026,2.45,0.8768,0.0729,0.2894,Sleeping
1301,W00027,0.0,0.5008,0.3896,1.1646,Running
1302,W00027,0.05,0.2771,0.5495,0.6976,Running
1303,W00027,0.1,0.0565,0.4994,0.7967,Running
1304,W00027,0.15,-0.154,0.0804,0.6764,Running
1305,W00027,0.2,-0.4336,-0.0033,0.568,Running
1306,W00027,0.25,0.1877,-0.0003,0.592,Running
1307,W00027,0.3,0.4456,0.4251,0.8339,Running
1308,W00027,0.35,0.404,0.0823,1.0261,Running
1309,W00027,0.4,0.4485,0.4683,1.1933,Running
1310,W00027,0.45,-0.2196,0.2083,0.8868,Running
1311,W00027,0.5,-0.0497,-0.0492,0.7951,Running
1312,W00027,0.55,-0.014,0.2512,0.8802,Running
1313,W00027,0.6,0.282,0.1788,0.9633,Running
1314,W00027,0.65,0.7035,0.1971,1.0944,Running
1315,W00027,0.7,0.2,0.3737,0.9886,Running
1316,W00027,0.75,-0.1298,-0.0578,0.9181,Running
1317,W00027,0.8,-0.117,0.0586,0.7116,Running
1318,W00027,0.85,-0.0193,0.0879,0.8208,Running
1319,W00027,0.9,0.524,0.5068,0.8668,Running
1320,W00027,0.95,0.4186,0.4114,0.9675,Running
1321,W00027,1.0,0.3644,0.5351,1.177,Running
1322,W00027,1.05,0.1987,0.2649,0.7687,Running
1323,W00027,1.1,-0.371,-0.0897,1.1048,Running
1324,W00027,1.15,-0.213,-0.1039,1.1174,Running
1325,W00027,1.2,0.2082,-0.0872,1.0084,Running
1326,W00027,1.25,0.6255,0.3591,1.083,Running
1327,W00027,1.3,0.4575,-0.0876,1.1039,Running
1328,W00027,1.35,0.4241,0.0556,1.0204,Running
1329,W00027,1.4,-0.2955,-0.3209,0.5781,Running
1330,W00027,1.45,-0.0832,-0.0501,0.6718,Running
1331,W00027,1.5,0.0584,0.2897,0.6926,Running
1332,W00027,1.55,0.6352,0.2008,1.0018,Running
1333,W00027,1.6,0.4498,0.2685,1.0851,Running
1334,W00027,1.65,-0.034,0.1548,0.9545,Running
1335,W00027,1.7,-0.0681,0.1068,1.0096,Running
1336,W00027,1.75,-0.0868,-0.1964,0.9309,Running
1337,W00027,1.8,-0.0159,0.1549,0.8333,Running
1338,W00027,1.85,0.1721,0.2854,0.8763,Running
1339,W00027,1.9,0.6773,0.207,0.9588,Running
1340,W00027,1.95,0.2463,0.1183,1.2913,Running
1341,W00027,2.0,-0.1307,0.2822,0.9073,Running
1342,W00027,2.05,-0.1451,0.1282,0.7615,Running
1343,W00027,2.1,-0.0815,0.1615,0.9531,Running
1344,W00027,2.15,0.4185,0.1365,0.7774,Running
1345,W00027,2.2,0.5044,0.3092,1.0854,Running
1346,W00027,2.25,0.4132,0.1077,0.9672,Running
1347,W00027,2.3,0.1611,-0.1231,0.9333,Running
1348,W00027,2.35,-0.323,-0.0454,0.8755,Running
1349,W00027,2.4,-0.1164,-0.0278,0.4238,Running
1350,W00027,2.45,0.2444,0.0305,0.8403,Running
1351,W00028,0.0,0.0215,0.0788,0.9672,Standing
1352,W00028,0.05,0.033,0.0546,0.9661,Standing
1353,W00028,0.1,0.0197,0.1126,0.9684,Standing
1354,W00028,0.15,0.0879,0.116,1.0033,Standing
1355,W00028,0.2,-0.0062,0.0982,0.9502,Standing
1356,W00028,0.25,0.075,0.1204,0.937,Standing
1357,W00028,0.3,0.0822,0.0889,0.9789,Standing
1358,W00028,0.35,0.0,0.1327,0.9726,Standing
1359,W00028,0.4,0.0477,0.1243,1.0001,Standing
1360,W00028,0.45,0.0955,0.0943,0.9739,Standing
1361,W00028,0.5,0.0361,0.081,0.9662,Standing
1362,W00028,0.55,0.0455,0.0942,0.9928,Standing
1363,W00028,0.6,0.0607,0.1343,0.9967,Standing
1364,W00028,0.65,0.1,0.0769,1.0138,Standing
1365,W00028,0.7,0.0772,0.0735,0.9843,Standing
1366,W00028,0.75,0.0358,0.1208,0.927,Standing
1367,W00028,0.8,0.0124,0.0963,0.9788,Standing
1368,W00028,0.85,0.0056,0.0668,0.9792,Standing
1369,W00028,0.9,0.0578,0.0841,0.9746,Standing
1370,W00028,0.95,-0.0203,0.0964,0.9922,Standing
1371,W00028,1.0,0.0244,0.1102,0.9664,Standing
1372,W00028,1.05,0.0567,0.1396,1.0071,Standing
1373,W00028,1.1,0.0004,0.1279,0.9638,Standing
1374,W00028,1.15,0.0246,0.1192,1.0136,Standing
1375,W00028,1.2,0.0292,0.091,0.9375,Standing
1376,W00028,1.25,0.0539,0.0594,0.8996,Standing
1377,W00028,1.3,-0.0099,0.0886,0.9411,Standing
1378,W00028,1.35,0.0325,0.0458,1.0554,Standing
1379,W00028,1.4,0.0292,0.103,0.9624,Standing
1380,W00028,1.45,0.0349,0.129,0.9673,Standing
1381,W00028,1.5,-0.0139,0.1118,0.9795,Standing
1382,W00028,1.55,0.0505,0.0974,0.9594,Standing
1383,W00028,1.6,0.0124,0.0721,0.9812,Standing
1384,W00028,1.65,0.0369,0.1507,0.9782,Standing
1385,W00028,1.7,0.0177,0.1299,1.0379,Standing
1386,W00028,1.75,0.1044,0.0573,1.0133,Standing
1387,W00028,1.8,0.0509,0.1297,0.9869,Standing
1388,W00028,1.85,0.1163,0.1186,1.001,Standing
1389,W00028,1.9,0.0361,0.1049,0.9995,Standing
1390,W00028,1.95,0.049,0.1081,0.95,Standing
1391,W00028,2.0,0.1036,0.1009,1.0171,Standing
1392,W00028,2.05,0.05,0.1362,0.9652,Standing
1393,W00028,2.1,0.0754,0.0975,1.0085,Standing
1394,W00028,2.15,0.0974,0.1128,0.9893,Standing
1395,W00028,2.2,0.0517,0.1145,1.0123,Standing
1396,W00028,2.25,0.042,0.0728,1.0276,Standing
1397,W00028,2.3,0.0538,0.1751,1.0021,Standing
1398,W00028,2.35,0.09,0.1013,0.9692,Standing
1399,W00028,2.4,0.0705,0.1159,0.9734,Standing
1400,W00028,2.45,0.0939,0.0889,0.9988,Standing
1401,W00029,0.0,0.0347,0.1343,0.9847,Standing
1402,W00029,0.05,0.0469,0.1115,1.0145,Standing
1403,W00029,0.1,0.144,0.1,0.9394,Standing
1404,W00029,0.15,0.0794,0.1353,0.9843,Standing
1405,W00029,0.2,0.0281,0.1051,0.946,Standing
1406,W00029,0.25,0.031,0.0764,0.9624,Standing
1407,W00029,0.3,0.077,0.1448,0.956,Standing
1408,W00029,0.35,0.0957,0.0981,1.0262,Standing
1409,W00029,0.4,0.0728,0.1145,0.9857,Standing
1410,W00029,0.45,0.0853,0.0596,0.9788,Standing
1411,W00029,0.5,0.0564,0.0306,0.9709,Standing
1412,W00029,0.55,-0.0013,0.1202,0.9938,Standing
1413,W00029,0.6,0.0238,0.1555,1.0138,Standing
1414,W00029,0.65,0.035,0.0362,0.9891,Standing
1415,W00029,0.7,0.0229,0.0881,0.9924,Standing
1416,W00029,0.75,0.1037,0.1192,0.9863,Standing
1417,W00029,0.8,0.0358,0.1069,0.9228,Standing
1418,W00029,0.85,0.0986,0.1018,0.9301,Standing
1419,W00029,0.9,0.041,0.0979,0.9689,Standing
1420,W00029,0.95,0.078,0.0687,0.9649,Standing
1421,W00029,1.0,0.0453,0.1295,0.9873,Standing
1422,W00029,1.05,0.0634,0.1244,1.003,Standing
1423,W00029,1.1,0.025,0.1055,0.9559,Standing
1424,W00029,1.15,0.0451,0.0247,0.9933,Standing
1425,W00029,1.2,0.048,0.1433,0.9649,Standing
1426,W00029,1.25,0.0559,0.0906,0.9699,Standing
1427,W00029,1.3,0.0584,0.1075,0.9358,Standing
1428,W00029,1.35,0.0504,0.1491,0.9737,Standing
1429,W00029,1.4,0.0789,0.1304,1.0154,Standing
1430,W00029,1.45,0.0665,0.0883,0.9227,Standing
1431,W00029,1.5,0.026,0.1233,0.9665,Standing
1432,W00029,1.55,-0.0384,0.1093,0.9762,Standing
1433,W00029,1.6,0.0339,0.0742,0.9746,Standing
1434,W00029,1.65,0.0087,0.0962,1.0214,Standing
1435,W00029,1.7,0.013,0.0398,0.9963,Standing
1436,W00029,1.75,0.0301,0.0464,0.9685,Standing
1437,W00029,1.8,0.0323,0.1003,1.0093,Standing
1438,W00029,1.85,0.0314,0.1379,0.9614,Standing
1439,W00029,1.9,0.103,0.067,0.9636,Standing
1440,W00029,1.95,0.0343,0.1337,1.0152,Standing
1441,W00029,2.0,0.072,0.1033,1.0305,Standing
1442,W00029,2.05,0.0314,0.154,1.0001,Standing
1443,W00029,2.1,0.091,0.0904,0.9476,Standing
1444,W00029,2.15,0.0903,0.1913,0.9354,Standing
1445,W00029,2.2,0.0334,0.1171,1.0107,Standing
1446,W00029,2.25,0.0886,0.0976,1.0169,Standing
1447,W00029,2.3,0.0478,0.1134,0.962,Standing
1448,W00029,2.35,0.0828,0.0517,1.0271,Standing
1449,W00029,2.4,0.0876,0.1181,0.9698,Standing
1450,W00029,2.45,0.0696,0.0989,0.9411,Standing
1451,W00030,0.0,0.2309,0.3886,1.1146,Abnormal Movement
1452,W00030,0.05,0.1136,0.242,0.8455,Abnormal Movement
1453,W00030,0.1,0.451,0.4468,0.7514,Abnormal Movement
1454,W00030,0.15,0.4484,0.3546,-0.7274,Abnormal Movement
1455,W00030,0.2,-0.3886,0.3416,0.8797,Abnormal Movement
1456,W00030,0.25,0.4946,1.3479,0.2362,Abnormal Movement
1457,W00030,0.3,-0.3251,0.2773,0.7602,Abnormal Movement
1458,W00030,0.35,1.0491,0.4082,0.5125,Abnormal Movement
1459,W00030,0.4,-0.6844,0.5355,-0.0303,Abnormal Movement
1460,W00030,0.45,0.0085,-0.742,-0.0968,Abnormal Movement
1461,W00030,0.5,0.4791,0.0472,0.1069,Abnormal Movement
1462,W00030,0.55,-0.117,0.8002,0.7959,Abnormal Movement
1463,W00030,0.6,0.4049,0.7748,1.1996,Abnormal Movement
1464,W00030,0.65,0.8661,0.8933,0.6129,Abnormal Movement
1465,W00030,0.7,0.5763,-0.0944,0.8167,Abnormal Movement
1466,W00030,0.75,-0.6274,0.9497,0.3609,Abnormal Movement
1467,W00030,0.8,-0.6445,-0.3911,0.9155,Abnormal Movement
1468,W00030,0.85,0.5598,0.3147,0.0826,Abnormal Movement
1469,W00030,0.9,1.3582,0.9459,0.9303,Abnormal Movement
1470,W00030,0.95,0.1093,0.5733,0.7587,Abnormal Movement
1471,W00030,1.0,-0.3159,-0.2179,0.5628,Abnormal Movement
1472,W00030,1.05,0.1506,-0.0685,0.4584,Abnormal Movement
1473,W00030,1.1,-0.1462,0.5413,0.7302,Abnormal Movement
1474,W00030,1.15,-0.0518,0.2626,0.7029,Abnormal Movement
1475,W00030,1.2,0.7636,0.3917,1.0862,Abnormal Movement
1476,W00030,1.25,0.8824,0.8858,0.6778,Abnormal Movement
1477,W00030,1.3,0.5867,1.1003,0.4762,Abnormal Movement
1478,W00030,1.35,-0.2121,-0.3421,0.0318,Abnormal Movement
1479,W00030,1.4,-0.2976,-0.3701,0.8232,Abnormal Movement
1480,W00030,1.45,-0.5244,0.5812,0.9478,Abnormal Movement
1481,W00030,1.5,0.9698,1.6696,1.4109,Abnormal Movement
1482,W00030,1.55,0.9457,0.1409,0.62,Abnormal Movement
1483,W00030,1.6,0.3019,0.492,0.5043,Abnormal Movement
1484,W00030,1.65,-0.2965,-0.5088,1.443,Abnormal Movement
1485,W00030,1.7,-0.2806,-0.5327,0.802,Abnormal Movement
1486,W00030,1.75,0.5774,0.9709,-0.0972,Abnormal Movement
1487,W00030,1.8,0.5121,0.1271,1.1429,Abnormal Movement
1488,W00030,1.85,0.2076,-0.0552,1.0034,Abnormal Movement
1489,W00030,1.9,0.7013,0.8992,0.4729,Abnormal Movement
1490,W00030,1.95,-0.4251,0.1791,0.2339,Abnormal Movement
1491,W00030,2.0,-0.4966,-0.2696,-0.0784,Abnormal Movement
1492,W00030,2.05,0.2549,0.2629,0.2756,Abnormal Movement
1493,W00030,2.1,0.5085,0.6782,0.4389,Abnormal Movement
1494,W00030,2.15,0.7468,1.675,0.3369,Abnormal Movement
1495,W00030,2.2,-0.1265,0.1256,0.4937,Abnormal Movement
1496,W00030,2.25,0.3939,-0.5858,-0.0086,Abnormal Movement
1497,W00030,2.3,-0.9949,-0.1765,0.6133,Abnormal Movement
1498,W00030,2.35,0.5716,-0.3951,0.9358,Abnormal Movement
1499,W00030,2.4,-0.0142,0.2424,0.6839,Abnormal Movement
1500,W00030,2.45,0.4709,0.2693,0.7154,Abnormal Movement
1501,W00031,0.0,0.8445,0.108,0.3623,Resting
1502,W00031,0.05,0.8607,0.1286,0.3718,Resting
1503,W00031,0.1,0.8648,0.1152,0.3955,Resting
1504,W00031,0.15,0.8623,0.0894,0.378,Resting
1505,W00031,0.2,0.8555,0.0798,0.3796,Resting
1506,W00031,0.25,0.8249,0.1039,0.3364,Resting
1507,W00031,0.3,0.8381,0.1173,0.341,Resting
1508,W00031,0.35,0.8709,0.0865,0.3617,Resting
1509,W00031,0.4,0.8904,0.0878,0.3571,Resting
1510,W00031,0.45,0.8872,0.0977,0.3659,Resting
1511,W00031,0.5,0.8439,0.1078,0.3632,Resting
1512,W00031,0.55,0.8622,0.0985,0.3369,Resting
1513,W00031,0.6,0.8707,0.0862,0.357,Resting
1514,W00031,0.65,0.8556,0.1533,0.3559,Resting
1515,W00031,0.7,0.8682,0.1357,0.3276,Resting
1516,W00031,0.75,0.8315,0.1238,0.3672,Resting
1517,W00031,0.8,0.8771,0.0896,0.3914,Resting
1518,W00031,0.85,0.8641,0.1085,0.3303,Resting
1519,W00031,0.9,0.8558,0.1075,0.3554,Resting
1520,W00031,0.95,0.869,0.1187,0.3432,Resting
1521,W00031,1.0,0.8193,0.1052,0.3851,Resting
1522,W00031,1.05,0.8614,0.0962,0.3529,Resting
1523,W00031,1.1,0.8481,0.0825,0.3287,Resting
1524,W00031,1.15,0.8259,0.0975,0.3823,Resting
1525,W00031,1.2,0.8696,0.1038,0.3445,Resting
1526,W00031,1.25,0.8408,0.1067,0.3399,Resting
1527,W00031,1.3,0.8792,0.0994,0.3686,Resting
1528,W00031,1.35,0.833,0.1071,0.3553,Resting
1529,W00031,1.4,0.8518,0.1168,0.3601,Resting
1530,W00031,1.45,0.8649,0.099,0.3214,Resting
1531,W00031,1.5,0.8576,0.1231,0.3491,Resting
1532,W00031,1.55,0.8657,0.1097,0.3385,Resting
1533,W00031,1.6,0.8741,0.1159,0.357,Resting
1534,W00031,1.65,0.8587,0.1307,0.3945,Resting
1535,W00031,1.7,0.8557,0.1171,0.3472,Resting
1536,W00031,1.75,0.8441,0.1376,0.359,Resting
1537,W00031,1.8,0.8528,0.1209,0.3338,Resting
1538,W00031,1.85,0.8513,0.0893,0.3652,Resting
1539,W00031,1.9,0.8819,0.129,0.3326,Resting
1540,W00031,1.95,0.8553,0.1213,0.3492,Resting
1541,W00031,2.0,0.8579,0.1066,0.3515,Resting
1542,W00031,2.05,0.827,0.0755,0.3469,Resting
1543,W00031,2.1,0.8473,0.114,0.3566,Resting
1544,W00031,2.15,0.8988,0.0858,0.3624,Resting
1545,W00031,2.2,0.8814,0.131,0.3526,Resting
1546,W00031,2.25,0.8452,0.071,0.3525,Resting
1547,W00031,2.3,0.8414,0.0973,0.3535,Resting
1548,W00031,2.35,0.8834,0.0612,0.3596,Resting
1549,W00031,2.4,0.8668,0.07,0.358,Resting
1550,W00031,2.45,0.8302,0.074,0.3281,Resting
1551,W00032,0.0,0.8728,0.0723,0.289,Sleeping
1552,W00032,0.05,0.8698,0.089,0.3134,Sleeping
1553,W00032,0.1,0.8769,0.069,0.3079,Sleeping
1554,W00032,0.15,0.8876,0.0884,0.3107,Sleeping
1555,W00032,0.2,0.8743,0.0939,0.3102,Sleeping
1556,W00032,0.25,0.8965,0.0783,0.3032,Sleeping
1557,W00032,0.3,0.8768,0.0702,0.2998,Sleeping
1558,W00032,0.35,0.8748,0.0939,0.296,Sleeping
1559,W00032,0.4,0.8881,0.0827,0.2939,Sleeping
1560,W00032,0.45,0.8805,0.0686,0.3081,Sleeping
1561,W00032,0.5,0.8814,0.0743,0.308,Sleeping
1562,W00032,0.55,0.8746,0.0882,0.3006,Sleeping
1563,W00032,0.6,0.8683,0.074,0.2931,Sleeping
1564,W00032,0.65,0.8965,0.0867,0.2937,Sleeping
1565,W00032,0.7,0.8815,0.0753,0.2965,Sleeping
1566,W00032,0.75,0.8741,0.0805,0.2883,Sleeping
1567,W00032,0.8,0.8867,0.0786,0.3002,Sleeping
1568,W00032,0.85,0.8801,0.0891,0.3086,Sleeping
1569,W00032,0.9,0.8848,0.076,0.2946,Sleeping
1570,W00032,0.95,0.8993,0.0669,0.2943,Sleeping
1571,W00032,1.0,0.8783,0.0937,0.3024,Sleeping
1572,W00032,1.05,0.8837,0.0885,0.302,Sleeping
1573,W00032,1.1,0.8767,0.081,0.3069,Sleeping
1574,W00032,1.15,0.8844,0.0683,0.302,Sleeping
1575,W00032,1.2,0.8917,0.0973,0.2817,Sleeping
1576,W00032,1.25,0.8778,0.0859,0.3117,Sleeping
1577,W00032,1.3,0.891,0.0823,0.3053,Sleeping
1578,W00032,1.35,0.8714,0.068,0.3102,Sleeping
1579,W00032,1.4,0.8875,0.0804,0.3127,Sleeping
1580,W00032,1.45,0.8808,0.0807,0.305,Sleeping
1581,W00032,1.5,0.8845,0.0833,0.3017,Sleeping
1582,W00032,1.55,0.884,0.0886,0.2999,Sleeping
1583,W00032,1.6,0.8866,0.0715,0.3059,Sleeping
1584,W00032,1.65,0.8803,0.072,0.3054,Sleeping
1585,W00032,1.7,0.882,0.0863,0.3095,Sleeping
1586,W00032,1.75,0.8778,0.0849,0.3049,Sleeping
1587,W00032,1.8,0.8824,0.0872,0.296,Sleeping
1588,W00032,1.85,0.883,0.072,0.3083,Sleeping
1589,W00032,1.9,0.8833,0.0848,0.2961,Sleeping
1590,W00032,1.95,0.8843,0.081,0.3023,Sleeping
1591,W00032,2.0,0.885,0.0846,0.3199,Sleeping
1592,W00032,2.05,0.8844,0.0714,0.2899,Sleeping
1593,W00032,2.1,0.8877,0.0889,0.3103,Sleeping
1594,W00032,2.15,0.8911,0.0839,0.3062,Sleeping
1595,W00032,2.2,0.8888,0.0831,0.3039,Sleeping
1596,W00032,2.25,0.8739,0.085,0.2957,Sleeping
1597,W00032,2.3,0.8966,0.0862,0.2861,Sleeping
1598,W00032,2.35,0.8972,0.0812,0.289,Sleeping
1599,W00032,2.4,0.8802,0.1032,0.3079,Sleeping
1600,W00032,2.45,0.879,0.0917,0.3045,Sleeping
1601,W00033,0.0,0.0271,0.0487,0.9722,Standing
1602,W00033,0.05,-0.0051,0.0988,0.9752,Standing
1603,W00033,0.1,0.08,0.0853,0.9633,Standing
1604,W00033,0.15,0.022,0.0801,0.9791,Standing
1605,W00033,0.2,0.0661,0.1331,0.9637,Standing
1606,W00033,0.25,0.0846,0.0913,0.9688,Standing
1607,W00033,0.3,0.0202,0.06,0.971,Standing
1608,W00033,0.35,0.0811,0.1022,0.9993,Standing
1609,W00033,0.4,0.0637,0.1355,0.9636,Standing
1610,W00033,0.45,0.0245,0.1806,0.9488,Standing
1611,W00033,0.5,0.0916,0.1238,0.9424,Standing
1612,W00033,0.55,0.0981,0.1497,0.9565,Standing
1613,W00033,0.6,0.0913,0.1106,0.9687,Standing
1614,W00033,0.65,0.0608,0.0955,0.9722,Standing
1615,W00033,0.7,0.0864,0.0192,0.9648,Standing
1616,W00033,0.75,0.0678,0.0899,0.9955,Standing
1617,W00033,0.8,0.0234,0.1056,0.9514,Standing
1618,W00033,0.85,0.0121,0.0899,1.0418,Standing
1619,W00033,0.9,0.0191,0.0953,0.9564,Standing
1620,W00033,0.95,0.0717,0.0682,0.9879,Standing
1621,W00033,1.0,0.0372,0.0996,0.968,Standing
1622,W00033,1.05,0.0816,0.0292,0.9823,Standing
1623,W00033,1.1,0.0276,0.1006,0.9983,Standing
1624,W00033,1.15,-0.0074,0.0963,0.9907,Standing
1625,W00033,1.2,0.0761,0.0527,0.9262,Standing
1626,W00033,1.25,0.0489,0.0627,0.9846,Standing
1627,W00033,1.3,0.0655,0.0863,0.8938,Standing
1628,W00033,1.35,-0.0112,0.136,1.0167,Standing
1629,W00033,1.4,0.0598,0.0753,1.0142,Standing
1630,W00033,1.45,0.0639,0.0728,0.9634,Standing
1631,W00033,1.5,0.0365,0.0429,0.9946,Standing
1632,W00033,1.55,0.0131,0.0689,0.9701,Standing
1633,W00033,1.6,0.0571,0.0911,1.024,Standing
1634,W00033,1.65,0.0439,0.1195,1.0022,Standing
1635,W00033,1.7,0.041,0.1066,0.9599,Standing
1636,W00033,1.75,0.0808,0.0834,0.9798,Standing
1637,W00033,1.8,0.0704,0.0832,0.9769,Standing
1638,W00033,1.85,0.0781,0.0575,0.9084,Standing
1639,W00033,1.9,0.0569,0.1094,0.9998,Standing
1640,W00033,1.95,0.0552,0.1149,0.9568,Standing
1641,W00033,2.0,0.0518,0.0881,0.9715,Standing
1642,W00033,2.05,0.1353,0.1007,1.0434,Standing
1643,W00033,2.1,0.0477,0.0906,1.0011,Standing
1644,W00033,2.15,0.0608,0.1141,1.0228,Standing
1645,W00033,2.2,0.0572,0.1058,0.958,Standing
1646,W00033,2.25,0.0845,0.106,0.9532,Standing
1647,W00033,2.3,0.0164,0.1343,0.958,Standing
1648,W00033,2.35,0.0568,0.1092,0.9869,Standing
1649,W00033,2.4,-0.0064,0.0538,0.9334,Standing
1650,W00033,2.45,0.1009,0.1155,0.9648,Standing
1651,W00034,0.0,0.2836,0.3161,0.8974,Walking
1652,W00034,0.05,0.2189,0.3147,1.0704,Walking
1653,W00034,0.1,0.1524,0.3012,1.02,Walking
1654,W00034,0.15,0.0892,0.0466,0.9399,Walking
1655,W00034,0.2,0.1627,0.0991,1.0415,Walking
1656,W00034,0.25,0.0866,-0.0955,1.0594,Walking
1657,W00034,0.3,-0.0691,-0.0182,0.8832,Walking
1658,W00034,0.35,-0.0456,0.0903,0.8827,Walking
1659,W00034,0.4,0.0009,0.0124,1.0225,Walking
1660,W00034,0.45,0.0745,0.0847,0.9062,Walking
1661,W00034,0.5,0.0578,0.2295,0.9781,Walking
1662,W00034,0.55,0.2129,0.2365,1.0704,Walking
1663,W00034,0.6,0.2107,0.3751,1.0154,Walking
1664,W00034,0.65,0.1495,0.2513,1.0814,Walking
1665,W00034,0.7,0.1087,0.2772,1.0214,Walking
1666,W00034,0.75,0.1016,0.1675,0.9643,Walking
1667,W00034,0.8,0.0183,0.1733,0.9913,Walking
1668,W00034,0.85,-0.1881,0.212,1.0085,Walking
1669,W00034,0.9,-0.0645,0.2401,0.859,Walking
1670,W00034,0.95,-0.0239,0.0596,0.8463,Walking
1671,W00034,1.0,0.0835,-0.0126,0.9124,Walking
1672,W00034,1.05,0.0814,0.1102,0.8741,Walking
1673,W00034,1.1,0.1603,0.1743,0.9599,Walking
1674,W00034,1.15,0.2522,0.2194,0.9882,Walking
1675,W00034,1.2,0.1803,0.2412,0.99,Walking
1676,W00034,1.25,0.1013,0.2554,0.917,Walking
1677,W00034,1.3,0.1914,0.0998,0.7707,Walking
1678,W00034,1.35,0.0382,0.1254,0.8612,Walking
1679,W00034,1.4,0.0161,0.1337,0.8424,Walking
1680,W00034,1.45,-0.0481,-0.0158,0.8087,Walking
1681,W00034,1.5,0.0369,0.0621,0.8221,Walking
1682,W00034,1.55,0.0152,0.0925,1.0056,Walking
1683,W00034,1.6,0.0581,0.2186,0.9659,Walking
1684,W00034,1.65,0.2843,0.2507,1.2074,Walking
1685,W00034,1.7,0.1831,0.1446,1.1028,Walking
1686,W00034,1.75,0.3688,0.2436,1.1443,Walking
1687,W00034,1.8,0.2054,0.2925,0.9845,Walking
1688,W00034,1.85,0.0753,0.2597,0.9615,Walking
1689,W00034,1.9,0.0098,0.1132,0.9744,Walking
1690,W00034,1.95,0.0468,0.108,1.0992,Walking
1691,W00034,2.0,-0.1629,0.0732,1.0766,Walking
1692,W00034,2.05,-0.0705,-0.0456,1.0371,Walking
1693,W00034,2.1,-0.0357,0.1246,0.913,Walking
1694,W00034,2.15,-0.083,0.0694,0.9643,Walking
1695,W00034,2.2,0.2443,0.2594,0.9826,Walking
1696,W00034,2.25,0.2732,0.0965,1.1246,Walking
1697,W00034,2.3,0.2485,0.2803,0.8601,Walking
1698,W00034,2.35,0.3232,0.3218,1.0264,Walking
1699,W00034,2.4,0.2251,0.1722,1.0717,Walking
1700,W00034,2.45,0.1463,0.1867,0.9582,Walking
1701,W00035,0.0,0.0472,0.3149,0.4388,Abnormal Movement
1702,W00035,0.05,-0.2203,0.4083,-0.4881,Abnormal Movement
1703,W00035,0.1,1.1158,0.721,0.7414,Abnormal Movement
1704,W00035,0.15,0.3161,0.2441,-0.7127,Abnormal Movement
1705,W00035,0.2,-0.4119,-0.6108,0.2011,Abnormal Movement
1706,W00035,0.25,0.0185,-0.0816,0.2717,Abnormal Movement
1707,W00035,0.3,0.3975,0.3666,0.3347,Abnormal Movement
1708,W00035,0.35,0.3212,0.3931,0.3185,Abnormal Movement
1709,W00035,0.4,0.2795,1.378,1.3178,Abnormal Movement
1710,W00035,0.45,1.9526,0.3507,0.863,Abnormal Movement
1711,W00035,0.5,0.3267,0.2661,0.3116,Abnormal Movement
1712,W00035,0.55,-0.1862,-0.4565,0.6867,Abnormal Movement
1713,W00035,0.6,-0.2298,-0.2826,-0.0736,Abnormal Movement
1714,W00035,0.65,-0.2595,-0.4728,0.6154,Abnormal Movement
1715,W00035,0.7,-0.1164,0.1585,0.8327,Abnormal Movement
1716,W00035,0.75,0.6635,0.5976,0.3619,Abnormal Movement
1717,W00035,0.8,0.5051,1.4576,-0.1072,Abnormal Movement
1718,W00035,0.85,0.6135,0.4719,0.24,Abnormal Movement
1719,W00035,0.9,-0.0473,0.8676,-0.1172,Abnormal Movement
1720,W00035,0.95,0.257,-0.4259,0.9187,Abnormal Movement
1721,W00035,1.0,-0.7494,-0.6444,0.7116,Abnormal Movement
1722,W00035,1.05,0.1994,-0.0936,0.7834,Abnormal Movement
1723,W00035,1.1,0.4837,0.0868,1.498,Abnormal Movement
1724,W00035,1.15,0.6769,0.4451,0.2449,Abnormal Movement
1725,W00035,1.2,0.4165,0.0173,0.8819,Abnormal Movement
1726,W00035,1.25,0.0525,-0.1407,0.6145,Abnormal Movement
1727,W00035,1.3,-0.1238,0.22,0.2206,Abnormal Movement
1728,W00035,1.35,-0.2244,-0.2237,0.6223,Abnormal Movement
1729,W00035,1.4,-0.2605,1.0148,1.4552,Abnormal Movement
1730,W00035,1.45,-0.0242,1.115,0.0068,Abnormal Movement
1731,W00035,1.5,0.8696,1.1456,1.1165,Abnormal Movement
1732,W00035,1.55,0.0489,0.4671,0.9929,Abnormal Movement
1733,W00035,1.6,-0.4418,0.529,-0.2209,Abnormal Movement
1734,W00035,1.65,-0.095,-0.3459,0.6335,Abnormal Movement
1735,W00035,1.7,-0.4995,0.437,0.0833,Abnormal Movement
1736,W00035,1.75,0.376,0.8029,1.1005,Abnormal Movement
1737,W00035,1.8,0.5806,1.0175,0.0747,Abnormal Movement
1738,W00035,1.85,-0.0363,0.2432,0.5601,Abnormal Movement
1739,W00035,1.9,1.5536,0.0683,1.0694,Abnormal Movement
1740,W00035,1.95,0.0926,0.4474,0.0906,Abnormal Movement
1741,W00035,2.0,0.0144,-0.607,-0.3116,Abnormal Movement
1742,W00035,2.05,-0.1278,-0.2773,1.1218,Abnormal Movement
1743,W00035,2.1,-0.1648,-0.3093,1.2579,Abnormal Movement
1744,W00035,2.15,1.9399,0.4398,0.9815,Abnormal Movement
1745,W00035,2.2,0.749,0.6794,0.7172,Abnormal Movement
1746,W00035,2.25,-0.283,0.1849,0.6861,Abnormal Movement
1747,W00035,2.3,0.5957,0.3229,0.1405,Abnormal Movement
1748,W00035,2.35,0.0491,-0.0259,0.487,Abnormal Movement
1749,W00035,2.4,-0.6093,-0.3102,0.7409,Abnormal Movement
1750,W00035,2.45,0.1489,-0.2494,0.0148,Abnormal Movement
1751,W00036,0.0,0.0756,0.0994,1.0348,Standing
1752,W00036,0.05,0.033,0.0759,0.9542,Standing
1753,W00036,0.1,0.063,0.125,1.0055,Standing
1754,W00036,0.15,-0.031,0.0974,0.973,Standing
1755,W00036,0.2,0.0805,0.1179,0.9671,Standing
1756,W00036,0.25,-0.0407,0.0661,0.9445,Standing
1757,W00036,0.3,0.0435,0.1459,1.0223,Standing
1758,W00036,0.35,0.0155,0.0919,1.0412,Standing
1759,W00036,0.4,0.0274,0.022,0.9859,Standing
1760,W00036,0.45,-0.0003,0.1145,0.9548,Standing
1761,W00036,0.5,-0.002,0.0796,0.9587,Standing
1762,W00036,0.55,0.0556,0.1096,1.0235,Standing
1763,W00036,0.6,0.0683,0.0986,1.0054,Standing
1764,W00036,0.65,0.0304,0.0685,0.9606,Standing
1765,W00036,0.7,0.0767,0.0493,0.9834,Standing
1766,W00036,0.75,-0.0009,0.0927,1.0228,Standing
1767,W00036,0.8,0.0329,0.1069,1.0078,Standing
1768,W00036,0.85,0.1021,0.0919,0.9737,Standing
1769,W00036,0.9,0.0824,0.1239,0.9884,Standing
1770,W00036,0.95,0.0285,0.1317,1.0028,Standing
1771,W00036,1.0,0.0927,0.1413,0.9812,Standing
1772,W00036,1.05,0.0616,0.1198,1.0072,Standing
1773,W00036,1.1,0.0817,0.0789,0.9416,Standing
1774,W00036,1.15,0.0489,0.0955,1.0256,Standing
1775,W00036,1.2,0.0757,0.1181,1.0064,Standing
1776,W00036,1.25,-0.0052,0.1488,0.9936,Standing
1777,W00036,1.3,0.0365,0.1223,0.916,Standing
1778,W00036,1.35,0.0846,0.1008,1.0356,Standing
1779,W00036,1.4,0.0542,0.1146,0.9541,Standing
1780,W00036,1.45,0.0458,0.1029,1.0122,Standing
1781,W00036,1.5,0.0075,0.0793,1.0311,Standing
1782,W00036,1.55,0.0316,0.1363,1.0372,Standing
1783,W00036,1.6,0.0715,0.1243,0.9702,Standing
1784,W00036,1.65,0.0182,0.0857,0.9734,Standing
1785,W00036,1.7,0.055,0.1209,0.9867,Standing
1786,W00036,1.75,0.048,0.0644,0.9475,Standing
1787,W00036,1.8,0.0688,0.0736,0.9394,Standing
1788,W00036,1.85,0.0068,0.1328,1.0473,Standing
1789,W00036,1.9,0.0221,0.077,0.9879,Standing
1790,W00036,1.95,0.0166,0.0507,0.9816,Standing
1791,W00036,2.0,0.0054,0.0916,0.9468,Standing
1792,W00036,2.05,0.0483,0.0583,1.0023,Standing
1793,W00036,2.1,0.0278,0.1415,0.9776,Standing
1794,W00036,2.15,0.0838,0.1257,0.9683,Standing
1795,W00036,2.2,0.0382,0.1404,0.9776,Standing
1796,W00036,2.25,0.0898,0.1122,0.9531,Standing
1797,W00036,2.3,0.0566,0.0731,1.0174,Standing
1798,W00036,2.35,0.0394,0.0683,0.9343,Standing
1799,W00036,2.4,0.0695,0.0955,0.9825,Standing
1800,W00036,2.45,0.0672,0.0684,1.019,Standing
1801,W00037,0.0,0.8383,0.0647,0.3602,Resting
1802,W00037,0.05,0.8033,0.0801,0.3189,Resting
1803,W00037,0.1,0.8589,0.0685,0.3641,Resting
1804,W00037,0.15,0.8572,0.0666,0.3307,Resting
1805,W00037,0.2,0.8183,0.0791,0.3466,Resting
1806,W00037,0.25,0.8399,0.0693,0.3458,Resting
1807,W00037,0.3,0.8295,0.1055,0.3614,Resting
1808,W00037,0.35,0.8224,0.1148,0.3557,Resting
1809,W00037,0.4,0.8273,0.1301,0.3421,Resting
1810,W00037,0.45,0.8559,0.1338,0.3585,Resting
1811,W00037,0.5,0.8655,0.1392,0.3354,Resting
1812,W00037,0.55,0.8537,0.1101,0.3753,Resting
1813,W00037,0.6,0.8504,0.0609,0.3115,Resting
1814,W00037,0.65,0.8417,0.0857,0.3767,Resting
1815,W00037,0.7,0.8456,0.111,0.3786,Resting
1816,W00037,0.75,0.8866,0.0908,0.3468,Resting
1817,W00037,0.8,0.8411,0.0779,0.3573,Resting
1818,W00037,0.85,0.8417,0.0891,0.3636,Resting
1819,W00037,0.9,0.8519,0.1038,0.3582,Resting
1820,W00037,0.95,0.8162,0.0995,0.351,Resting
1821,W00037,1.0,0.8655,0.0996,0.3671,Resting
1822,W00037,1.05,0.8478,0.075,0.3254,Resting
1823,W00037,1.1,0.845,0.053,0.3531,Resting
1824,W00037,1.15,0.8381,0.0926,0.3453,Resting
1825,W00037,1.2,0.8374,0.0729,0.3647,Resting
1826,W00037,1.25,0.8228,0.0707,0.3418,Resting
1827,W00037,1.3,0.8656,0.0849,0.3209,Resting
1828,W00037,1.35,0.8268,0.0825,0.368,Resting
1829,W00037,1.4,0.8441,0.0869,0.3501,Resting
1830,W00037,1.45,0.8285,0.0768,0.3348,Resting
1831,W00037,1.5,0.857,0.1025,0.3619,Resting
1832,W00037,1.55,0.8341,0.1068,0.3255,Resting
1833,W00037,1.6,0.8956,0.1231,0.3582,Resting
1834,W00037,1.65,0.8416,0.1082,0.3502,Resting
1835,W00037,1.7,0.8769,0.0784,0.3459,Resting
1836,W00037,1.75,0.8318,0.0859,0.399,Resting
1837,W00037,1.8,0.8464,0.0944,0.3636,Resting
1838,W00037,1.85,0.8165,0.089,0.3509,Resting
1839,W00037,1.9,0.8349,0.0827,0.3536,Resting
1840,W00037,1.95,0.8685,0.034,0.3702,Resting
1841,W00037,2.0,0.8703,0.0988,0.3429,Resting
1842,W00037,2.05,0.822,0.0867,0.3792,Resting
1843,W00037,2.1,0.857,0.0945,0.3501,Resting
1844,W00037,2.15,0.8238,0.0979,0.3484,Resting
1845,W00037,2.2,0.8691,0.0929,0.3668,Resting
1846,W00037,2.25,0.8534,0.0936,0.3337,Resting
1847,W00037,2.3,0.8333,0.1186,0.3707,Resting
1848,W00037,2.35,0.8404,0.1117,0.3396,Resting
1849,W00037,2.4,0.889,0.095,0.3653,Resting
1850,W00037,2.45,0.816,0.1082,0.3875,Resting
1851,W00038,0.0,0.0369,0.0484,1.0093,Standing
1852,W00038,0.05,0.1227,0.1164,0.9682,Standing
1853,W00038,0.1,0.0774,0.1333,1.0144,Standing
1854,W00038,0.15,0.0612,0.0813,0.9227,Standing
1855,W00038,0.2,0.0579,0.1507,1.0046,Standing
1856,W00038,0.25,0.128,0.1,1.0231,Standing
1857,W00038,0.3,-0.005,0.1458,0.9634,Standing
1858,W00038,0.35,0.0675,0.0968,1.0054,Standing
1859,W00038,0.4,0.0636,0.095,1.0221,Standing
1860,W00038,0.45,0.0179,0.0875,0.9787,Standing
1861,W00038,0.5,0.095,0.1669,0.9703,Standing
1862,W00038,0.55,0.0668,0.1075,1.0172,Standing
1863,W00038,0.6,0.1622,0.1415,0.941,Standing
1864,W00038,0.65,0.0557,0.0931,0.9651,Standing
1865,W00038,0.7,0.1113,0.1623,0.9833,Standing
1866,W00038,0.75,0.042,0.1079,0.9734,Standing
1867,W00038,0.8,0.095,0.1623,0.9203,Standing
1868,W00038,0.85,0.1172,0.0948,1.0243,Standing
1869,W00038,0.9,0.0819,0.033,0.953,Standing
1870,W00038,0.95,0.0439,0.0909,1.0049,Standing
1871,W00038,1.0,0.0988,0.1019,0.9672,Standing
1872,W00038,1.05,0.0722,0.0806,1.0164,Standing
1873,W00038,1.1,0.0982,0.128,1.0191,Standing
1874,W00038,1.15,0.1448,0.1418,0.9394,Standing
1875,W00038,1.2,0.0295,0.1265,0.9738,Standing
1876,W00038,1.25,0.0906,0.0787,0.9767,Standing
1877,W00038,1.3,0.0833,0.0752,0.9485,Standing
1878,W00038,1.35,0.0718,0.0835,0.9525,Standing
1879,W00038,1.4,0.0819,0.1096,0.9962,Standing
1880,W00038,1.45,0.0028,0.0619,0.9649,Standing
1881,W00038,1.5,0.0291,0.0532,0.9934,Standing
1882,W00038,1.55,0.0513,0.0538,0.9766,Standing
1883,W00038,1.6,0.1099,0.0982,0.9402,Standing
1884,W00038,1.65,0.038,0.1612,1.0005,Standing
1885,W00038,1.7,0.0441,0.0742,0.9534,Standing
1886,W00038,1.75,0.0545,0.0747,0.9441,Standing
1887,W00038,1.8,0.0093,0.0969,0.9471,Standing
1888,W00038,1.85,0.0401,0.1065,0.9682,Standing
1889,W00038,1.9,0.0254,0.0881,0.9957,Standing
1890,W00038,1.95,-0.0171,0.0383,0.9872,Standing
1891,W00038,2.0,-0.029,0.1338,0.9745,Standing
1892,W00038,2.05,0.0364,0.096,0.9848,Standing
1893,W00038,2.1,0.0473,0.1126,0.9642,Standing
1894,W00038,2.15,0.0336,0.038,0.9742,Standing
1895,W00038,2.2,0.01,0.1321,0.9578,Standing
1896,W00038,2.25,0.061,0.0788,0.9632,Standing
1897,W00038,2.3,-0.0117,0.0801,0.938,Standing
1898,W00038,2.35,0.0374,0.0788,0.9103,Standing
1899,W00038,2.4,0.0264,0.0367,0.9876,Standing
1900,W00038,2.45,0.0187,0.0581,0.9925,Standing
1901,W00039,0.0,0.8799,0.0889,0.2943,Sleeping
1902,W00039,0.05,0.8822,0.0852,0.2959,Sleeping
1903,W00039,0.1,0.8677,0.0716,0.3071,Sleeping
1904,W00039,0.15,0.8744,0.074,0.291,Sleeping
1905,W00039,0.2,0.8762,0.0719,0.2997,Sleeping
1906,W00039,0.25,0.8643,0.075,0.3015,Sleeping
1907,W00039,0.3,0.8875,0.055,0.2985,Sleeping
1908,W00039,0.35,0.8666,0.0773,0.2859,Sleeping
1909,W00039,0.4,0.8755,0.0779,0.3147,Sleeping
1910,W00039,0.45,0.8673,0.0763,0.3038,Sleeping
1911,W00039,0.5,0.8753,0.069,0.299,Sleeping
1912,W00039,0.55,0.8719,0.0783,0.2921,Sleeping
1913,W00039,0.6,0.8701,0.0823,0.2952,Sleeping
1914,W00039,0.65,0.8841,0.0796,0.2932,Sleeping
1915,W00039,0.7,0.8734,0.0854,0.2837,Sleeping
1916,W00039,0.75,0.8887,0.0623,0.2961,Sleeping
1917,W00039,0.8,0.8677,0.0768,0.3145,Sleeping
1918,W00039,0.85,0.8729,0.0833,0.2864,Sleeping
1919,W00039,0.9,0.8834,0.0827,0.2945,Sleeping
1920,W00039,0.95,0.8697,0.0863,0.2938,Sleeping
1921,W00039,1.0,0.8853,0.0713,0.2985,Sleeping
1922,W00039,1.05,0.8585,0.0833,0.3112,Sleeping
1923,W00039,1.1,0.8694,0.0838,0.3007,Sleeping
1924,W00039,1.15,0.869,0.0741,0.2997,Sleeping
1925,W00039,1.2,0.8788,0.0658,0.2902,Sleeping
1926,W00039,1.25,0.8819,0.0725,0.3019,Sleeping
1927,W00039,1.3,0.8658,0.0852,0.3116,Sleeping
1928,W00039,1.35,0.8911,0.0744,0.292,Sleeping
1929,W00039,1.4,0.8692,0.0882,0.2932,Sleeping
1930,W00039,1.45,0.8693,0.0695,0.3107,Sleeping
1931,W00039,1.5,0.8858,0.0717,0.2948,Sleeping
1932,W00039,1.55,0.8704,0.086,0.3053,Sleeping
1933,W00039,1.6,0.8797,0.0622,0.3061,Sleeping
1934,W00039,1.65,0.8859,0.0812,0.3058,Sleeping
1935,W00039,1.7,0.8732,0.0779,0.305,Sleeping
1936,W00039,1.75,0.8841,0.0604,0.2986,Sleeping
1937,W00039,1.8,0.8711,0.0734,0.2983,Sleeping
1938,W00039,1.85,0.8787,0.0729,0.2899,Sleeping
1939,W00039,1.9,0.8772,0.084,0.2958,Sleeping
1940,W00039,1.95,0.8895,0.0713,0.308,Sleeping
1941,W00039,2.0,0.8829,0.0767,0.2941,Sleeping
1942,W00039,2.05,0.8725,0.0831,0.3117,Sleeping
1943,W00039,2.1,0.8725,0.0564,0.3121,Sleeping
1944,W00039,2.15,0.884,0.088,0.2969,Sleeping
1945,W00039,2.2,0.8759,0.0677,0.3065,Sleeping
1946,W00039,2.25,0.8878,0.0807,0.2873,Sleeping
1947,W00039,2.3,0.8699,0.0758,0.2881,Sleeping
1948,W00039,2.35,0.8659,0.0782,0.2973,Sleeping
1949,W00039,2.4,0.8819,0.0867,0.311,Sleeping
1950,W00039,2.45,0.8615,0.0706,0.3055,Sleeping
1951,W00040,0.0,0.0709,0.106,0.974,Standing
1952,W00040,0.05,0.0416,0.1064,0.9982,Standing
1953,W00040,0.1,0.0527,0.1055,0.9854,Standing
1954,W00040,0.15,0.0442,0.0318,0.9694,Standing
1955,W00040,0.2,0.0587,0.0596,0.9682,Standing
1956,W00040,0.25,0.0578,0.1372,0.9796,Standing
1957,W00040,0.3,-0.0141,0.165,1.0194,Standing
1958,W00040,0.35,0.044,0.0631,0.9733,Standing
1959,W00040,0.4,0.0932,0.0848,0.974,Standing
1960,W00040,0.45,0.0663,0.058,0.9505,Standing
1961,W00040,0.5,0.0686,0.0923,0.9831,Standing
1962,W00040,0.55,0.0633,0.1628,1.0437,Standing
1963,W00040,0.6,0.0797,0.1129,0.9612,Standing
1964,W00040,0.65,0.0869,0.067,1.007,Standing
1965,W00040,0.7,0.1265,0.1521,0.9737,Standing
1966,W00040,0.75,0.1207,0.1432,1.0142,Standing
1967,W00040,0.8,0.0666,0.0588,0.9563,Standing
1968,W00040,0.85,0.1009,0.0931,0.932,Standing
1969,W00040,0.9,0.0741,0.1049,1.004,Standing
1970,W00040,0.95,0.0376,0.092,0.9743,Standing
1971,W00040,1.0,0.0429,0.1146,0.9586,Standing
1972,W00040,1.05,0.0259,0.0628,0.9587,Standing
1973,W00040,1.1,-0.0261,0.1198,0.9876,Standing
1974,W00040,1.15,0.0301,0.091,0.978,Standing
1975,W00040,1.2,0.017,0.1348,0.9841,Standing
1976,W00040,1.25,-0.0003,0.0717,0.9919,Standing
1977,W00040,1.3,-0.0051,0.1133,0.9972,Standing
1978,W00040,1.35,0.0664,0.1062,0.9521,Standing
1979,W00040,1.4,0.1283,0.0929,0.9767,Standing
1980,W00040,1.45,0.0156,0.1107,0.9655,Standing
1981,W00040,1.5,0.0199,0.082,0.9722,Standing
1982,W00040,1.55,-0.0086,0.0879,1.0058,Standing
1983,W00040,1.6,0.0163,0.1436,1.0426,Standing
1984,W00040,1.65,0.0735,0.0899,0.9665,Standing
1985,W00040,1.7,0.152,0.0989,0.9936,Standing
1986,W00040,1.75,0.0269,0.0848,0.9944,Standing
1987,W00040,1.8,0.0493,0.07,0.9882,Standing
1988,W00040,1.85,0.0904,0.0662,1.0059,Standing
1989,W00040,1.9,0.0845,0.0955,1.0037,Standing
1990,W00040,1.95,0.0945,0.1273,0.9841,Standing
1991,W00040,2.0,0.0779,0.0971,0.9898,Standing
1992,W00040,2.05,0.0853,0.062,1.0218,Standing
1993,W00040,2.1,0.0635,0.0298,0.9798,Standing
1994,W00040,2.15,0.0075,0.1029,1.0167,Standing
1995,W00040,2.2,0.0438,0.1023,1.0087,Standing
1996,W00040,2.25,0.0853,0.1443,0.9941,Standing
1997,W00040,2.3,0.0641,0.0643,0.9377,Standing
1998,W00040,2.35,0.0887,0.1101,0.9191,Standing
1999,W00040,2.4,-0.0107,0.0542,0.9609,Standing
2000,W00040,2.45,-0.0085,0.1173,1.0026,Standing
2001,W00041,0.0,0.0411,0.0693,0.9309,Standing
2002,W00041,0.05,0.0385,0.0932,0.996,Standing
2003,W00041,0.1,0.0362,0.1072,0.9866,Standing
2004,W00041,0.15,0.0454,0.1052,1.0018,Standing
2005,W00041,0.2,-0.0239,0.0681,0.9929,Standing
2006,W00041,0.25,0.028,0.0733,0.9947,Standing
2007,W00041,0.3,0.1004,0.1553,0.909,Standing
2008,W00041,0.35,0.0798,0.1124,0.9156,Standing
2009,W00041,0.4,0.0533,0.0828,0.99,Standing
2010,W00041,0.45,-0.0022,0.1371,1.018,Standing
2011,W00041,0.5,0.057,0.091,0.9954,Standing
2012,W00041,0.55,0.0042,0.1119,1.01,Standing
2013,W00041,0.6,0.0523,0.1374,0.9223,Standing
2014,W00041,0.65,0.0187,0.0753,0.9367,Standing
2015,W00041,0.7,0.077,0.0969,0.9799,Standing
2016,W00041,0.75,0.0772,0.0636,0.9892,Standing
2017,W00041,0.8,0.0551,0.1237,0.9573,Standing
2018,W00041,0.85,0.032,0.0335,0.9375,Standing
2019,W00041,0.9,0.0428,0.0708,0.9821,Standing
2020,W00041,0.95,0.0535,0.1273,1.003,Standing
2021,W00041,1.0,0.081,0.0415,0.9688,Standing
2022,W00041,1.05,0.0571,0.0906,0.9914,Standing
2023,W00041,1.1,0.0731,0.0615,1.0555,Standing
2024,W00041,1.15,0.1352,0.1178,0.9837,Standing
2025,W00041,1.2,0.0834,0.1319,0.9946,Standing
2026,W00041,1.25,0.0113,0.1363,1.0372,Standing
2027,W00041,1.3,0.068,0.0889,0.9791,Standing
2028,W00041,1.35,0.1083,0.0997,0.9592,Standing
2029,W00041,1.4,-0.0364,0.1011,0.9886,Standing
2030,W00041,1.45,0.0206,0.1008,1.0003,Standing
2031,W00041,1.5,0.051,0.1259,1.0109,Standing
2032,W00041,1.55,0.047,0.0893,0.9915,Standing
2033,W00041,1.6,0.0285,0.0908,1.0229,Standing
2034,W00041,1.65,0.0686,0.1056,0.9755,Standing
2035,W00041,1.7,0.0381,0.1084,0.9947,Standing
2036,W00041,1.75,0.0174,0.1163,0.9733,Standing
2037,W00041,1.8,0.0634,0.1106,0.9612,Standing
2038,W00041,1.85,0.0665,0.1284,0.9926,Standing
2039,W00041,1.9,0.0775,0.1038,1.0503,Standing
2040,W00041,1.95,0.0379,0.074,0.9354,Standing
2041,W00041,2.0,0.0532,0.0538,0.9785,Standing
2042,W00041,2.05,0.0532,0.0256,0.9265,Standing
2043,W00041,2.1,0.0023,0.1299,0.9605,Standing
2044,W00041,2.15,0.0514,0.0593,0.9666,Standing
2045,W00041,2.2,0.022,0.032,0.9464,Standing
2046,W00041,2.25,0.0428,0.1122,0.9798,Standing
2047,W00041,2.3,0.0132,0.092,1.0061,Standing
2048,W00041,2.35,0.0574,0.0859,0.9565,Standing
2049,W00041,2.4,0.058,0.0458,0.9415,Standing
2050,W00041,2.45,0.0318,0.0953,0.9551,Standing
2051,W00042,0.0,0.0753,0.0849,0.9277,Standing
2052,W00042,0.05,0.0105,0.0507,0.9456,Standing
2053,W00042,0.1,-0.0088,0.0995,0.9756,Standing
2054,W00042,0.15,0.0398,0.0336,1.0002,Standing
2055,W00042,0.2,0.0656,0.0623,0.9806,Standing
2056,W00042,0.25,0.0444,0.0567,0.9543,Standing
2057,W00042,0.3,0.0269,0.0733,0.9541,Standing
2058,W00042,0.35,0.0183,0.1212,0.9417,Standing
2059,W00042,0.4,0.0275,0.1185,0.9512,Standing
2060,W00042,0.45,0.0288,0.1419,0.9512,Standing
2061,W00042,0.5,0.0173,0.0942,1.0302,Standing
2062,W00042,0.55,-0.0084,0.0915,0.9761,Standing
2063,W00042,0.6,0.0695,0.0645,0.9574,Standing
2064,W00042,0.65,-0.0222,0.1073,0.9633,Standing
2065,W00042,0.7,0.0326,0.108,1.0084,Standing
2066,W00042,0.75,0.015,0.1268,0.946,Standing
2067,W00042,0.8,0.0325,0.1121,0.9564,Standing
2068,W00042,0.85,0.0024,0.0532,0.95,Standing
2069,W00042,0.9,0.0256,0.1164,1.003,Standing
2070,W00042,0.95,0.0216,0.0797,1.004,Standing
2071,W00042,1.0,0.0029,0.1555,0.9721,Standing
2072,W00042,1.05,-0.0045,0.0705,0.9703,Standing
2073,W00042,1.1,0.0518,0.1001,0.9787,Standing
2074,W00042,1.15,0.0709,0.1579,1.0094,Standing
2075,W00042,1.2,0.0382,0.1544,1.0091,Standing
2076,W00042,1.25,0.107,0.1055,1.011,Standing
2077,W00042,1.3,0.0819,0.1253,0.9262,Standing
2078,W00042,1.35,0.0324,0.128,0.9862,Standing
2079,W00042,1.4,0.1068,0.1203,1.0278,Standing
2080,W00042,1.45,0.1031,0.0937,0.991,Standing
2081,W00042,1.5,0.0589,0.0615,1.027,Standing
2082,W00042,1.55,0.1012,0.1373,1.0297,Standing
2083,W00042,1.6,0.067,0.1319,0.9211,Standing
2084,W00042,1.65,0.0568,0.1043,0.9476,Standing
2085,W00042,1.7,0.0512,0.1138,0.9447,Standing
2086,W00042,1.75,0.0749,0.0935,0.9834,Standing
2087,W00042,1.8,0.08,0.0863,0.9536,Standing
2088,W00042,1.85,0.0873,0.0839,1.0308,Standing
2089,W00042,1.9,0.0416,0.1475,0.9208,Standing
2090,W00042,1.95,0.0685,0.091,1.0437,Standing
2091,W00042,2.0,-0.0231,0.1323,1.0058,Standing
2092,W00042,2.05,0.1036,0.0953,0.882,Standing
2093,W00042,2.1,0.0658,0.0982,1.017,Standing
2094,W00042,2.15,0.0772,0.1295,0.9983,Standing
2095,W00042,2.2,0.0543,0.0802,1.0185,Standing
2096,W00042,2.25,0.0389,0.1583,1.0215,Standing
2097,W00042,2.3,0.0408,0.098,1.0185,Standing
2098,W00042,2.35,0.091,0.1111,0.9998,Standing
2099,W00042,2.4,0.1072,0.0897,1.0005,Standing
2100,W00042,2.45,0.046,0.0714,0.9754,Standing
2101,W00043,0.0,0.8777,0.0932,0.3008,Sleeping
2102,W00043,0.05,0.8789,0.0707,0.3096,Sleeping
2103,W00043,0.1,0.8755,0.0698,0.2891,Sleeping
2104,W00043,0.15,0.8714,0.0722,0.2848,Sleeping
2105,W00043,0.2,0.8665,0.0835,0.2893,Sleeping
2106,W00043,0.25,0.8731,0.0836,0.2888,Sleeping
2107,W00043,0.3,0.8692,0.0718,0.3046,Sleeping
2108,W00043,0.35,0.8637,0.0727,0.2954,Sleeping
2109,W00043,0.4,0.8799,0.0761,0.3091,Sleeping
2110,W00043,0.45,0.8876,0.0798,0.3142,Sleeping
2111,W00043,0.5,0.8822,0.0794,0.2954,Sleeping
2112,W00043,0.55,0.8681,0.0832,0.2956,Sleeping
2113,W00043,0.6,0.8737,0.0631,0.295,Sleeping
2114,W00043,0.65,0.8968,0.0858,0.3067,Sleeping
2115,W00043,0.7,0.8833,0.0803,0.31,Sleeping
2116,W00043,0.75,0.8738,0.0543,0.2957,Sleeping
2117,W00043,0.8,0.8814,0.0719,0.3066,Sleeping
2118,W00043,0.85,0.8673,0.0768,0.2842,Sleeping
2119,W00043,0.9,0.8644,0.0759,0.2823,Sleeping
2120,W00043,0.95,0.8669,0.0772,0.304,Sleeping
2121,W00043,1.0,0.8921,0.0772,0.2951,Sleeping
2122,W00043,1.05,0.8744,0.0764,0.3029,Sleeping
2123,W00043,1.1,0.8874,0.0823,0.3024,Sleeping
2124,W00043,1.15,0.886,0.072,0.2973,Sleeping
2125,W00043,1.2,0.8799,0.0895,0.3073,Sleeping
2126,W00043,1.25,0.8755,0.0743,0.2932,Sleeping
2127,W00043,1.3,0.8819,0.0803,0.2909,Sleeping
2128,W00043,1.35,0.8776,0.0807,0.3023,Sleeping
2129,W00043,1.4,0.8632,0.0725,0.289,Sleeping
2130,W00043,1.45,0.8835,0.0769,0.3005,Sleeping
2131,W00043,1.5,0.8773,0.0695,0.3019,Sleeping
2132,W00043,1.55,0.8835,0.0948,0.3005,Sleeping
2133,W00043,1.6,0.8714,0.0861,0.3016,Sleeping
2134,W00043,1.65,0.8661,0.0809,0.3039,Sleeping
2135,W00043,1.7,0.8724,0.0728,0.2985,Sleeping
2136,W00043,1.75,0.871,0.086,0.2884,Sleeping
2137,W00043,1.8,0.887,0.072,0.2949,Sleeping
2138,W00043,1.85,0.862,0.0803,0.3071,Sleeping
2139,W00043,1.9,0.8818,0.088,0.3002,Sleeping
2140,W00043,1.95,0.8761,0.0737,0.2939,Sleeping
2141,W00043,2.0,0.8746,0.0771,0.2978,Sleeping
2142,W00043,2.05,0.8693,0.074,0.3068,Sleeping
2143,W00043,2.1,0.8775,0.0863,0.3013,Sleeping
2144,W00043,2.15,0.8837,0.062,0.2948,Sleeping
2145,W00043,2.2,0.8746,0.0888,0.3035,Sleeping
2146,W00043,2.25,0.8827,0.074,0.281,Sleeping
2147,W00043,2.3,0.8626,0.0882,0.2929,Sleeping
2148,W00043,2.35,0.8686,0.0756,0.2904,Sleeping
2149,W00043,2.4,0.8799,0.075,0.2989,Sleeping
2150,W00043,2.45,0.873,0.078,0.296,Sleeping
2151,W00044,0.0,0.8294,0.1004,0.3727,Resting
2152,W00044,0.05,0.8333,0.0674,0.3734,Resting
2153,W00044,0.1,0.8418,0.0938,0.3852,Resting
2154,W00044,0.15,0.869,0.1124,0.2915,Resting
2155,W00044,0.2,0.8662,0.0661,0.3801,Resting
2156,W00044,0.25,0.8232,0.0803,0.3362,Resting
2157,W00044,0.3,0.8647,0.0957,0.3639,Resting
2158,W00044,0.35,0.8777,0.107,0.3335,Resting
2159,W00044,0.4,0.8497,0.1219,0.3785,Resting
2160,W00044,0.45,0.8465,0.1407,0.347,Resting
2161,W00044,0.5,0.8319,0.0696,0.3571,Resting
2162,W00044,0.55,0.8319,0.1254,0.3417,Resting
2163,W00044,0.6,0.8291,0.1339,0.3439,Resting
2164,W00044,0.65,0.8396,0.0917,0.3074,Resting
2165,W00044,0.7,0.847,0.0808,0.348,Resting
2166,W00044,0.75,0.8715,0.0925,0.3555,Resting
2167,W00044,0.8,0.8058,0.1433,0.3225,Resting
2168,W00044,0.85,0.8589,0.1,0.3332,Resting
2169,W00044,0.9,0.8511,0.0685,0.3715,Resting
2170,W00044,0.95,0.8331,0.0949,0.3729,Resting
2171,W00044,1.0,0.8564,0.0694,0.3209,Resting
2172,W00044,1.05,0.8537,0.1185,0.3422,Resting
2173,W00044,1.1,0.8557,0.0837,0.3791,Resting
2174,W00044,1.15,0.8589,0.1007,0.362,Resting
2175,W00044,1.2,0.8241,0.089,0.3598,Resting
2176,W00044,1.25,0.8572,0.1206,0.373,Resting
2177,W00044,1.3,0.8714,0.0944,0.3592,Resting
2178,W00044,1.35,0.8444,0.109,0.3632,Resting
2179,W00044,1.4,0.8275,0.1065,0.3283,Resting
2180,W00044,1.45,0.8715,0.1301,0.3552,Resting
2181,W00044,1.5,0.8528,0.1296,0.3649,Resting
2182,W00044,1.55,0.8154,0.1377,0.3467,Resting
2183,W00044,1.6,0.893,0.1339,0.374,Resting
2184,W00044,1.65,0.8551,0.1287,0.366,Resting
2185,W00044,1.7,0.8544,0.1152,0.3848,Resting
2186,W00044,1.75,0.8874,0.1015,0.3572,Resting
2187,W00044,1.8,0.8355,0.0898,0.3277,Resting
2188,W00044,1.85,0.8685,0.0975,0.3614,Resting
2189,W00044,1.9,0.8403,0.1026,0.347,Resting
2190,W00044,1.95,0.8572,0.1331,0.3352,Resting
2191,W00044,2.0,0.8716,0.1015,0.339,Resting
2192,W00044,2.05,0.856,0.1111,0.3528,Resting
2193,W00044,2.1,0.8817,0.1224,0.3767,Resting
2194,W00044,2.15,0.8751,0.1037,0.3702,Resting
2195,W00044,2.2,0.8445,0.1137,0.3268,Resting
2196,W00044,2.25,0.8519,0.1036,0.3507,Resting
2197,W00044,2.3,0.8782,0.078,0.3666,Resting
2198,W00044,2.35,0.8524,0.1027,0.3595,Resting
2199,W00044,2.4,0.8281,0.1242,0.3732,Resting
2200,W00044,2.45,0.8892,0.0863,0.3741,Resting
2201,W00045,0.0,0.0801,0.0948,0.9687,Standing
2202,W00045,0.05,0.0395,0.1213,1.0136,Standing
2203,W00045,0.1,0.1302,0.1231,0.9555,Standing
2204,W00045,0.15,0.0516,0.111,0.9906,Standing
2205,W00045,0.2,0.0463,0.106,0.9186,Standing
2206,W00045,0.25,0.1199,0.0849,1.0596,Standing
2207,W00045,0.3,-0.0151,0.0861,0.945,Standing
2208,W00045,0.35,0.1099,0.0644,0.9487,Standing
2209,W00045,0.4,0.0812,0.1453,1.0808,Standing
2210,W00045,0.45,0.0676,0.1118,0.9885,Standing
2211,W00045,0.5,0.0654,0.1199,1.0232,Standing
2212,W00045,0.55,0.055,0.0487,1.0349,Standing
2213,W00045,0.6,0.0571,0.0714,1.0091,Standing
2214,W00045,0.65,0.0596,0.0917,1.0097,Standing
2215,W00045,0.7,0.0399,0.0257,1.0113,Standing
2216,W00045,0.75,0.0659,0.0914,0.9746,Standing
2217,W00045,0.8,0.1093,0.0602,0.9731,Standing
2218,W00045,0.85,0.0562,0.1437,1.0059,Standing
2219,W00045,0.9,0.0382,0.0989,0.9337,Standing
2220,W00045,0.95,0.0537,0.1191,0.9681,Standing
2221,W00045,1.0,0.093,0.096,0.9586,Standing
2222,W00045,1.05,0.0304,0.0691,0.9542,Standing
2223,W00045,1.1,0.0755,0.1088,0.9299,Standing
2224,W00045,1.15,0.0235,0.0648,1.0199,Standing
2225,W00045,1.2,0.0777,0.1027,0.9909,Standing
2226,W00045,1.25,0.0391,0.095,0.9554,Standing
2227,W00045,1.3,0.0415,0.0715,0.9252,Standing
2228,W00045,1.35,-0.0051,0.0331,0.9877,Standing
2229,W00045,1.4,0.0179,0.1106,0.9795,Standing
2230,W00045,1.45,0.0596,0.0733,0.9833,Standing
2231,W00045,1.5,0.1172,0.1383,0.9669,Standing
2232,W00045,1.55,0.0848,0.1101,1.01,Standing
2233,W00045,1.6,0.065,0.131,0.9948,Standing
2234,W00045,1.65,0.0626,0.039,0.9216,Standing
2235,W00045,1.7,0.0683,0.0584,0.9485,Standing
2236,W00045,1.75,0.1157,0.073,0.9128,Standing
2237,W00045,1.8,0.0757,0.1409,0.9717,Standing
2238,W00045,1.85,0.0297,0.0709,1.0283,Standing
2239,W00045,1.9,0.069,0.1227,1.0378,Standing
2240,W00045,1.95,0.0942,0.0873,1.0276,Standing
2241,W00045,2.0,0.0945,0.0847,1.0553,Standing
2242,W00045,2.05,0.1022,0.146,0.9458,Standing
2243,W00045,2.1,0.1217,0.0923,1.0114,Standing
2244,W00045,2.15,0.1093,0.1086,0.9825,Standing
2245,W00045,2.2,0.069,0.1357,0.9725,Standing
2246,W00045,2.25,0.0668,0.0574,0.9329,Standing
2247,W00045,2.3,0.0706,0.1242,1.0177,Standing
2248,W00045,2.35,0.0841,0.109,0.9917,Standing
2249,W00045,2.4,0.0127,0.1315,0.9866,Standing
2250,W00045,2.45,-0.0011,0.1083,0.9978,Standing
2251,W00046,0.0,-0.0243,-0.0077,0.9834,Walking
2252,W00046,0.05,-0.2319,-0.0069,0.7257,Walking
2253,W00046,0.1,0.0543,0.1676,0.8826,Walking
2254,W00046,0.15,0.2313,0.2391,0.9725,Walking
2255,W00046,0.2,0.0745,0.2009,1.0972,Walking
2256,W00046,0.25,0.3636,0.3259,1.0013,Walking
2257,W00046,0.3,0.1527,0.3225,1.0711,Walking
2258,W00046,0.35,0.1854,0.3352,1.0165,Walking
2259,W00046,0.4,0.1378,0.1051,1.0275,Walking
2260,W00046,0.45,-0.0226,0.0184,0.8904,Walking
2261,W00046,0.5,-0.1361,0.1078,0.8643,Walking
2262,W00046,0.55,-0.1398,0.106,0.8802,Walking
2263,W00046,0.6,-0.209,-0.112,0.932,Walking
2264,W00046,0.65,-0.0567,0.092,1.0307,Walking
2265,W00046,0.7,0.1107,0.2796,0.9493,Walking
2266,W00046,0.75,0.0929,0.3142,1.006,Walking
2267,W00046,0.8,0.2643,0.2785,1.1602,Walking
2268,W00046,0.85,0.289,0.3327,1.1899,Walking
2269,W00046,0.9,0.1718,0.4722,1.0615,Walking
2270,W00046,0.95,0.2609,0.2552,0.9383,Walking
2271,W00046,1.0,-0.019,0.0557,1.0575,Walking
2272,W00046,1.05,-0.0355,0.1918,0.9445,Walking
2273,W00046,1.1,-0.1772,0.063,0.6444,Walking
2274,W00046,1.15,-0.0513,-0.0818,0.7416,Walking
2275,W00046,1.2,-0.1342,0.0239,0.9651,Walking
2276,W00046,1.25,0.0891,0.0707,0.9825,Walking
2277,W00046,1.3,0.242,0.212,1.0729,Walking
2278,W00046,1.35,0.2135,0.2554,0.9603,Walking
2279,W00046,1.4,0.2756,0.1799,0.9887,Walking
2280,W00046,1.45,0.2435,0.2416,1.0562,Walking
2281,W00046,1.5,0.1249,0.1997,1.0225,Walking
2282,W00046,1.55,0.0293,0.0575,1.1452,Walking
2283,W00046,1.6,0.0775,0.2384,0.8987,Walking
2284,W00046,1.65,-0.0993,0.1516,0.8767,Walking
2285,W00046,1.7,-0.0391,0.032,0.7734,Walking
2286,W00046,1.75,-0.0206,0.0232,0.9125,Walking
2287,W00046,1.8,0.1828,0.0071,0.9391,Walking
2288,W00046,1.85,0.1459,0.2999,0.9326,Walking
2289,W00046,1.9,0.1355,0.3483,1.0579,Walking
2290,W00046,1.95,0.3617,0.0725,1.099,Walking
2291,W00046,2.0,0.2646,0.298,1.0815,Walking
2292,W00046,2.05,0.0225,0.1435,1.1416,Walking
2293,W00046,2.1,0.0369,0.0596,0.969,Walking
2294,W00046,2.15,-0.0621,0.1442,0.9172,Walking
2295,W00046,2.2,-0.0914,0.0595,0.8794,Walking
2296,W00046,2.25,-0.0734,0.1097,0.7947,Walking
2297,W00046,2.3,-0.1657,0.0823,0.7618,Walking
2298,W00046,2.35,-0.0804,0.1147,0.7431,Walking
2299,W00046,2.4,0.2263,0.2961,0.964,Walking
2300,W00046,2.45,0.345,0.1433,1.1182,Walking
2301,W00047,0.0,0.0201,0.1851,0.903,Walking
2302,W00047,0.05,-0.0284,-0.0364,0.9133,Walking
2303,W00047,0.1,-0.0818,0.0538,0.772,Walking
2304,W00047,0.15,-0.0752,0.0757,0.8093,Walking
2305,W00047,0.2,0.0019,0.0863,0.9376,Walking
2306,W00047,0.25,-0.1321,-0.08,0.8255,Walking
2307,W00047,0.3,-0.0622,0.1141,0.7951,Walking
2308,W00047,0.35,-0.1273,0.031,0.9672,Walking
2309,W00047,0.4,0.0839,0.119,1.0766,Walking
2310,W00047,0.45,0.2284,0.0988,1.1068,Walking
2311,W00047,0.5,0.2217,0.1161,1.268,Walking
2312,W00047,0.55,0.284,0.1316,1.0741,Walking
2313,W00047,0.6,0.2353,0.2488,1.043,Walking
2314,W00047,0.65,0.3439,0.1814,1.1207,Walking
2315,W00047,0.7,0.1866,0.3383,1.0684,Walking
2316,W00047,0.75,0.2303,0.1724,1.032,Walking
2317,W00047,0.8,0.0254,0.3556,0.9838,Walking
2318,W00047,0.85,0.1154,0.1455,0.978,Walking
2319,W00047,0.9,0.154,0.0738,0.9482,Walking
2320,W00047,0.95,-0.013,0.1414,0.9081,Walking
2321,W00047,1.0,0.0047,0.0982,0.9459,Walking
2322,W00047,1.05,-0.0298,0.1063,0.7037,Walking
2323,W00047,1.1,-0.1747,-0.0166,0.889,Walking
2324,W00047,1.15,0.0394,0.0069,0.8346,Walking
2325,W00047,1.2,-0.1959,0.0083,0.867,Walking
2326,W00047,1.25,-0.0752,-0.0271,1.073,Walking
2327,W00047,1.3,-0.027,0.0945,0.975,Walking
2328,W00047,1.35,0.1904,0.1724,0.8569,Walking
2329,W00047,1.4,0.133,0.1622,1.0668,Walking
2330,W00047,1.45,0.2718,0.2567,1.0286,Walking
2331,W00047,1.5,0.2708,0.1254,0.9775,Walking
2332,W00047,1.55,0.2416,0.2511,1.1173,Walking
2333,W00047,1.6,0.2779,0.323,1.0572,Walking
2334,W00047,1.65,0.2843,0.3137,1.0954,Walking
2335,W00047,1.7,0.1776,0.181,1.1286,Walking
2336,W00047,1.75,0.2617,0.2112,1.1169,Walking
2337,W00047,1.8,0.1852,0.235,0.8884,Walking
2338,W00047,1.85,0.0729,0.1522,0.8814,Walking
2339,W00047,1.9,0.0633,0.0012,0.7929,Walking
2340,W00047,1.95,-0.2011,0.1531,0.8488,Walking
2341,W00047,2.0,-0.0393,0.1542,0.8565,Walking
2342,W00047,2.05,0.0447,0.0825,0.9102,Walking
2343,W00047,2.1,-0.0973,-0.0358,0.8512,Walking
2344,W00047,2.15,0.012,-0.0789,0.7842,Walking
2345,W00047,2.2,-0.0487,0.0215,0.7718,Walking
2346,W00047,2.25,0.0554,0.0731,0.9332,Walking
2347,W00047,2.3,-0.0361,0.0689,0.9211,Walking
2348,W00047,2.35,0.031,0.1763,1.0232,Walking
2349,W00047,2.4,0.1563,0.3078,0.9908,Walking
2350,W00047,2.45,0.1513,0.1855,0.9217,Walking
2351,W00048,0.0,0.8522,0.1117,0.3309,Resting
2352,W00048,0.05,0.8449,0.0755,0.3475,Resting
2353,W00048,0.1,0.8148,0.1133,0.355,Resting
2354,W00048,0.15,0.8187,0.1172,0.3142,Resting
2355,W00048,0.2,0.8901,0.0781,0.3718,Resting
2356,W00048,0.25,0.8295,0.1221,0.3714,Resting
2357,W00048,0.3,0.8511,0.1061,0.3319,Resting
2358,W00048,0.35,0.845,0.1227,0.3374,Resting
2359,W00048,0.4,0.8236,0.0883,0.3704,Resting
2360,W00048,0.45,0.8691,0.1031,0.3288,Resting
2361,W00048,0.5,0.8396,0.1268,0.3412,Resting
2362,W00048,0.55,0.8288,0.0919,0.3773,Resting
2363,W00048,0.6,0.8764,0.0853,0.3931,Resting
2364,W00048,0.65,0.8678,0.09,0.3576,Resting
2365,W00048,0.7,0.8263,0.1114,0.3188,Resting
2366,W00048,0.75,0.8636,0.1291,0.3668,Resting
2367,W00048,0.8,0.8365,0.0982,0.3333,Resting
2368,W00048,0.85,0.8607,0.1074,0.3427,Resting
2369,W00048,0.9,0.8488,0.1117,0.3611,Resting
2370,W00048,0.95,0.8657,0.1334,0.3274,Resting
2371,W00048,1.0,0.8693,0.1042,0.329,Resting
2372,W00048,1.05,0.8391,0.0945,0.3584,Resting
2373,W00048,1.1,0.8596,0.077,0.3513,Resting
2374,W00048,1.15,0.8872,0.0632,0.3186,Resting
2375,W00048,1.2,0.8554,0.0996,0.3557,Resting
2376,W00048,1.25,0.8635,0.1079,0.3475,Resting
2377,W00048,1.3,0.8621,0.097,0.3526,Resting
2378,W00048,1.35,0.9004,0.0908,0.3476,Resting
2379,W00048,1.4,0.8592,0.0705,0.3055,Resting
2380,W00048,1.45,0.8681,0.1137,0.3669,Resting
2381,W00048,1.5,0.8855,0.1237,0.359,Resting
2382,W00048,1.55,0.8945,0.1097,0.3595,Resting
2383,W00048,1.6,0.8707,0.1219,0.3923,Resting
2384,W00048,1.65,0.8676,0.1021,0.351,Resting
2385,W00048,1.7,0.8688,0.138,0.373,Resting
2386,W00048,1.75,0.8924,0.1503,0.3579,Resting
2387,W00048,1.8,0.8398,0.1153,0.3653,Resting
2388,W00048,1.85,0.8469,0.0816,0.365,Resting
2389,W00048,1.9,0.8711,0.0979,0.3414,Resting
2390,W00048,1.95,0.8653,0.1194,0.3822,Resting
2391,W00048,2.0,0.8881,0.1162,0.359,Resting
2392,W00048,2.05,0.8524,0.1159,0.3608,Resting
2393,W00048,2.1,0.8932,0.103,0.3596,Resting
2394,W00048,2.15,0.8743,0.1238,0.3525,Resting
2395,W00048,2.2,0.8738,0.1118,0.3714,Resting
2396,W00048,2.25,0.8526,0.0936,0.3377,Resting
2397,W00048,2.3,0.8602,0.1398,0.3862,Resting
2398,W00048,2.35,0.8741,0.1201,0.3795,Resting
2399,W00048,2.4,0.8602,0.1109,0.3733,Resting
2400,W00048,2.45,0.8742,0.1123,0.3523,Resting
2401,W00049,0.0,-0.0108,0.1041,0.9964,Standing
2402,W00049,0.05,0.1207,0.1689,1.0091,Standing
2403,W00049,0.1,0.0424,0.0443,1.004,Standing
2404,W00049,0.15,0.0889,0.084,0.9549,Standing
2405,W00049,0.2,0.0122,0.1155,0.9469,Standing
2406,W00049,0.25,0.0391,0.0945,1.0198,Standing
2407,W00049,0.3,0.0555,0.1124,0.9728,Standing
2408,W00049,0.35,0.0343,0.1082,0.9871,Standing
2409,W00049,0.4,0.0725,0.076,0.962,Standing
2410,W00049,0.45,0.0835,0.0769,0.9679,Standing
2411,W00049,0.5,0.0667,0.0548,1.0062,Standing
2412,W00049,0.55,0.0649,0.068,1.0435,Standing
2413,W00049,0.6,0.0966,0.0773,0.9649,Standing
2414,W00049,0.65,0.0321,0.0999,0.9803,Standing
2415,W00049,0.7,0.0808,0.0955,1.0201,Standing
2416,W00049,0.75,0.0768,0.0829,0.9714,Standing
2417,W00049,0.8,0.0111,0.0907,1.0262,Standing
2418,W00049,0.85,-0.001,0.0527,0.9887,Standing
2419,W00049,0.9,0.0609,0.0937,1.0011,Standing
2420,W00049,0.95,0.0553,0.1325,0.9546,Standing
2421,W00049,1.0,-0.019,0.0595,0.8941,Standing
2422,W00049,1.05,0.0569,0.1065,0.9827,Standing
2423,W00049,1.1,0.0205,0.0832,0.9314,Standing
2424,W00049,1.15,0.0381,0.0569,0.9946,Standing
2425,W00049,1.2,0.03,0.0782,0.955,Standing
2426,W00049,1.25,-0.0261,0.0256,0.9607,Standing
2427,W00049,1.3,0.0424,0.1069,0.9323,Standing
2428,W00049,1.35,0.0291,0.1156,0.9959,Standing
2429,W00049,1.4,0.0296,0.0458,0.9302,Standing
2430,W00049,1.45,0.0584,0.0733,0.9955,Standing
2431,W00049,1.5,0.0901,0.0645,0.9939,Standing
2432,W00049,1.55,0.032,0.0819,0.986,Standing
2433,W00049,1.6,0.0392,0.1104,1.0259,Standing
2434,W00049,1.65,0.0,0.127,0.9853,Standing
2435,W00049,1.7,0.0237,0.1239,1.0047,Standing
2436,W00049,1.75,0.0507,0.0811,0.9468,Standing
2437,W00049,1.8,0.0891,0.1578,0.9652,Standing
2438,W00049,1.85,0.1082,0.0925,1.0318,Standing
2439,W00049,1.9,0.1278,0.1003,1.0211,Standing
2440,W00049,1.95,0.0758,0.098,1.0231,Standing
2441,W00049,2.0,0.0376,0.0763,0.9905,Standing
2442,W00049,2.05,0.0619,0.092,0.9587,Standing
2443,W00049,2.1,0.0936,0.0481,0.9723,Standing
2444,W00049,2.15,0.0906,0.1051,0.9971,Standing
2445,W00049,2.2,0.0565,0.1433,0.9981,Standing
2446,W00049,2.25,0.079,0.1411,1.0132,Standing
2447,W00049,2.3,0.1132,0.1122,1.0094,Standing
2448,W00049,2.35,0.0699,0.0662,0.9497,Standing
2449,W00049,2.4,0.0115,0.1347,0.9491,Standing
2450,W00049,2.45,0.1183,0.1515,1.0169,Standing
2451,W00050,0.0,0.805,0.091,0.3748,Resting
2452,W00050,0.05,0.8369,0.1237,0.338,Resting
2453,W00050,0.1,0.8197,0.0849,0.3865,Resting
2454,W00050,0.15,0.8484,0.0909,0.382,Resting
2455,W00050,0.2,0.8198,0.0718,0.3563,Resting
2456,W00050,0.25,0.8311,0.0906,0.3414,Resting
2457,W00050,0.3,0.8189,0.1015,0.3932,Resting
2458,W00050,0.35,0.8468,0.1001,0.3189,Resting
2459,W00050,0.4,0.8497,0.0313,0.378,Resting
2460,W00050,0.45,0.85,0.0953,0.3634,Resting
2461,W00050,0.5,0.847,0.1051,0.338,Resting
2462,W00050,0.55,0.8484,0.0806,0.358,Resting
2463,W00050,0.6,0.8578,0.0949,0.3536,Resting
2464,W00050,0.65,0.8406,0.1039,0.345,Resting
2465,W00050,0.7,0.8645,0.0884,0.339,Resting
2466,W00050,0.75,0.8669,0.1008,0.3046,Resting
2467,W00050,0.8,0.8278,0.0977,0.3348,Resting
2468,W00050,0.85,0.8632,0.1151,0.3382,Resting
2469,W00050,0.9,0.8157,0.077,0.3648,Resting
2470,W00050,0.95,0.8278,0.0829,0.3425,Resting
2471,W00050,1.0,0.859,0.0996,0.3141,Resting
2472,W00050,1.05,0.853,0.1005,0.3572,Resting
2473,W00050,1.1,0.8851,0.0778,0.348,Resting
2474,W00050,1.15,0.845,0.106,0.3366,Resting
2475,W00050,1.2,0.8778,0.0954,0.3591,Resting
2476,W00050,1.25,0.8339,0.104,0.3497,Resting
2477,W00050,1.3,0.8903,0.1427,0.362,Resting
2478,W00050,1.35,0.8435,0.1292,0.3527,Resting
2479,W00050,1.4,0.8565,0.1057,0.3443,Resting
2480,W00050,1.45,0.8459,0.1149,0.37,Resting
2481,W00050,1.5,0.8496,0.1145,0.3546,Resting
2482,W00050,1.55,0.8545,0.1111,0.3825,Resting
2483,W00050,1.6,0.8391,0.1046,0.3707,Resting
2484,W00050,1.65,0.8969,0.089,0.3614,Resting
2485,W00050,1.7,0.8759,0.0778,0.3783,Resting
2486,W00050,1.75,0.8667,0.1641,0.3245,Resting
2487,W00050,1.8,0.8497,0.0624,0.3265,Resting
2488,W00050,1.85,0.8714,0.1026,0.3236,Resting
2489,W00050,1.9,0.8681,0.0875,0.349,Resting
2490,W00050,1.95,0.8654,0.134,0.379,Resting
2491,W00050,2.0,0.843,0.1119,0.3402,Resting
2492,W00050,2.05,0.8717,0.1359,0.353,Resting
2493,W00050,2.1,0.8777,0.0628,0.349,Resting
2494,W00050,2.15,0.8651,0.113,0.3656,Resting
2495,W00050,2.2,0.8577,0.0936,0.3397,Resting
2496,W00050,2.25,0.8547,0.1014,0.3324,Resting
2497,W00050,2.3,0.82,0.0953,0.3548,Resting
2498,W00050,2.35,0.8496,0.0985,0.3713,Resting
2499,W00050,2.4,0.8715,0.1288,0.3237,Resting
2500,W00050,2.45,0.8368,0.0664,0.3391,Resting
2501,W00051,0.0,-0.0119,0.1226,0.9479,Standing
2502,W00051,0.05,0.0515,0.1154,0.9823,Standing
2503,W00051,0.1,0.001,0.0611,0.9475,Standing
2504,W00051,0.15,0.0335,0.0537,0.977,Standing
2505,W00051,0.2,0.0424,0.1208,0.9469,Standing
2506,W00051,0.25,0.0036,0.1066,0.9023,Standing
2507,W00051,0.3,0.0269,0.0741,1.0047,Standing
2508,W00051,0.35,0.0234,0.1219,1.0197,Standing
2509,W00051,0.4,0.0237,0.0793,0.9639,Standing
2510,W00051,0.45,0.0412,0.0596,0.9835,Standing
2511,W00051,0.5,-0.0074,0.0923,0.978,Standing
2512,W00051,0.55,0.0326,0.1111,1.022,Standing
2513,W00051,0.6,0.0837,0.1174,0.9823,Standing
2514,W00051,0.65,0.0639,0.0855,0.982,Standing
2515,W00051,0.7,0.0507,0.1051,0.9915,Standing
2516,W00051,0.75,0.0391,0.0738,0.9839,Standing
2517,W00051,0.8,0.0769,0.067,0.9401,Standing
2518,W00051,0.85,0.0376,0.1099,0.9794,Standing
2519,W00051,0.9,0.0186,0.0959,0.9811,Standing
2520,W00051,0.95,0.0011,0.0929,0.9373,Standing
2521,W00051,1.0,0.084,0.1236,0.9798,Standing
2522,W00051,1.05,0.0348,0.0729,0.9863,Standing
2523,W00051,1.1,0.0742,0.0915,0.9792,Standing
2524,W00051,1.15,0.113,0.1459,0.9891,Standing
2525,W00051,1.2,0.0348,0.0979,0.9876,Standing
2526,W00051,1.25,0.0897,0.1594,1.0081,Standing
2527,W00051,1.3,0.0547,0.1387,0.9625,Standing
2528,W00051,1.35,0.0916,0.1118,0.9805,Standing
2529,W00051,1.4,0.0072,0.1098,1.0405,Standing
2530,W00051,1.45,0.1073,0.0995,1.0375,Standing
2531,W00051,1.5,0.0595,0.0731,0.9634,Standing
2532,W00051,1.55,0.0182,0.1337,1.0184,Standing
2533,W00051,1.6,0.1625,0.1064,1.0204,Standing
2534,W00051,1.65,0.0616,0.1402,0.9882,Standing
2535,W00051,1.7,0.0453,0.0992,0.9234,Standing
2536,W00051,1.75,0.0913,0.1141,0.9965,Standing
2537,W00051,1.8,0.1095,0.1626,0.9996,Standing
2538,W00051,1.85,0.0718,0.1017,0.9901,Standing
2539,W00051,1.9,0.0873,0.1569,1.017,Standing
2540,W00051,1.95,0.0409,0.116,0.9936,Standing
2541,W00051,2.0,0.0452,0.0979,1.0181,Standing
2542,W00051,2.05,0.1232,0.0649,0.9766,Standing
2543,W00051,2.1,0.0898,0.1522,1.0289,Standing
2544,W00051,2.15,0.0971,0.1007,0.9532,Standing
2545,W00051,2.2,0.0586,0.1144,0.9839,Standing
2546,W00051,2.25,0.0705,0.1211,0.9717,Standing
2547,W00051,2.3,0.0008,0.0656,0.9754,Standing
2548,W00051,2.35,0.0702,0.0938,0.9841,Standing
2549,W00051,2.4,0.0646,0.1059,0.9928,Standing
2550,W00051,2.45,0.0211,0.0648,1.0003,Standing
2551,W00052,0.0,0.8465,0.0809,0.3366,Resting
2552,W00052,0.05,0.8322,0.1424,0.3378,Resting
2553,W00052,0.1,0.8585,0.102,0.3384,Resting
2554,W00052,0.15,0.89,0.1145,0.3695,Resting
2555,W00052,0.2,0.8363,0.0945,0.3678,Resting
2556,W00052,0.25,0.8117,0.0977,0.3767,Resting
2557,W00052,0.3,0.8296,0.1025,0.3515,Resting
2558,W00052,0.35,0.8425,0.0853,0.345,Resting
2559,W00052,0.4,0.8243,0.0923,0.349,Resting
2560,W00052,0.45,0.8455,0.0911,0.3322,Resting
2561,W00052,0.5,0.8443,0.0731,0.3446,Resting
2562,W00052,0.55,0.8199,0.1009,0.3313,Resting
2563,W00052,0.6,0.8253,0.0693,0.36,Resting
2564,W00052,0.65,0.8336,0.1032,0.3477,Resting
2565,W00052,0.7,0.7961,0.1246,0.3519,Resting
2566,W00052,0.75,0.8849,0.107,0.3321,Resting
2567,W00052,0.8,0.8465,0.0929,0.3516,Resting
2568,W00052,0.85,0.8226,0.0705,0.3481,Resting
2569,W00052,0.9,0.8386,0.0768,0.3852,Resting
2570,W00052,0.95,0.8552,0.113,0.3316,Resting
2571,W00052,1.0,0.8641,0.1018,0.3331,Resting
2572,W00052,1.05,0.838,0.1244,0.3508,Resting
2573,W00052,1.1,0.8422,0.1103,0.3352,Resting
2574,W00052,1.15,0.8222,0.1053,0.3456,Resting
2575,W00052,1.2,0.831,0.0823,0.3378,Resting
2576,W00052,1.25,0.8669,0.0961,0.3469,Resting
2577,W00052,1.3,0.8594,0.0905,0.332,Resting
2578,W00052,1.35,0.8521,0.116,0.3378,Resting
2579,W00052,1.4,0.867,0.1155,0.3904,Resting
2580,W00052,1.45,0.8445,0.1101,0.4066,Resting
2581,W00052,1.5,0.8571,0.1341,0.3728,Resting
2582,W00052,1.55,0.8707,0.0994,0.342,Resting
2583,W00052,1.6,0.8937,0.135,0.3453,Resting
2584,W00052,1.65,0.9024,0.115,0.3778,Resting
2585,W00052,1.7,0.839,0.121,0.3709,Resting
2586,W00052,1.75,0.8268,0.1119,0.3213,Resting
2587,W00052,1.8,0.871,0.0825,0.3522,Resting
2588,W00052,1.85,0.8475,0.0966,0.3543,Resting
2589,W00052,1.9,0.8957,0.0949,0.3546,Resting
2590,W00052,1.95,0.8488,0.0803,0.3331,Resting
2591,W00052,2.0,0.8628,0.1167,0.3435,Resting
2592,W00052,2.05,0.851,0.1285,0.3635,Resting
2593,W00052,2.1,0.8423,0.1117,0.333,Resting
2594,W00052,2.15,0.8891,0.1117,0.3524,Resting
2595,W00052,2.2,0.86,0.1081,0.3435,Resting
2596,W00052,2.25,0.8481,0.118,0.3638,Resting
2597,W00052,2.3,0.8835,0.141,0.4016,Resting
2598,W00052,2.35,0.8663,0.1362,0.337,Resting
2599,W00052,2.4,0.834,0.1093,0.3437,Resting
2600,W00052,2.45,0.8876,0.1135,0.367,Resting
2601,W00053,0.0,0.1026,0.3002,0.9883,Walking
2602,W00053,0.05,0.2444,0.1904,1.0423,Walking
2603,W00053,0.1,0.233,0.0922,0.8735,Walking
2604,W00053,0.15,0.1649,0.2468,0.8769,Walking
2605,W00053,0.2,0.147,0.0931,0.904,Walking
2606,W00053,0.25,-0.1177,0.073,0.7629,Walking
2607,W00053,0.3,-0.0682,0.0042,0.8165,Walking
2608,W00053,0.35,0.0033,0.045,0.8293,Walking
2609,W00053,0.4,-0.0906,-0.0257,0.8699,Walking
2610,W00053,0.45,0.0306,0.0506,0.9072,Walking
2611,W00053,0.5,0.0622,0.2013,0.8705,Walking
2612,W00053,0.55,0.2536,0.0723,0.7835,Walking
2613,W00053,0.6,0.275,0.2954,1.0142,Walking
2614,W00053,0.65,0.1248,0.2097,1.1275,Walking
2615,W00053,0.7,0.3779,0.2283,0.9186,Walking
2616,W00053,0.75,0.2406,0.1066,1.0713,Walking
2617,W00053,0.8,0.2402,0.0193,1.0082,Walking
2618,W00053,0.85,0.0049,0.104,1.0266,Walking
2619,W00053,0.9,0.1174,0.1306,0.9665,Walking
2620,W00053,0.95,-0.061,0.1251,1.0079,Walking
2621,W00053,1.0,-0.2637,0.009,0.9433,Walking
2622,W00053,1.05,-0.052,0.1078,0.8106,Walking
2623,W00053,1.1,-0.0883,0.113,0.8031,Walking
2624,W00053,1.15,0.0202,0.0231,0.875,Walking
2625,W00053,1.2,0.0473,-0.001,0.8344,Walking
2626,W00053,1.25,-0.0137,0.0645,1.0277,Walking
2627,W00053,1.3,0.0989,0.1876,0.8858,Walking
2628,W00053,1.35,0.2501,0.171,1.0933,Walking
2629,W00053,1.4,0.3304,0.2754,1.0683,Walking
2630,W00053,1.45,0.2943,0.3322,0.9837,Walking
2631,W00053,1.5,0.3155,0.4009,1.156,Walking
2632,W00053,1.55,0.3807,0.1389,1.1191,Walking
2633,W00053,1.6,0.1816,0.1373,1.0783,Walking
2634,W00053,1.65,0.1504,0.0921,0.9766,Walking
2635,W00053,1.7,-0.0514,0.1823,0.9978,Walking
2636,W00053,1.75,-0.0167,0.003,0.9672,Walking
2637,W00053,1.8,-0.1616,0.1407,0.9471,Walking
2638,W00053,1.85,-0.1881,0.0228,0.7464,Walking
2639,W00053,1.9,-0.0818,0.1418,0.9062,Walking
2640,W00053,1.95,-0.0233,0.0853,0.9175,Walking
2641,W00053,2.0,-0.0432,0.195,0.9847,Walking
2642,W00053,2.05,0.1759,0.2093,0.8095,Walking
2643,W00053,2.1,0.2662,0.1292,0.9755,Walking
2644,W00053,2.15,0.1331,0.1054,0.9649,Walking
2645,W00053,2.2,0.3453,0.2246,1.1241,Walking
2646,W00053,2.25,0.3707,0.2618,0.9476,Walking
2647,W00053,2.3,0.2807,0.3294,0.9448,Walking
2648,W00053,2.35,0.2946,0.2685,0.9881,Walking
2649,W00053,2.4,0.162,0.0718,0.981,Walking
2650,W00053,2.45,0.0748,0.1429,0.8166,Walking
2651,W00054,0.0,0.3049,0.3258,0.8689,Running
2652,W00054,0.05,0.0262,-0.0439,0.8684,Running
2653,W00054,0.1,-0.6502,0.0644,0.5844,Running
2654,W00054,0.15,-0.354,-0.1862,0.8403,Running
2655,W00054,0.2,0.1844,-0.0239,0.7732,Running
2656,W00054,0.25,0.5553,0.3521,1.2807,Running
2657,W00054,0.3,0.6685,0.2952,1.3813,Running
2658,W00054,0.35,0.3897,0.6498,0.9346,Running
2659,W00054,0.4,-0.1646,-0.0786,0.7557,Running
2660,W00054,0.45,0.0074,-0.223,0.4922,Running
2661,W00054,0.5,-0.0408,0.1764,0.6349,Running
2662,W00054,0.55,0.2937,0.1586,0.7791,Running
2663,W00054,0.6,0.5498,0.5496,1.0801,Running
2664,W00054,0.65,0.5989,0.7032,1.1792,Running
2665,W00054,0.7,0.3449,0.5054,1.1397,Running
2666,W00054,0.75,-0.1428,-0.092,0.8892,Running
2667,W00054,0.8,-0.5105,-0.1002,0.7592,Running
2668,W00054,0.85,-0.3687,0.0114,0.5879,Running
2669,W00054,0.9,0.0434,-0.0904,0.7352,Running
2670,W00054,0.95,0.6779,0.4457,1.1197,Running
2671,W00054,1.0,0.6649,0.7486,1.0778,Running
2672,W00054,1.05,0.1714,0.1103,1.029,Running
2673,W00054,1.1,-0.0264,0.0404,0.837,Running
2674,W00054,1.15,-0.3172,-0.1811,0.53,Running
2675,W00054,1.2,-0.1508,0.0554,0.6881,Running
2676,W00054,1.25,0.2852,0.0518,0.8217,Running
2677,W00054,1.3,0.5614,0.4687,1.2161,Running
2678,W00054,1.35,0.5468,0.4648,1.3453,Running
2679,W00054,1.4,0.635,0.5761,1.0532,Running
2680,W00054,1.45,0.1113,0.0449,0.7739,Running
2681,W00054,1.5,-0.3792,-0.1558,0.5724,Running
2682,W00054,1.55,-0.1561,0.1123,0.2205,Running
2683,W00054,1.6,0.109,0.5153,0.7338,Running
2684,W00054,1.65,0.4316,0.3015,1.2573,Running
2685,W00054,1.7,0.3757,0.4807,1.0804,Running
2686,W00054,1.75,0.3862,0.4584,1.0632,Running
2687,W00054,1.8,0.1283,-0.0155,0.724,Running
2688,W00054,1.85,-0.1158,-0.1385,0.3966,Running
2689,W00054,1.9,-0.1515,-0.2042,0.7198,Running
2690,W00054,1.95,0.0781,0.2675,1.0216,Running
2691,W00054,2.0,0.4407,0.404,1.013,Running
2692,W00054,2.05,0.5535,0.5555,1.1984,Running
2693,W00054,2.1,0.3252,0.4864,1.1026,Running
2694,W00054,2.15,-0.0438,-0.108,0.7266,Running
2695,W00054,2.2,-0.4212,-0.0679,0.5538,Running
2696,W00054,2.25,-0.3286,-0.3185,0.7025,Running
2697,W00054,2.3,0.0288,0.0814,0.9161,Running
2698,W00054,2.35,0.3287,0.4081,1.1198,Running
2699,W00054,2.4,0.4042,0.7014,1.1744,Running
2700,W00054,2.45,0.2874,0.256,1.0611,Running
2701,W00055,0.0,0.8449,0.1046,0.3402,Resting
2702,W00055,0.05,0.8162,0.1276,0.3343,Resting
2703,W00055,0.1,0.8573,0.1079,0.3446,Resting
2704,W00055,0.15,0.8513,0.0797,0.3346,Resting
2705,W00055,0.2,0.8415,0.1346,0.3592,Resting
2706,W00055,0.25,0.8593,0.1222,0.3265,Resting
2707,W00055,0.3,0.8338,0.0816,0.3662,Resting
2708,W00055,0.35,0.8901,0.1361,0.342,Resting
2709,W00055,0.4,0.8514,0.1594,0.3524,Resting
2710,W00055,0.45,0.8702,0.1008,0.3715,Resting
2711,W00055,0.5,0.8821,0.1225,0.3581,Resting
2712,W00055,0.55,0.852,0.1136,0.3445,Resting
2713,W00055,0.6,0.8411,0.1305,0.3298,Resting
2714,W00055,0.65,0.871,0.1353,0.364,Resting
2715,W00055,0.7,0.8698,0.0895,0.3421,Resting
2716,W00055,0.75,0.8801,0.0841,0.3653,Resting
2717,W00055,0.8,0.8704,0.1365,0.3712,Resting
2718,W00055,0.85,0.8585,0.1158,0.3338,Resting
2719,W00055,0.9,0.8584,0.0837,0.3301,Resting
2720,W00055,0.95,0.8511,0.1131,0.4095,Resting
2721,W00055,1.0,0.8555,0.0505,0.3746,Resting
2722,W00055,1.05,0.8692,0.0924,0.3321,Resting
2723,W00055,1.1,0.828,0.1168,0.3757,Resting
2724,W00055,1.15,0.852,0.0824,0.3616,Resting
2725,W00055,1.2,0.8369,0.0931,0.3333,Resting
2726,W00055,1.25,0.8606,0.1052,0.3715,Resting
2727,W00055,1.3,0.8703,0.0946,0.3733,Resting
2728,W00055,1.35,0.8398,0.1287,0.3412,Resting
2729,W00055,1.4,0.8377,0.1114,0.3441,Resting
2730,W00055,1.45,0.8366,0.0665,0.3371,Resting
2731,W00055,1.5,0.8041,0.0942,0.3523,Resting
2732,W00055,1.55,0.8498,0.0898,0.3481,Resting
2733,W00055,1.6,0.8674,0.1085,0.3527,Resting
2734,W00055,1.65,0.8645,0.0902,0.3317,Resting
2735,W00055,1.7,0.8337,0.1148,0.3387,Resting
2736,W00055,1.75,0.8124,0.1174,0.3803,Resting
2737,W00055,1.8,0.8303,0.1087,0.3755,Resting
2738,W00055,1.85,0.8353,0.1002,0.3396,Resting
2739,W00055,1.9,0.8621,0.079,0.3599,Resting
2740,W00055,1.95,0.8575,0.0907,0.3505,Resting
2741,W00055,2.0,0.834,0.1268,0.3904,Resting
2742,W00055,2.05,0.8423,0.0916,0.3877,Resting
2743,W00055,2.1,0.8212,0.0758,0.371,Resting
2744,W00055,2.15,0.859,0.0698,0.2905,Resting
2745,W00055,2.2,0.8343,0.0989,0.3279,Resting
2746,W00055,2.25,0.7751,0.0837,0.3272,Resting
2747,W00055,2.3,0.8609,0.1297,0.3292,Resting
2748,W00055,2.35,0.84,0.076,0.3634,Resting
2749,W00055,2.4,0.8585,0.1044,0.351,Resting
2750,W00055,2.45,0.8424,0.1135,0.3176,Resting
2751,W00056,0.0,0.2559,0.2717,0.9765,Running
2752,W00056,0.05,0.6173,0.4488,1.3216,Running
2753,W00056,0.1,0.3906,0.1117,1.1397,Running
2754,W00056,0.15,-0.4174,0.4576,0.7569,Running
2755,W00056,0.2,-0.0846,-0.202,0.6011,Running
2756,W00056,0.25,-0.3599,0.0089,0.8608,Running
2757,W00056,0.3,0.2642,0.3068,0.802,Running
2758,W00056,0.35,0.5496,0.4069,1.1891,Running
2759,W00056,0.4,0.7409,0.5588,1.1254,Running
2760,W00056,0.45,0.0335,0.1471,0.8258,Running
2761,W00056,0.5,-0.3721,-0.0795,0.7235,Running
2762,W00056,0.55,-0.2787,0.1694,0.6661,Running
2763,W00056,0.6,0.0314,0.1057,1.1574,Running
2764,W00056,0.65,0.3312,0.7087,1.0911,Running
2765,W00056,0.7,0.6737,0.5585,1.3967,Running
2766,W00056,0.75,0.4871,0.265,1.1575,Running
2767,W00056,0.8,-0.0668,0.3077,0.8668,Running
2768,W00056,0.85,-0.0196,-0.3667,0.708,Running
2769,W00056,0.9,-0.2737,-0.1995,0.5425,Running
2770,W00056,0.95,0.1676,0.2389,1.0549,Running
2771,W00056,1.0,0.7366,0.2135,1.1538,Running
2772,W00056,1.05,0.4583,0.4719,1.0907,Running
2773,W00056,1.1,0.0988,0.0001,0.66,Running
2774,W00056,1.15,-0.2849,-0.1304,0.8937,Running
2775,W00056,1.2,-0.3141,0.0537,0.8439,Running
2776,W00056,1.25,0.0596,0.1607,0.7998,Running
2777,W00056,1.3,0.6653,0.3313,1.2548,Running
2778,W00056,1.35,0.5254,0.2632,0.9091,Running
2779,W00056,1.4,0.3802,0.0454,1.2005,Running
2780,W00056,1.45,0.1435,0.1031,0.6921,Running
2781,W00056,1.5,-0.3806,0.0363,0.4675,Running
2782,W00056,1.55,-0.1885,0.1551,0.6792,Running
2783,W00056,1.6,0.1876,0.2237,0.9217,Running
2784,W00056,1.65,0.4968,0.3689,1.203,Running
2785,W00056,1.7,0.6957,0.4827,1.0258,Running
2786,W00056,1.75,0.0542,0.2884,0.5194,Running
2787,W00056,1.8,-0.2763,0.2746,0.883,Running
2788,W00056,1.85,-0.2407,0.0705,0.8207,Running
2789,W00056,1.9,-0.0924,-0.0562,0.8184,Running
2790,W00056,1.95,0.3398,0.1374,0.8956,Running
2791,W00056,2.0,0.6725,0.5134,1.3229,Running
2792,W00056,2.05,0.6072,0.2188,1.0885,Running
2793,W00056,2.1,-0.034,0.2756,0.5651,Running
2794,W00056,2.15,-0.0415,0.027,0.6291,Running
2795,W00056,2.2,-0.3774,0.1339,0.3481,Running
2796,W00056,2.25,0.0122,0.0769,1.0434,Running
2797,W00056,2.3,0.6568,0.3871,1.0849,Running
2798,W00056,2.35,0.417,0.4743,1.2448,Running
2799,W00056,2.4,0.0657,0.3077,1.0587,Running
2800,W00056,2.45,-0.1774,-0.1648,0.7264,Running
2801,W00057,0.0,0.8514,0.0955,0.3233,Resting
2802,W00057,0.05,0.8402,0.1077,0.3412,Resting
2803,W00057,0.1,0.8375,0.1115,0.3636,Resting
2804,W00057,0.15,0.8365,0.0775,0.3489,Resting
2805,W00057,0.2,0.8796,0.0627,0.3411,Resting
2806,W00057,0.25,0.8357,0.0717,0.3832,Resting
2807,W00057,0.3,0.858,0.09,0.3436,Resting
2808,W00057,0.35,0.8507,0.0954,0.3489,Resting
2809,W00057,0.4,0.824,0.1169,0.3142,Resting
2810,W00057,0.45,0.8535,0.0887,0.3248,Resting
2811,W00057,0.5,0.8598,0.0716,0.3482,Resting
2812,W00057,0.55,0.8279,0.0572,0.3447,Resting
2813,W00057,0.6,0.8129,0.1115,0.3143,Resting
2814,W00057,0.65,0.821,0.0929,0.3513,Resting
2815,W00057,0.7,0.8624,0.1024,0.3441,Resting
2816,W00057,0.75,0.8559,0.0685,0.3993,Resting
2817,W00057,0.8,0.8681,0.1063,0.4084,Resting
2818,W00057,0.85,0.8743,0.1172,0.3661,Resting
2819,W00057,0.9,0.8592,0.1005,0.3247,Resting
2820,W00057,0.95,0.8667,0.0774,0.3893,Resting
2821,W00057,1.0,0.8529,0.0664,0.3684,Resting
2822,W00057,1.05,0.8359,0.0607,0.337,Resting
2823,W00057,1.1,0.9149,0.0504,0.36,Resting
2824,W00057,1.15,0.86,0.0871,0.3655,Resting
2825,W00057,1.2,0.8801,0.1163,0.3729,Resting
2826,W00057,1.25,0.8543,0.137,0.3425,Resting
2827,W00057,1.3,0.878,0.0924,0.3702,Resting
2828,W00057,1.35,0.8459,0.071,0.3742,Resting
2829,W00057,1.4,0.8601,0.1175,0.3868,Resting
2830,W00057,1.45,0.8597,0.1002,0.3109,Resting
2831,W00057,1.5,0.8699,0.0962,0.3359,Resting
2832,W00057,1.55,0.8625,0.066,0.4062,Resting
2833,W00057,1.6,0.8508,0.1075,0.3493,Resting
2834,W00057,1.65,0.8318,0.1058,0.3921,Resting
2835,W00057,1.7,0.8371,0.1356,0.3794,Resting
2836,W00057,1.75,0.8576,0.1091,0.3285,Resting
2837,W00057,1.8,0.837,0.1196,0.3355,Resting
2838,W00057,1.85,0.8844,0.0957,0.365,Resting
2839,W00057,1.9,0.8426,0.1251,0.3418,Resting
2840,W00057,1.95,0.8769,0.1246,0.3386,Resting
2841,W00057,2.0,0.865,0.0983,0.3712,Resting
2842,W00057,2.05,0.8744,0.1299,0.3661,Resting
2843,W00057,2.1,0.8731,0.1346,0.3397,Resting
2844,W00057,2.15,0.8872,0.1086,0.3529,Resting
2845,W00057,2.2,0.877,0.1082,0.3671,Resting
2846,W00057,2.25,0.8609,0.1065,0.3764,Resting
2847,W00057,2.3,0.8778,0.1091,0.364,Resting
2848,W00057,2.35,0.8631,0.0937,0.384,Resting
2849,W00057,2.4,0.8946,0.1247,0.3404,Resting
2850,W00057,2.45,0.8329,0.1587,0.3632,Resting
2851,W00058,0.0,0.1426,0.1008,1.0032,Standing
2852,W00058,0.05,0.0266,0.076,0.98,Standing
2853,W00058,0.1,0.0088,0.131,0.9381,Standing
2854,W00058,0.15,0.0439,0.0727,0.9382,Standing
2855,W00058,0.2,0.0234,0.0836,0.9264,Standing
2856,W00058,0.25,0.0437,0.1019,0.9859,Standing
2857,W00058,0.3,0.0679,0.0691,0.9883,Standing
2858,W00058,0.35,0.0383,0.0784,0.9931,Standing
2859,W00058,0.4,0.0432,0.0228,0.986,Standing
2860,W00058,0.45,0.0027,0.0777,0.9764,Standing
2861,W00058,0.5,0.0687,0.0665,0.9483,Standing
2862,W00058,0.55,0.0213,0.1243,0.9966,Standing
2863,W00058,0.6,0.102,0.1282,0.9738,Standing
2864,W00058,0.65,0.0256,0.1121,0.9832,Standing
2865,W00058,0.7,0.0581,0.1255,0.9859,Standing
2866,W00058,0.75,0.0583,0.0506,0.9616,Standing
2867,W00058,0.8,0.0802,0.0774,0.9381,Standing
2868,W00058,0.85,0.0756,0.1598,1.0132,Standing
2869,W00058,0.9,0.0822,0.1506,0.9711,Standing
2870,W00058,0.95,0.079,0.1432,1.0011,Standing
2871,W00058,1.0,0.0513,0.0912,0.9786,Standing
2872,W00058,1.05,0.0617,0.1439,0.9802,Standing
2873,W00058,1.1,0.073,0.0663,0.9898,Standing
2874,W00058,1.15,0.0406,0.1239,0.9382,Standing
2875,W00058,1.2,0.0652,0.1297,0.9883,Standing
2876,W00058,1.25,0.067,0.1628,0.9689,Standing
2877,W00058,1.3,0.1063,0.1205,1.0014,Standing
2878,W00058,1.35,0.1161,0.0976,0.9598,Standing
2879,W00058,1.4,0.1181,0.0906,0.9577,Standing
2880,W00058,1.45,0.0387,0.119,0.9761,Standing
2881,W00058,1.5,0.0632,0.0771,0.9712,Standing
2882,W00058,1.55,0.0414,0.1754,0.9783,Standing
2883,W00058,1.6,0.0649,0.0615,0.969,Standing
2884,W00058,1.65,0.0551,0.1096,0.9736,Standing
2885,W00058,1.7,0.087,0.0933,0.9991,Standing
2886,W00058,1.75,0.0208,0.0686,1.0061,Standing
2887,W00058,1.8,0.0304,0.0995,1.0173,Standing
2888,W00058,1.85,0.0343,0.1057,1.0575,Standing
2889,W00058,1.9,0.0941,0.0957,0.9854,Standing
2890,W00058,1.95,0.0393,0.0701,0.975,Standing
2891,W00058,2.0,-0.025,0.1076,0.9251,Standing
2892,W00058,2.05,0.0068,0.1155,1.0067,Standing
2893,W00058,2.1,-0.001,0.0596,0.9309,Standing
2894,W00058,2.15,-0.0065,0.0409,0.9224,Standing
2895,W00058,2.2,0.0398,0.1257,0.9578,Standing
2896,W00058,2.25,0.0094,0.1117,0.9342,Standing
2897,W00058,2.3,0.0244,0.103,1.0023,Standing
2898,W00058,2.35,0.0943,0.0777,0.9918,Standing
2899,W00058,2.4,0.0585,0.0939,0.9989,Standing
2900,W00058,2.45,0.0385,0.1298,0.9173,Standing
2901,W00059,0.0,0.5706,0.3296,1.0884,Running
2902,W00059,0.05,-0.1195,0.1614,0.5781,Running
2903,W00059,0.1,-0.1791,-0.3351,0.6159,Running
2904,W00059,0.15,-0.2332,0.2294,0.8882,Running
2905,W00059,0.2,0.0906,0.1244,0.6675,Running
2906,W00059,0.25,0.2614,0.7403,1.0027,Running
2907,W00059,0.3,0.8715,0.591,1.2814,Running
2908,W00059,0.35,0.1033,0.1992,1.0645,Running
2909,W00059,0.4,0.1327,-0.0465,1.1947,Running
2910,W00059,0.45,-0.3357,-0.1087,0.6368,Running
2911,W00059,0.5,-0.3452,-0.1701,0.7909,Running
2912,W00059,0.55,-0.1245,-0.0251,0.8747,Running
2913,W00059,0.6,0.2865,0.4005,1.0166,Running
2914,W00059,0.65,0.4255,0.5538,1.1039,Running
2915,W00059,0.7,0.4231,0.4321,0.8206,Running
2916,W00059,0.75,0.0685,0.2079,0.7596,Running
2917,W00059,0.8,-0.383,0.1169,0.845,Running
2918,W00059,0.85,-0.1683,-0.4078,0.889,Running
2919,W00059,0.9,0.0876,-0.0069,1.1479,Running
2920,W00059,0.95,0.3818,0.1881,0.8614,Running
2921,W00059,1.0,0.5224,0.5793,0.9519,Running
2922,W00059,1.05,0.6097,0.426,1.0569,Running
2923,W00059,1.1,0.4303,0.3304,0.9203,Running
2924,W00059,1.15,-0.2517,0.2154,0.9099,Running
2925,W00059,1.2,-0.16,0.1083,0.6079,Running
2926,W00059,1.25,-0.3069,-0.0463,0.846,Running
2927,W00059,1.3,0.2888,0.0721,0.9572,Running
2928,W00059,1.35,0.5137,0.3448,1.0741,Running
2929,W00059,1.4,0.7032,0.609,0.9992,Running
2930,W00059,1.45,0.3133,0.5065,1.0283,Running
2931,W00059,1.5,0.1193,0.0804,0.7301,Running
2932,W00059,1.55,-0.3313,-0.0832,0.9306,Running
2933,W00059,1.6,-0.3273,0.0517,0.3835,Running
2934,W00059,1.65,-0.1185,-0.0149,0.9552,Running
2935,W00059,1.7,0.3633,0.4251,0.9592,Running
2936,W00059,1.75,0.7205,0.463,1.3315,Running
2937,W00059,1.8,0.7327,0.4198,1.1577,Running
2938,W00059,1.85,0.1271,0.2704,0.7345,Running
2939,W00059,1.9,0.0616,0.134,0.6733,Running
2940,W00059,1.95,-0.3462,-0.0676,0.6426,Running
2941,W00059,2.0,-0.1706,-0.2429,0.7582,Running
2942,W00059,2.05,0.1972,0.2166,1.0641,Running
2943,W00059,2.1,0.7376,0.7022,1.3272,Running
2944,W00059,2.15,0.6285,0.1218,1.224,Running
2945,W00059,2.2,0.5301,0.62,0.5079,Running
2946,W00059,2.25,-0.0666,-0.2721,0.8264,Running
2947,W00059,2.3,-0.1444,-0.1679,0.8733,Running
2948,W00059,2.35,-0.3167,-0.0944,0.8766,Running
2949,W00059,2.4,0.1419,0.0619,1.3332,Running
2950,W00059,2.45,0.3527,0.5385,0.9635,Running
2951,W00060,0.0,0.8879,0.0829,0.2934,Sleeping
2952,W00060,0.05,0.8629,0.0779,0.2907,Sleeping
2953,W00060,0.1,0.8697,0.0689,0.2929,Sleeping
2954,W00060,0.15,0.8835,0.0726,0.3004,Sleeping
2955,W00060,0.2,0.8618,0.0771,0.2887,Sleeping
2956,W00060,0.25,0.8848,0.0822,0.2959,Sleeping
2957,W00060,0.3,0.8791,0.079,0.2942,Sleeping
2958,W00060,0.35,0.8702,0.0664,0.2947,Sleeping
2959,W00060,0.4,0.8823,0.0785,0.3146,Sleeping
2960,W00060,0.45,0.8817,0.0693,0.3013,Sleeping
2961,W00060,0.5,0.8648,0.0783,0.3025,Sleeping
2962,W00060,0.55,0.8623,0.0711,0.3125,Sleeping
2963,W00060,0.6,0.8702,0.0809,0.298,Sleeping
2964,W00060,0.65,0.8726,0.0875,0.304,Sleeping
2965,W00060,0.7,0.8719,0.0757,0.2961,Sleeping
2966,W00060,0.75,0.8646,0.0709,0.3039,Sleeping
2967,W00060,0.8,0.8749,0.0866,0.3073,Sleeping
2968,W00060,0.85,0.8785,0.0755,0.2953,Sleeping
2969,W00060,0.9,0.8849,0.0786,0.3074,Sleeping
2970,W00060,0.95,0.8924,0.0766,0.2937,Sleeping
2971,W00060,1.0,0.8801,0.0777,0.2934,Sleeping
2972,W00060,1.05,0.869,0.0822,0.3161,Sleeping
2973,W00060,1.1,0.8823,0.0808,0.2882,Sleeping
2974,W00060,1.15,0.8969,0.0865,0.2944,Sleeping
2975,W00060,1.2,0.8888,0.0805,0.2921,Sleeping
2976,W00060,1.25,0.8721,0.0876,0.3059,Sleeping
2977,W00060,1.3,0.8965,0.0797,0.3049,Sleeping
2978,W00060,1.35,0.8782,0.0743,0.2871,Sleeping
2979,W00060,1.4,0.8802,0.0684,0.2921,Sleeping
2980,W00060,1.45,0.89,0.0877,0.309,Sleeping
2981,W00060,1.5,0.8785,0.0828,0.2962,Sleeping
2982,W00060,1.55,0.8818,0.0656,0.2912,Sleeping
2983,W00060,1.6,0.887,0.0813,0.2998,Sleeping
2984,W00060,1.65,0.8653,0.0801,0.3098,Sleeping
2985,W00060,1.7,0.8836,0.0822,0.2989,Sleeping
2986,W00060,1.75,0.8827,0.0873,0.3024,Sleeping
2987,W00060,1.8,0.8849,0.0703,0.302,Sleeping
2988,W00060,1.85,0.8882,0.0641,0.2975,Sleeping
2989,W00060,1.9,0.8782,0.097,0.2977,Sleeping
2990,W00060,1.95,0.8811,0.0811,0.3053,Sleeping
2991,W00060,2.0,0.8756,0.0815,0.2939,Sleeping
2992,W00060,2.05,0.8697,0.0979,0.2793,Sleeping
2993,W00060,2.1,0.9002,0.0836,0.3015,Sleeping
2994,W00060,2.15,0.8897,0.0733,0.2988,Sleeping
2995,W00060,2.2,0.88,0.0881,0.3047,Sleeping
2996,W00060,2.25,0.8852,0.0755,0.2918,Sleeping
2997,W00060,2.3,0.8859,0.0837,0.3127,Sleeping
2998,W00060,2.35,0.8719,0.0824,0.2978,Sleeping
2999,W00060,2.4,0.8687,0.077,0.3002,Sleeping
3000,W00060,2.45,0.8823,0.0812,0.2999,Sleeping
3001,W00061,0.0,0.8458,0.091,0.3492,Resting
3002,W00061,0.05,0.8668,0.0942,0.3224,Resting
3003,W00061,0.1,0.87,0.1297,0.3464,Resting
3004,W00061,0.15,0.8523,0.1223,0.3696,Resting
3005,W00061,0.2,0.8498,0.1294,0.3568,Resting
3006,W00061,0.25,0.8256,0.1031,0.348,Resting
3007,W00061,0.3,0.9039,0.1354,0.3631,Resting
3008,W00061,0.35,0.8508,0.0758,0.3618,Resting
3009,W00061,0.4,0.8468,0.1277,0.3693,Resting
3010,W00061,0.45,0.8925,0.1031,0.334,Resting
3011,W00061,0.5,0.8626,0.1133,0.3489,Resting
3012,W00061,0.55,0.87,0.0861,0.3227,Resting
3013,W00061,0.6,0.8318,0.1146,0.3071,Resting
3014,W00061,0.65,0.8787,0.1221,0.2996,Resting
3015,W00061,0.7,0.8623,0.096,0.3527,Resting
3016,W00061,0.75,0.8768,0.0988,0.3731,Resting
3017,W00061,0.8,0.8553,0.0755,0.3431,Resting
3018,W00061,0.85,0.8244,0.1065,0.3456,Resting
3019,W00061,0.9,0.8364,0.089,0.3626,Resting
3020,W00061,0.95,0.8999,0.119,0.3607,Resting
3021,W00061,1.0,0.8611,0.1172,0.3603,Resting
3022,W00061,1.05,0.8538,0.1066,0.3321,Resting
3023,W00061,1.1,0.8725,0.0997,0.3766,Resting
3024,W00061,1.15,0.8901,0.1355,0.3545,Resting
3025,W00061,1.2,0.8536,0.107,0.3808,Resting
3026,W00061,1.25,0.8626,0.1359,0.3753,Resting
3027,W00061,1.3,0.8376,0.1046,0.3561,Resting
3028,W00061,1.35,0.8545,0.109,0.3757,Resting
3029,W00061,1.4,0.8168,0.0846,0.3608,Resting
3030,W00061,1.45,0.8353,0.0818,0.3638,Resting
3031,W00061,1.5,0.854,0.0608,0.3535,Resting
3032,W00061,1.55,0.873,0.1295,0.3628,Resting
3033,W00061,1.6,0.8122,0.0777,0.3749,Resting
3034,W00061,1.65,0.8667,0.0598,0.329,Resting
3035,W00061,1.7,0.8394,0.1064,0.399,Resting
3036,W00061,1.75,0.7974,0.0906,0.3548,Resting
3037,W00061,1.8,0.8748,0.0797,0.3686,Resting
3038,W00061,1.85,0.8609,0.0642,0.3232,Resting
3039,W00061,1.9,0.8641,0.0852,0.3603,Resting
3040,W00061,1.95,0.8519,0.0773,0.3491,Resting
3041,W00061,2.0,0.855,0.1067,0.3835,Resting
3042,W00061,2.05,0.8423,0.1103,0.3538,Resting
3043,W00061,2.1,0.8458,0.1035,0.3611,Resting
3044,W00061,2.15,0.8537,0.0892,0.355,Resting
3045,W00061,2.2,0.8489,0.0802,0.351,Resting
3046,W00061,2.25,0.8185,0.1141,0.3487,Resting
3047,W00061,2.3,0.8892,0.0681,0.3259,Resting
3048,W00061,2.35,0.8312,0.1041,0.3834,Resting
3049,W00061,2.4,0.843,0.073,0.3212,Resting
3050,W00061,2.45,0.8769,0.0959,0.3453,Resting
3051,W00062,0.0,0.326,0.2457,1.0591,Walking
3052,W00062,0.05,0.3836,0.2825,1.0599,Walking
3053,W00062,0.1,0.053,0.1665,0.9026,Walking
3054,W00062,0.15,0.2327,0.1899,1.0221,Walking
3055,W00062,0.2,-0.1078,0.2326,0.9039,Walking
3056,W00062,0.25,-0.007,0.0192,0.8747,Walking
3057,W00062,0.3,-0.0145,0.0638,0.8217,Walking
3058,W00062,0.35,-0.0396,0.0638,0.8251,Walking
3059,W00062,0.4,-0.0912,0.1068,1.0185,Walking
3060,W00062,0.45,0.1416,0.1076,0.9769,Walking
3061,W00062,0.5,0.2388,0.3603,1.0378,Walking
3062,W00062,0.55,0.2177,0.1851,1.0164,Walking
3063,W00062,0.6,0.2274,0.0902,1.0586,Walking
3064,W00062,0.65,0.3857,0.2053,1.0325,Walking
3065,W00062,0.7,0.2303,0.225,0.9692,Walking
3066,W00062,0.75,0.1464,0.1506,1.0028,Walking
3067,W00062,0.8,-0.0603,0.1661,0.9284,Walking
3068,W00062,0.85,-0.0565,0.2079,0.83,Walking
3069,W00062,0.9,-0.119,0.0198,0.7794,Walking
3070,W00062,0.95,-0.1224,0.072,0.9295,Walking
3071,W00062,1.0,-0.0686,0.1587,0.8966,Walking
3072,W00062,1.05,0.1124,0.1641,0.9798,Walking
3073,W00062,1.1,0.0148,0.165,0.8808,Walking
3074,W00062,1.15,0.2792,0.194,0.9985,Walking
3075,W00062,1.2,0.3898,0.215,1.0343,Walking
3076,W00062,1.25,0.1671,0.013,0.9337,Walking
3077,W00062,1.3,0.2178,0.1986,0.8881,Walking
3078,W00062,1.35,0.0894,0.1118,0.9708,Walking
3079,W00062,1.4,0.0569,0.0487,0.8757,Walking
3080,W00062,1.45,-0.0033,0.0938,0.7779,Walking
3081,W00062,1.5,-0.077,-0.1319,0.9395,Walking
3082,W00062,1.55,-0.1133,0.0076,1.0201,Walking
3083,W00062,1.6,-0.0752,0.2958,0.9055,Walking
3084,W00062,1.65,0.0735,0.1648,0.9329,Walking
3085,W00062,1.7,0.2773,0.1508,1.0271,Walking
3086,W00062,1.75,0.3283,0.3134,1.1126,Walking
3087,W00062,1.8,0.3326,0.2163,1.049,Walking
3088,W00062,1.85,0.2073,0.3123,1.0593,Walking
3089,W00062,1.9,0.2381,0.1134,1.0283,Walking
3090,W00062,1.95,-0.0383,0.0347,0.86,Walking
3091,W00062,2.0,-0.0465,0.0211,0.777,Walking
3092,W00062,2.05,-0.092,0.0821,0.9707,Walking
3093,W00062,2.1,0.0784,0.1056,0.8484,Walking
3094,W00062,2.15,-0.1353,-0.0268,0.8475,Walking
3095,W00062,2.2,-0.0101,0.0132,0.8735,Walking
3096,W00062,2.25,0.1449,0.2132,0.9301,Walking
3097,W00062,2.3,0.2704,0.1091,0.9589,Walking
3098,W00062,2.35,0.409,0.2345,0.9632,Walking
3099,W00062,2.4,0.2342,0.0695,1.0123,Walking
3100,W00062,2.45,0.1341,0.2058,0.9165,Walking
3101,W00063,0.0,0.8786,0.1013,0.3436,Resting
3102,W00063,0.05,0.8763,0.1126,0.3669,Resting
3103,W00063,0.1,0.8662,0.0902,0.3244,Resting
3104,W00063,0.15,0.8304,0.0883,0.3462,Resting
3105,W00063,0.2,0.834,0.066,0.3805,Resting
3106,W00063,0.25,0.8722,0.1121,0.3502,Resting
3107,W00063,0.3,0.89,0.102,0.3619,Resting
3108,W00063,0.35,0.8825,0.0778,0.3563,Resting
3109,W00063,0.4,0.8875,0.1293,0.3789,Resting
3110,W00063,0.45,0.8571,0.1003,0.3827,Resting
3111,W00063,0.5,0.8661,0.0834,0.3544,Resting
3112,W00063,0.55,0.8278,0.1057,0.3482,Resting
3113,W00063,0.6,0.8397,0.1213,0.3893,Resting
3114,W00063,0.65,0.7875,0.1016,0.3423,Resting
3115,W00063,0.7,0.8741,0.0786,0.3145,Resting
3116,W00063,0.75,0.8946,0.108,0.3616,Resting
3117,W00063,0.8,0.8283,0.0866,0.3551,Resting
3118,W00063,0.85,0.8247,0.1171,0.3492,Resting
3119,W00063,0.9,0.8151,0.0777,0.3882,Resting
3120,W00063,0.95,0.873,0.0843,0.341,Resting
3121,W00063,1.0,0.859,0.11,0.3539,Resting
3122,W00063,1.05,0.8551,0.1123,0.3691,Resting
3123,W00063,1.1,0.8721,0.0745,0.3076,Resting
3124,W00063,1.15,0.8473,0.1049,0.3555,Resting
3125,W00063,1.2,0.8608,0.127,0.339,Resting
3126,W00063,1.25,0.8278,0.0981,0.3754,Resting
3127,W00063,1.3,0.8306,0.1334,0.3238,Resting
3128,W00063,1.35,0.8641,0.0987,0.3261,Resting
3129,W00063,1.4,0.8388,0.1076,0.3591,Resting
3130,W00063,1.45,0.8602,0.0841,0.3556,Resting
3131,W00063,1.5,0.8456,0.0994,0.3352,Resting
3132,W00063,1.55,0.8376,0.0961,0.3391,Resting
3133,W00063,1.6,0.8006,0.107,0.3516,Resting
3134,W00063,1.65,0.8295,0.0969,0.3476,Resting
3135,W00063,1.7,0.8121,0.0635,0.3486,Resting
3136,W00063,1.75,0.8427,0.1064,0.3296,Resting
3137,W00063,1.8,0.8158,0.1297,0.3301,Resting
3138,W00063,1.85,0.8454,0.106,0.348,Resting
3139,W00063,1.9,0.8201,0.0734,0.3496,Resting
3140,W00063,1.95,0.8525,0.1146,0.3111,Resting
3141,W00063,2.0,0.8065,0.1184,0.3419,Resting
3142,W00063,2.05,0.8508,0.0855,0.3572,Resting
3143,W00063,2.1,0.8567,0.084,0.3372,Resting
3144,W00063,2.15,0.8683,0.0969,0.3403,Resting
3145,W00063,2.2,0.8445,0.1118,0.3295,Resting
3146,W00063,2.25,0.8181,0.0719,0.3162,Resting
3147,W00063,2.3,0.8124,0.0542,0.3549,Resting
3148,W00063,2.35,0.8458,0.118,0.3387,Resting
3149,W00063,2.4,0.835,0.0843,0.3256,Resting
3150,W00063,2.45,0.8324,0.0863,0.3662,Resting
3151,W00064,0.0,0.8815,0.0774,0.2863,Sleeping
3152,W00064,0.05,0.8722,0.0748,0.3008,Sleeping
3153,W00064,0.1,0.8849,0.0882,0.2967,Sleeping
3154,W00064,0.15,0.8819,0.0748,0.3008,Sleeping
3155,W00064,0.2,0.8813,0.0915,0.3136,Sleeping
3156,W00064,0.25,0.8723,0.0743,0.3135,Sleeping
3157,W00064,0.3,0.8886,0.0643,0.302,Sleeping
3158,W00064,0.35,0.8626,0.0748,0.3011,Sleeping
3159,W00064,0.4,0.8763,0.0643,0.3092,Sleeping
3160,W00064,0.45,0.8672,0.0654,0.2951,Sleeping
3161,W00064,0.5,0.8678,0.0915,0.2979,Sleeping
3162,W00064,0.55,0.8605,0.0849,0.3009,Sleeping
3163,W00064,0.6,0.8616,0.075,0.2982,Sleeping
3164,W00064,0.65,0.8742,0.0791,0.2979,Sleeping
3165,W00064,0.7,0.8852,0.0804,0.3053,Sleeping
3166,W00064,0.75,0.8748,0.0787,0.2913,Sleeping
3167,W00064,0.8,0.8777,0.0816,0.2923,Sleeping
3168,W00064,0.85,0.8788,0.0771,0.307,Sleeping
3169,W00064,0.9,0.8699,0.0836,0.2962,Sleeping
3170,W00064,0.95,0.8885,0.0875,0.3153,Sleeping
3171,W00064,1.0,0.8716,0.0928,0.2959,Sleeping
3172,W00064,1.05,0.8764,0.0888,0.3034,Sleeping
3173,W00064,1.1,0.8916,0.0884,0.3023,Sleeping
3174,W00064,1.15,0.8699,0.0561,0.2979,Sleeping
3175,W00064,1.2,0.8792,0.0776,0.2859,Sleeping
3176,W00064,1.25,0.8829,0.083,0.3043,Sleeping
3177,W00064,1.3,0.885,0.0812,0.2988,Sleeping
3178,W00064,1.35,0.8804,0.0654,0.2984,Sleeping
3179,W00064,1.4,0.8913,0.0886,0.3039,Sleeping
3180,W00064,1.45,0.8756,0.0733,0.3019,Sleeping
3181,W00064,1.5,0.868,0.0866,0.285,Sleeping
3182,W00064,1.55,0.8847,0.0736,0.2992,Sleeping
3183,W00064,1.6,0.8893,0.075,0.2879,Sleeping
3184,W00064,1.65,0.8852,0.0676,0.305,Sleeping
3185,W00064,1.7,0.876,0.0809,0.2991,Sleeping
3186,W00064,1.75,0.8775,0.0862,0.2998,Sleeping
3187,W00064,1.8,0.8716,0.0747,0.2971,Sleeping
3188,W00064,1.85,0.8846,0.0984,0.2917,Sleeping
3189,W00064,1.9,0.8745,0.0784,0.2884,Sleeping
3190,W00064,1.95,0.8727,0.0891,0.2919,Sleeping
3191,W00064,2.0,0.8844,0.0817,0.2977,Sleeping
3192,W00064,2.05,0.8827,0.0878,0.2952,Sleeping
3193,W00064,2.1,0.8851,0.0791,0.3008,Sleeping
3194,W00064,2.15,0.8794,0.0844,0.3063,Sleeping
3195,W00064,2.2,0.8697,0.0806,0.2799,Sleeping
3196,W00064,2.25,0.8769,0.0758,0.2939,Sleeping
3197,W00064,2.3,0.8923,0.0754,0.2915,Sleeping
3198,W00064,2.35,0.8625,0.0887,0.2857,Sleeping
3199,W00064,2.4,0.887,0.0858,0.3132,Sleeping
3200,W00064,2.45,0.8826,0.0779,0.3094,Sleeping
3201,W00065,0.0,0.0314,0.0306,0.9782,Standing
3202,W00065,0.05,0.0385,0.081,0.9879,Standing
3203,W00065,0.1,0.0943,0.0658,0.9597,Standing
3204,W00065,0.15,0.0826,0.0984,1.0126,Standing
3205,W00065,0.2,0.0586,0.0877,0.9561,Standing
3206,W00065,0.25,0.0517,0.1521,0.9855,Standing
3207,W00065,0.3,0.0192,0.1015,0.9776,Standing
3208,W00065,0.35,0.0984,0.1058,1.0384,Standing
3209,W00065,0.4,0.08,0.1061,0.9749,Standing
3210,W00065,0.45,0.0259,0.0923,0.9926,Standing
3211,W00065,0.5,0.0675,0.165,1.0055,Standing
3212,W00065,0.55,0.0869,0.0947,0.9913,Standing
3213,W00065,0.6,0.04,0.1089,0.9618,Standing
3214,W00065,0.65,0.0326,0.103,1.0186,Standing
3215,W00065,0.7,0.0444,0.0947,1.0083,Standing
3216,W00065,0.75,0.0852,0.0847,1.0075,Standing
3217,W00065,0.8,-0.0001,0.1154,0.9768,Standing
3218,W00065,0.85,0.1078,0.1371,0.9827,Standing
3219,W00065,0.9,0.0171,0.0262,0.9985,Standing
3220,W00065,0.95,0.0349,0.1045,0.9589,Standing
3221,W00065,1.0,0.058,0.0691,0.9749,Standing
3222,W00065,1.05,0.0343,0.1111,0.9518,Standing
3223,W00065,1.1,0.0706,0.1299,0.9777,Standing
3224,W00065,1.15,0.0874,0.0984,0.9627,Standing
3225,W00065,1.2,0.0368,0.0952,0.9417,Standing
3226,W00065,1.25,0.0483,0.1296,1.0228,Standing
3227,W00065,1.3,0.0098,0.071,0.9608,Standing
3228,W00065,1.35,0.0291,0.1854,0.9943,Standing
3229,W00065,1.4,0.0253,0.1613,0.9812,Standing
3230,W00065,1.45,0.0357,0.1151,0.9865,Standing
3231,W00065,1.5,0.0233,0.1054,0.9053,Standing
3232,W00065,1.55,0.0308,0.0803,0.9963,Standing
3233,W00065,1.6,0.0119,0.0699,0.9457,Standing
3234,W00065,1.65,0.0269,0.0634,0.9737,Standing
3235,W00065,1.7,0.0343,0.1029,0.9256,Standing
3236,W00065,1.75,0.0326,0.0703,0.9433,Standing
3237,W00065,1.8,-0.0338,0.0993,0.963,Standing
3238,W00065,1.85,0.0299,0.1091,1.0052,Standing
3239,W00065,1.9,0.0975,0.0311,0.9324,Standing
3240,W00065,1.95,0.0571,0.081,1.0005,Standing
3241,W00065,2.0,0.0888,0.1068,0.9762,Standing
3242,W00065,2.05,0.0332,0.1086,0.9874,Standing
3243,W00065,2.1,0.0877,0.1652,0.9881,Standing
3244,W00065,2.15,0.0809,0.1371,0.9968,Standing
3245,W00065,2.2,0.0366,0.0833,0.9808,Standing
3246,W00065,2.25,-0.004,0.137,0.9693,Standing
3247,W00065,2.3,0.0578,0.0972,0.953,Standing
3248,W00065,2.35,0.0482,0.0984,0.9909,Standing
3249,W00065,2.4,-0.0006,0.1265,0.9989,Standing
3250,W00065,2.45,0.0869,0.1403,1.0156,Standing
3251,W00066,0.0,0.8359,0.0881,0.3482,Resting
3252,W00066,0.05,0.8699,0.131,0.352,Resting
3253,W00066,0.1,0.8973,0.0708,0.3356,Resting
3254,W00066,0.15,0.8671,0.0823,0.3864,Resting
3255,W00066,0.2,0.8572,0.125,0.3482,Resting
3256,W00066,0.25,0.8881,0.1132,0.3404,Resting
3257,W00066,0.3,0.9006,0.0933,0.3845,Resting
3258,W00066,0.35,0.8615,0.1096,0.3461,Resting
3259,W00066,0.4,0.8654,0.0862,0.3491,Resting
3260,W00066,0.45,0.8739,0.0754,0.3624,Resting
3261,W00066,0.5,0.8765,0.0876,0.3681,Resting
3262,W00066,0.55,0.8576,0.1345,0.3619,Resting
3263,W00066,0.6,0.8577,0.0987,0.3312,Resting
3264,W00066,0.65,0.8346,0.1236,0.3433,Resting
3265,W00066,0.7,0.8415,0.136,0.3397,Resting
3266,W00066,0.75,0.8529,0.0741,0.3389,Resting
3267,W00066,0.8,0.8338,0.1207,0.3804,Resting
3268,W00066,0.85,0.8519,0.1123,0.3232,Resting
3269,W00066,0.9,0.9175,0.0751,0.3459,Resting
3270,W00066,0.95,0.8566,0.1133,0.3448,Resting
3271,W00066,1.0,0.8635,0.1024,0.377,Resting
3272,W00066,1.05,0.8785,0.0424,0.3218,Resting
3273,W00066,1.1,0.8486,0.0672,0.3328,Resting
3274,W00066,1.15,0.8704,0.0905,0.3706,Resting
3275,W00066,1.2,0.8308,0.0765,0.3353,Resting
3276,W00066,1.25,0.8426,0.0684,0.3468,Resting
3277,W00066,1.3,0.8191,0.093,0.3528,Resting
3278,W00066,1.35,0.8437,0.1287,0.3632,Resting
3279,W00066,1.4,0.8568,0.1115,0.3746,Resting
3280,W00066,1.45,0.834,0.0759,0.3345,Resting
3281,W00066,1.5,0.8404,0.1032,0.3217,Resting
3282,W00066,1.55,0.8512,0.086,0.352,Resting
3283,W00066,1.6,0.8231,0.0925,0.3531,Resting
3284,W00066,1.65,0.8317,0.0881,0.3685,Resting
3285,W00066,1.7,0.84,0.0836,0.351,Resting
3286,W00066,1.75,0.8645,0.0522,0.3462,Resting
3287,W00066,1.8,0.8653,0.1051,0.3447,Resting
3288,W00066,1.85,0.8589,0.1108,0.3411,Resting
3289,W00066,1.9,0.8648,0.0904,0.3445,Resting
3290,W00066,1.95,0.839,0.1043,0.3465,Resting
3291,W00066,2.0,0.8447,0.1088,0.3392,Resting
3292,W00066,2.05,0.8788,0.1053,0.3393,Resting
3293,W00066,2.1,0.838,0.1031,0.3089,Resting
3294,W00066,2.15,0.8727,0.1158,0.3662,Resting
3295,W00066,2.2,0.8402,0.0787,0.3736,Resting
3296,W00066,2.25,0.8327,0.0834,0.3351,Resting
3297,W00066,2.3,0.8566,0.0994,0.3573,Resting
3298,W00066,2.35,0.8023,0.1202,0.3742,Resting
3299,W00066,2.4,0.8212,0.0997,0.3559,Resting
3300,W00066,2.45,0.8368,0.0564,0.3627,Resting
3301,W00067,0.0,0.8862,0.0788,0.3009,Sleeping
3302,W00067,0.05,0.8835,0.0898,0.2847,Sleeping
3303,W00067,0.1,0.8757,0.0849,0.3028,Sleeping
3304,W00067,0.15,0.8802,0.0829,0.2828,Sleeping
3305,W00067,0.2,0.8767,0.0932,0.2936,Sleeping
3306,W00067,0.25,0.8727,0.0782,0.2935,Sleeping
3307,W00067,0.3,0.8891,0.0714,0.2941,Sleeping
3308,W00067,0.35,0.8727,0.0789,0.2901,Sleeping
3309,W00067,0.4,0.8763,0.0814,0.2987,Sleeping
3310,W00067,0.45,0.8699,0.0817,0.3062,Sleeping
3311,W00067,0.5,0.873,0.0779,0.2995,Sleeping
3312,W00067,0.55,0.8789,0.0956,0.2971,Sleeping
3313,W00067,0.6,0.8635,0.0821,0.2917,Sleeping
3314,W00067,0.65,0.881,0.0841,0.3023,Sleeping
3315,W00067,0.7,0.8804,0.0752,0.2955,Sleeping
3316,W00067,0.75,0.8781,0.0885,0.2994,Sleeping
3317,W00067,0.8,0.8684,0.0708,0.2983,Sleeping
3318,W00067,0.85,0.8641,0.0799,0.2977,Sleeping
3319,W00067,0.9,0.8741,0.0885,0.293,Sleeping
3320,W00067,0.95,0.8662,0.0782,0.2991,Sleeping
3321,W00067,1.0,0.8714,0.0627,0.3082,Sleeping
3322,W00067,1.05,0.8737,0.0854,0.2929,Sleeping
3323,W00067,1.1,0.8774,0.0755,0.2951,Sleeping
3324,W00067,1.15,0.8842,0.077,0.2997,Sleeping
3325,W00067,1.2,0.8845,0.0911,0.2936,Sleeping
3326,W00067,1.25,0.8743,0.074,0.309,Sleeping
3327,W00067,1.3,0.8848,0.0778,0.3014,Sleeping
3328,W00067,1.35,0.8718,0.0728,0.314,Sleeping
3329,W00067,1.4,0.8662,0.0821,0.2995,Sleeping
3330,W00067,1.45,0.8761,0.0704,0.2922,Sleeping
3331,W00067,1.5,0.8687,0.0706,0.3162,Sleeping
3332,W00067,1.55,0.889,0.0821,0.2933,Sleeping
3333,W00067,1.6,0.8835,0.0715,0.2935,Sleeping
3334,W00067,1.65,0.8648,0.0773,0.2936,Sleeping
3335,W00067,1.7,0.8829,0.079,0.31,Sleeping
3336,W00067,1.75,0.8744,0.0795,0.308,Sleeping
3337,W00067,1.8,0.8648,0.0762,0.3061,Sleeping
3338,W00067,1.85,0.878,0.0871,0.2893,Sleeping
3339,W00067,1.9,0.8853,0.07,0.2946,Sleeping
3340,W00067,1.95,0.8739,0.0671,0.3089,Sleeping
3341,W00067,2.0,0.8733,0.0719,0.2974,Sleeping
3342,W00067,2.05,0.8688,0.0741,0.2918,Sleeping
3343,W00067,2.1,0.8781,0.0767,0.2924,Sleeping
3344,W00067,2.15,0.8729,0.0734,0.3011,Sleeping
3345,W00067,2.2,0.8793,0.0648,0.2889,Sleeping
3346,W00067,2.25,0.8834,0.0963,0.3065,Sleeping
3347,W00067,2.3,0.8756,0.0744,0.291,Sleeping
3348,W00067,2.35,0.8749,0.0771,0.2977,Sleeping
3349,W00067,2.4,0.8834,0.0709,0.2943,Sleeping
3350,W00067,2.45,0.8799,0.0756,0.2855,Sleeping
3351,W00068,0.0,0.0292,0.1049,0.9746,Standing
3352,W00068,0.05,0.0389,0.1311,0.9465,Standing
3353,W00068,0.1,0.044,0.0458,0.9837,Standing
3354,W00068,0.15,0.022,0.1181,0.9364,Standing
3355,W00068,0.2,0.0307,0.0302,0.9751,Standing
3356,W00068,0.25,0.0054,0.0767,0.9454,Standing
3357,W00068,0.3,0.0761,0.09,0.9322,Standing
3358,W00068,0.35,0.0282,0.119,0.9786,Standing
3359,W00068,0.4,0.0316,0.0742,0.9755,Standing
3360,W00068,0.45,0.0062,0.0522,1.0001,Standing
3361,W00068,0.5,0.0792,0.1266,1.0457,Standing
3362,W00068,0.55,0.0621,0.0636,0.9824,Standing
3363,W00068,0.6,0.0266,0.0989,0.9299,Standing
3364,W00068,0.65,0.0589,0.1275,1.0329,Standing
3365,W00068,0.7,0.0436,0.1223,1.0058,Standing
3366,W00068,0.75,0.0299,0.0726,0.9852,Standing
3367,W00068,0.8,0.0435,0.0631,0.9664,Standing
3368,W00068,0.85,0.0886,0.0596,0.9369,Standing
3369,W00068,0.9,0.0588,0.1023,0.9701,Standing
3370,W00068,0.95,0.0877,0.083,0.9998,Standing
3371,W00068,1.0,0.0694,0.0946,0.961,Standing
3372,W00068,1.05,0.0348,0.1435,0.9643,Standing
3373,W00068,1.1,0.0501,0.1555,0.9696,Standing
3374,W00068,1.15,0.0262,0.1191,0.9937,Standing
3375,W00068,1.2,0.056,0.0718,0.9663,Standing
3376,W00068,1.25,0.0235,0.1211,1.0083,Standing
3377,W00068,1.3,0.0314,0.1505,1.0061,Standing
3378,W00068,1.35,0.0607,0.1384,0.9945,Standing
3379,W00068,1.4,0.1044,0.1198,1.0045,Standing
3380,W00068,1.45,0.0314,0.1246,1.0085,Standing
3381,W00068,1.5,0.0773,0.1203,0.9786,Standing
3382,W00068,1.55,0.0651,0.067,0.9688,Standing
3383,W00068,1.6,0.0868,0.1354,0.9829,Standing
3384,W00068,1.65,0.0941,0.1297,0.9931,Standing
3385,W00068,1.7,0.0746,0.0945,0.9937,Standing
3386,W00068,1.75,0.0732,0.1039,0.9737,Standing
3387,W00068,1.8,0.0783,0.1422,0.9651,Standing
3388,W00068,1.85,0.0089,0.1214,0.951,Standing
3389,W00068,1.9,0.0081,0.1363,1.0258,Standing
3390,W00068,1.95,0.0732,0.1322,0.962,Standing
3391,W00068,2.0,0.0909,0.1137,0.9902,Standing
3392,W00068,2.05,-0.0018,0.1135,0.961,Standing
3393,W00068,2.1,0.0235,0.0342,0.9675,Standing
3394,W00068,2.15,0.0446,0.0827,1.0017,Standing
3395,W00068,2.2,0.0957,0.0458,0.9931,Standing
3396,W00068,2.25,0.0489,0.0391,0.995,Standing
3397,W00068,2.3,0.0145,0.1231,0.9511,Standing
3398,W00068,2.35,0.0353,0.118,0.954,Standing
3399,W00068,2.4,0.0562,0.1283,0.9667,Standing
3400,W00068,2.45,0.1068,0.1233,0.9499,Standing
3401,W00069,0.0,0.4583,0.2917,1.1135,Running
3402,W00069,0.05,0.9132,0.4509,1.1164,Running
3403,W00069,0.1,0.5168,0.6149,1.1397,Running
3404,W00069,0.15,0.1206,0.2864,0.7227,Running
3405,W00069,0.2,-0.3186,-0.0925,0.2515,Running
3406,W00069,0.25,-0.3117,0.0998,0.7941,Running
3407,W00069,0.3,0.2073,0.1334,0.9076,Running
3408,W00069,0.35,0.7512,0.105,1.2104,Running
3409,W00069,0.4,0.4699,0.5483,0.9046,Running
3410,W00069,0.45,0.135,0.3966,1.0732,Running
3411,W00069,0.5,-0.0803,0.1447,0.4827,Running
3412,W00069,0.55,-0.5533,-0.0407,0.876,Running
3413,W00069,0.6,-0.0441,-0.2024,0.7457,Running
3414,W00069,0.65,0.398,0.1465,0.9546,Running
3415,W00069,0.7,0.5815,0.2767,1.3308,Running
3416,W00069,0.75,0.4567,0.122,0.8126,Running
3417,W00069,0.8,0.0266,-0.1044,0.8162,Running
3418,W00069,0.85,-0.3714,0.0314,0.7612,Running
3419,W00069,0.9,-0.0809,-0.0874,0.7393,Running
3420,W00069,0.95,0.419,0.549,1.0716,Running
3421,W00069,1.0,0.6001,0.4337,0.9512,Running
3422,W00069,1.05,0.4215,0.4946,1.2169,Running
3423,W00069,1.1,-0.1602,0.2166,1.1148,Running
3424,W00069,1.15,-0.4131,-0.0581,0.5325,Running
3425,W00069,1.2,-0.3045,-0.1888,0.9109,Running
3426,W00069,1.25,0.5026,0.2736,0.959,Running
3427,W00069,1.3,0.3601,0.475,0.8788,Running
3428,W00069,1.35,0.8543,0.6135,1.055,Running
3429,W00069,1.4,0.2183,0.2659,0.6558,Running
3430,W00069,1.45,-0.0195,0.0296,0.8664,Running
3431,W00069,1.5,-0.0416,-0.1233,0.2591,Running
3432,W00069,1.55,0.0058,0.2361,0.6622,Running
3433,W00069,1.6,0.3069,0.2984,0.9952,Running
3434,W00069,1.65,0.9644,0.1744,1.0921,Running
3435,W00069,1.7,0.3701,0.4627,0.7452,Running
3436,W00069,1.75,0.0193,-0.0827,0.6658,Running
3437,W00069,1.8,-0.5621,-0.0201,0.7349,Running
3438,W00069,1.85,-0.2611,0.0103,0.7832,Running
3439,W00069,1.9,0.3786,0.2889,0.8576,Running
3440,W00069,1.95,0.8029,0.3848,1.4285,Running
3441,W00069,2.0,0.3046,0.4044,1.0731,Running
3442,W00069,2.05,0.0296,0.1082,0.4461,Running
3443,W00069,2.1,-0.2696,0.0756,0.6811,Running
3444,W00069,2.15,-0.2837,-0.0189,0.7672,Running
3445,W00069,2.2,0.0491,0.2034,0.9449,Running
3446,W00069,2.25,0.6398,0.2383,0.9384,Running
3447,W00069,2.3,0.7289,0.1718,1.2742,Running
3448,W00069,2.35,0.2396,0.1621,0.7259,Running
3449,W00069,2.4,-0.2564,0.0111,0.7094,Running
3450,W00069,2.45,-0.4809,0.2161,0.837,Running
3451,W00070,0.0,0.0699,0.2056,-0.1706,Abnormal Movement
3452,W00070,0.05,-0.1172,-0.375,0.7585,Abnormal Movement
3453,W00070,0.1,-0.7549,0.5598,0.0415,Abnormal Movement
3454,W00070,0.15,-0.6806,-0.5736,0.8273,Abnormal Movement
3455,W00070,0.2,-0.6487,0.247,0.1984,Abnormal Movement
3456,W00070,0.25,-0.0894,-0.507,0.1666,Abnormal Movement
3457,W00070,0.3,-0.3214,0.1863,0.7098,Abnormal Movement
3458,W00070,0.35,-0.3391,-0.5486,0.6713,Abnormal Movement
3459,W00070,0.4,-0.1724,0.5144,0.317,Abnormal Movement
3460,W00070,0.45,-0.8119,0.6442,0.8123,Abnormal Movement
3461,W00070,0.5,0.9393,0.1057,0.8751,Abnormal Movement
3462,W00070,0.55,0.9234,0.0145,0.7769,Abnormal Movement
3463,W00070,0.6,1.3032,-0.2246,1.0007,Abnormal Movement
3464,W00070,0.65,0.1046,1.4208,-0.0635,Abnormal Movement
3465,W00070,0.7,0.5747,0.3162,0.8507,Abnormal Movement
3466,W00070,0.75,0.624,-0.4698,1.1156,Abnormal Movement
3467,W00070,0.8,0.5813,0.609,0.4781,Abnormal Movement
3468,W00070,0.85,0.7712,0.1855,0.5152,Abnormal Movement
3469,W00070,0.9,-0.6607,0.3661,0.1266,Abnormal Movement
3470,W00070,0.95,-0.9193,-0.0425,-0.0954,Abnormal Movement
3471,W00070,1.0,0.8692,-0.5352,-0.5576,Abnormal Movement
3472,W00070,1.05,-0.9637,-0.5776,0.1456,Abnormal Movement
3473,W00070,1.1,0.0097,-0.7232,0.7754,Abnormal Movement
3474,W00070,1.15,-0.9023,-0.3735,-0.3922,Abnormal Movement
3475,W00070,1.2,-0.5637,-0.6298,-0.0133,Abnormal Movement
3476,W00070,1.25,0.4624,-0.7637,0.5525,Abnormal Movement
3477,W00070,1.3,0.3959,0.1441,0.0877,Abnormal Movement
3478,W00070,1.35,-0.3524,0.6905,1.0938,Abnormal Movement
3479,W00070,1.4,0.2937,0.8672,-0.2588,Abnormal Movement
3480,W00070,1.45,1.0525,-0.3271,0.5924,Abnormal Movement
3481,W00070,1.5,0.7219,0.2835,0.8425,Abnormal Movement
3482,W00070,1.55,0.8692,0.6666,1.496,Abnormal Movement
3483,W00070,1.6,0.2405,0.3872,0.4037,Abnormal Movement
3484,W00070,1.65,0.0407,0.5657,0.9535,Abnormal Movement
3485,W00070,1.7,-0.7376,0.6727,0.7865,Abnormal Movement
3486,W00070,1.75,0.3133,0.2136,-0.1023,Abnormal Movement
3487,W00070,1.8,-0.1555,0.1986,0.4663,Abnormal Movement
3488,W00070,1.85,-0.0936,-0.4745,1.1748,Abnormal Movement
3489,W00070,1.9,-0.2064,-0.1432,0.8754,Abnormal Movement
3490,W00070,1.95,-0.2671,0.0945,0.9646,Abnormal Movement
3491,W00070,2.0,-1.0425,-0.5135,0.6248,Abnormal Movement
3492,W00070,2.05,0.2393,0.2364,0.5383,Abnormal Movement
3493,W00070,2.1,-0.2007,0.2658,-0.178,Abnormal Movement
3494,W00070,2.15,1.04,-0.3658,0.4007,Abnormal Movement
3495,W00070,2.2,-0.1846,0.9252,0.3941,Abnormal Movement
3496,W00070,2.25,0.1639,0.451,1.2021,Abnormal Movement
3497,W00070,2.3,0.1342,0.5646,0.8625,Abnormal Movement
3498,W00070,2.35,-0.1383,0.0888,1.0594,Abnormal Movement
3499,W00070,2.4,0.5434,0.0338,0.2204,Abnormal Movement
3500,W00070,2.45,0.868,0.1576,0.603,Abnormal Movement
3501,W00071,0.0,0.0248,0.055,1.0084,Standing
3502,W00071,0.05,0.0263,0.069,1.0517,Standing
3503,W00071,0.1,-0.0085,0.1295,1.0041,Standing
3504,W00071,0.15,0.0372,0.0665,0.9659,Standing
3505,W00071,0.2,0.0432,0.0883,1.0133,Standing
3506,W00071,0.25,0.0774,0.1027,0.9731,Standing
3507,W00071,0.3,0.0532,0.1358,0.9922,Standing
3508,W00071,0.35,0.0196,0.1093,0.9322,Standing
3509,W00071,0.4,0.0654,0.0614,0.9536,Standing
3510,W00071,0.45,-0.0301,0.1403,0.9879,Standing
3511,W00071,0.5,0.0623,0.0808,0.9751,Standing
3512,W00071,0.55,0.0726,0.1073,0.9338,Standing
3513,W00071,0.6,0.0849,0.1178,0.9405,Standing
3514,W00071,0.65,0.0649,0.1038,1.0037,Standing
3515,W00071,0.7,0.035,0.0681,1.0086,Standing
3516,W00071,0.75,0.0566,0.0581,1.0258,Standing
3517,W00071,0.8,0.0617,0.0888,0.9429,Standing
3518,W00071,0.85,-0.0139,0.0706,0.9717,Standing
3519,W00071,0.9,0.1125,0.0753,0.9716,Standing
3520,W00071,0.95,0.0387,0.1598,0.935,Standing
3521,W00071,1.0,0.0807,0.1245,0.9922,Standing
3522,W00071,1.05,0.0666,0.112,0.9953,Standing
3523,W00071,1.1,0.0652,0.1313,0.9926,Standing
3524,W00071,1.15,0.057,0.1051,1.0137,Standing
3525,W00071,1.2,0.0803,0.1487,0.9552,Standing
3526,W00071,1.25,0.1212,0.0557,0.9674,Standing
3527,W00071,1.3,0.0901,0.1248,0.9768,Standing
3528,W00071,1.35,0.0139,0.0614,0.9995,Standing
3529,W00071,1.4,0.0271,0.1426,1.0152,Standing
3530,W00071,1.45,0.1012,0.0973,0.9598,Standing
3531,W00071,1.5,0.0706,0.1034,0.953,Standing
3532,W00071,1.55,0.0756,0.084,0.9743,Standing
3533,W00071,1.6,0.0379,0.1456,0.963,Standing
3534,W00071,1.65,0.0179,0.0759,0.9899,Standing
3535,W00071,1.7,0.0594,0.0948,1.0119,Standing
3536,W00071,1.75,0.0408,0.0914,0.9619,Standing
3537,W00071,1.8,0.0419,0.1366,0.9967,Standing
3538,W00071,1.85,0.0054,0.0945,0.9796,Standing
3539,W00071,1.9,-0.0151,0.1154,1.0255,Standing
3540,W00071,1.95,0.0296,0.1219,1.016,Standing
3541,W00071,2.0,0.0468,0.1037,0.9943,Standing
3542,W00071,2.05,0.0103,0.0817,0.9894,Standing
3543,W00071,2.1,0.0268,0.0897,0.9947,Standing
3544,W00071,2.15,0.0222,0.1404,0.9914,Standing
3545,W00071,2.2,-0.0014,0.0691,0.9777,Standing
3546,W00071,2.25,0.0308,0.1381,0.9685,Standing
3547,W00071,2.3,0.0448,0.1182,0.9917,Standing
3548,W00071,2.35,0.0063,0.0822,0.9578,Standing
3549,W00071,2.4,0.0541,0.135,0.9607,Standing
3550,W00071,2.45,0.0449,0.1341,0.9292,Standing
3551,W00072,0.0,-0.0262,0.3068,0.1709,Abnormal Movement
3552,W00072,0.05,0.2876,1.1788,0.5777,Abnormal Movement
3553,W00072,0.1,-0.0598,0.0307,0.1839,Abnormal Movement
3554,W00072,0.15,-0.6064,0.1975,0.5185,Abnormal Movement
3555,W00072,0.2,0.0735,-0.1791,0.7812,Abnormal Movement
3556,W00072,0.25,0.8763,-0.0369,-0.3911,Abnormal Movement
3557,W00072,0.3,0.242,0.5552,0.1724,Abnormal Movement
3558,W00072,0.35,-0.0266,0.184,0.5567,Abnormal Movement
3559,W00072,0.4,-0.0594,0.1114,0.1407,Abnormal Movement
3560,W00072,0.45,0.8879,-0.3146,0.2049,Abnormal Movement
3561,W00072,0.5,-0.003,0.3317,0.8152,Abnormal Movement
3562,W00072,0.55,0.1237,-0.1681,0.7751,Abnormal Movement
3563,W00072,0.6,0.2848,-1.0696,0.5158,Abnormal Movement
3564,W00072,0.65,0.084,-0.6609,0.2039,Abnormal Movement
3565,W00072,0.7,-0.3833,0.4032,0.9802,Abnormal Movement
3566,W00072,0.75,0.428,0.366,0.5944,Abnormal Movement
3567,W00072,0.8,0.0336,0.8734,0.9996,Abnormal Movement
3568,W00072,0.85,-0.5552,-0.9821,0.5682,Abnormal Movement
3569,W00072,0.9,-0.5063,0.7288,0.6505,Abnormal Movement
3570,W00072,0.95,-0.4788,0.0872,-0.3255,Abnormal Movement
3571,W00072,1.0,0.1019,0.7199,1.0873,Abnormal Movement
3572,W00072,1.05,-0.1194,0.8888,1.6927,Abnormal Movement
3573,W00072,1.1,0.0981,-0.1426,0.8061,Abnormal Movement
3574,W00072,1.15,0.5534,-1.1039,0.4545,Abnormal Movement
3575,W00072,1.2,-0.941,0.006,0.8839,Abnormal Movement
3576,W00072,1.25,0.5845,0.1932,0.581,Abnormal Movement
3577,W00072,1.3,0.965,0.2686,1.2007,Abnormal Movement
3578,W00072,1.35,0.98,-0.0863,0.6716,Abnormal Movement
3579,W00072,1.4,-0.46,0.0685,-0.1263,Abnormal Movement
3580,W00072,1.45,0.5754,-0.1465,0.7579,Abnormal Movement
3581,W00072,1.5,0.3462,0.0339,0.6467,Abnormal Movement
3582,W00072,1.55,0.443,0.6781,0.6842,Abnormal Movement
3583,W00072,1.6,1.1023,0.2547,0.9515,Abnormal Movement
3584,W00072,1.65,0.0102,0.7995,0.5288,Abnormal Movement
3585,W00072,1.7,0.1297,-0.6628,0.3046,Abnormal Movement
3586,W00072,1.75,0.2479,0.9145,0.401,Abnormal Movement
3587,W00072,1.8,0.1184,0.7042,1.1395,Abnormal Movement
3588,W00072,1.85,0.8069,0.3585,0.0897,Abnormal Movement
3589,W00072,1.9,0.017,-0.7542,-0.1584,Abnormal Movement
3590,W00072,1.95,-0.2873,-0.3427,0.402,Abnormal Movement
3591,W00072,2.0,-0.508,-0.2989,1.1872,Abnormal Movement
3592,W00072,2.05,0.2109,1.2841,0.9697,Abnormal Movement
3593,W00072,2.1,0.4342,1.5977,0.4466,Abnormal Movement
3594,W00072,2.15,0.5804,0.6287,0.8052,Abnormal Movement
3595,W00072,2.2,0.0505,-0.0382,0.0866,Abnormal Movement
3596,W00072,2.25,-0.0335,-0.3863,0.0246,Abnormal Movement
3597,W00072,2.3,1.2527,0.6051,0.0926,Abnormal Movement
3598,W00072,2.35,0.5373,0.201,0.6065,Abnormal Movement
3599,W00072,2.4,-0.1277,0.8416,0.7362,Abnormal Movement
3600,W00072,2.45,-0.4879,-0.0792,0.8049,Abnormal Movement
3601,W00073,0.0,0.0327,0.1446,1.001,Standing
3602,W00073,0.05,0.0113,0.122,0.9041,Standing
3603,W00073,0.1,0.0572,0.0657,0.9756,Standing
3604,W00073,0.15,0.0456,0.1225,0.9751,Standing
3605,W00073,0.2,-0.008,0.0814,0.9345,Standing
3606,W00073,0.25,0.0452,0.134,0.9883,Standing
3607,W00073,0.3,0.0401,0.0871,0.956,Standing
3608,W00073,0.35,0.0125,0.1047,0.928,Standing
3609,W00073,0.4,-0.0155,0.0813,0.9936,Standing
3610,W00073,0.45,-0.0039,0.0672,0.9491,Standing
3611,W00073,0.5,-0.0187,0.0972,0.9764,Standing
3612,W00073,0.55,0.0023,0.0883,0.967,Standing
3613,W00073,0.6,0.0149,0.0711,0.9101,Standing
3614,W00073,0.65,0.067,0.0937,1.0027,Standing
3615,W00073,0.7,0.0561,0.0872,0.9421,Standing
3616,W00073,0.75,0.0124,0.0611,0.8938,Standing
3617,W00073,0.8,0.009,0.0881,1.0016,Standing
3618,W00073,0.85,0.045,0.0748,0.9753,Standing
3619,W00073,0.9,0.0857,0.1704,1.0361,Standing
3620,W00073,0.95,0.07,0.0603,1.0097,Standing
3621,W00073,1.0,0.0399,0.114,0.9845,Standing
3622,W00073,1.05,0.0893,0.1739,1.0314,Standing
3623,W00073,1.1,0.0348,0.0708,1.0027,Standing
3624,W00073,1.15,0.0747,0.1242,0.9547,Standing
3625,W00073,1.2,0.0505,0.0675,0.9759,Standing
3626,W00073,1.25,0.0359,0.0555,0.9456,Standing
3627,W00073,1.3,0.1125,0.0878,0.9862,Standing
3628,W00073,1.35,0.0524,0.148,1.0618,Standing
3629,W00073,1.4,0.0571,0.165,1.0001,Standing
3630,W00073,1.45,0.0623,0.1375,0.9921,Standing
3631,W00073,1.5,0.0561,0.0785,1.0107,Standing
3632,W00073,1.55,-0.0072,0.0748,0.9673,Standing
3633,W00073,1.6,0.0096,0.1153,0.993,Standing
3634,W00073,1.65,0.0604,0.0653,1.0165,Standing
3635,W00073,1.7,0.0918,0.0456,0.9741,Standing
3636,W00073,1.75,0.0372,0.1383,0.939,Standing
3637,W00073,1.8,0.0274,0.0729,0.9584,Standing
3638,W00073,1.85,0.0438,0.0942,0.9793,Standing
3639,W00073,1.9,0.0751,0.0967,0.9231,Standing
3640,W00073,1.95,0.0009,0.0572,0.9249,Standing
3641,W00073,2.0,-0.0023,0.094,0.9847,Standing
3642,W00073,2.05,0.0178,0.1269,0.9628,Standing
3643,W00073,2.1,0.0352,0.0434,0.9771,Standing
3644,W00073,2.15,0.0347,0.0759,0.9782,Standing
3645,W00073,2.2,0.0156,0.0898,1.0051,Standing
3646,W00073,2.25,0.0615,0.0492,1.0336,Standing
3647,W00073,2.3,0.0331,0.0894,1.0058,Standing
3648,W00073,2.35,0.0428,0.1215,0.9529,Standing
3649,W00073,2.4,0.0642,0.0729,0.9319,Standing
3650,W00073,2.45,0.0833,0.0591,0.982,Standing
3651,W00074,0.0,0.0019,0.0923,0.953,Walking
3652,W00074,0.05,-0.0083,0.233,0.7456,Walking
3653,W00074,0.1,-0.1222,0.0889,0.8319,Walking
3654,W00074,0.15,-0.215,0.0208,0.8879,Walking
3655,W00074,0.2,-0.1188,0.0437,0.9195,Walking
3656,W00074,0.25,0.0079,0.192,1.0897,Walking
3657,W00074,0.3,0.0464,0.1105,0.8655,Walking
3658,W00074,0.35,0.2275,0.091,0.9317,Walking
3659,W00074,0.4,0.3663,0.2471,1.0619,Walking
3660,W00074,0.45,0.3088,0.1256,1.133,Walking
3661,W00074,0.5,0.1788,0.3696,1.0053,Walking
3662,W00074,0.55,0.3138,0.2142,0.9842,Walking
3663,W00074,0.6,0.2146,0.2708,1.0406,Walking
3664,W00074,0.65,0.3366,0.2748,1.0941,Walking
3665,W00074,0.7,0.2019,0.1459,0.9635,Walking
3666,W00074,0.75,0.0463,0.0115,0.9197,Walking
3667,W00074,0.8,0.006,0.0393,0.8921,Walking
3668,W00074,0.85,-0.041,0.0936,0.7915,Walking
3669,W00074,0.9,0.0824,-0.0091,0.7505,Walking
3670,W00074,0.95,-0.1538,0.1134,0.8325,Walking
3671,W00074,1.0,-0.0976,0.1065,0.7809,Walking
3672,W00074,1.05,-0.2149,0.0305,0.8794,Walking
3673,W00074,1.1,0.2642,0.0492,0.7555,Walking
3674,W00074,1.15,-0.069,0.2986,0.9685,Walking
3675,W00074,1.2,0.329,0.1826,1.0144,Walking
3676,W00074,1.25,0.2344,0.1612,1.0836,Walking
3677,W00074,1.3,0.3821,0.106,1.1157,Walking
3678,W00074,1.35,0.2935,0.2584,1.2641,Walking
3679,W00074,1.4,0.2362,0.1694,0.9688,Walking
3680,W00074,1.45,0.2003,0.0787,1.0698,Walking
3681,W00074,1.5,0.1942,0.2156,0.9867,Walking
3682,W00074,1.55,0.0934,0.0994,0.8858,Walking
3683,W00074,1.6,-0.0432,-0.0894,0.8284,Walking
3684,W00074,1.65,-0.1337,0.1137,0.8383,Walking
3685,W00074,1.7,-0.1033,0.0438,0.8455,Walking
3686,W00074,1.75,-0.1401,0.1096,0.8463,Walking
3687,W00074,1.8,-0.1676,0.0819,1.0008,Walking
3688,W00074,1.85,0.1102,0.0855,0.8245,Walking
3689,W00074,1.9,0.1766,0.1574,1.0988,Walking
3690,W00074,1.95,0.275,0.2152,1.2286,Walking
3691,W00074,2.0,0.3187,0.2583,0.9999,Walking
3692,W00074,2.05,0.3607,0.2994,1.1798,Walking
3693,W00074,2.1,0.2174,0.2933,1.0093,Walking
3694,W00074,2.15,0.2681,0.2424,1.1266,Walking
3695,W00074,2.2,0.2054,0.1776,0.9845,Walking
3696,W00074,2.25,0.0613,0.1848,1.0336,Walking
3697,W00074,2.3,0.0004,0.2481,0.9816,Walking
3698,W00074,2.35,-0.057,0.2588,0.9287,Walking
3699,W00074,2.4,-0.1166,0.1651,0.9621,Walking
3700,W00074,2.45,-0.0561,0.0831,0.978,Walking
3701,W00075,0.0,0.0231,0.0748,0.9889,Standing
3702,W00075,0.05,0.0697,0.0815,0.9565,Standing
3703,W00075,0.1,0.0552,0.1265,0.9488,Standing
3704,W00075,0.15,0.0068,0.1326,1.0369,Standing
3705,W00075,0.2,0.0714,0.0527,0.9796,Standing
3706,W00075,0.25,0.1106,0.0952,1.0143,Standing
3707,W00075,0.3,0.0569,0.094,1.0151,Standing
3708,W00075,0.35,0.0345,0.0718,1.0304,Standing
3709,W00075,0.4,0.0899,0.087,0.9742,Standing
3710,W00075,0.45,0.1067,0.0768,0.9546,Standing
3711,W00075,0.5,0.0857,0.1224,0.9947,Standing
3712,W00075,0.55,0.073,0.0567,1.0011,Standing
3713,W00075,0.6,0.0506,0.1829,0.9909,Standing
3714,W00075,0.65,0.0572,0.1139,0.995,Standing
3715,W00075,0.7,0.0936,0.0599,0.9421,Standing
3716,W00075,0.75,0.0674,0.0678,0.9355,Standing
3717,W00075,0.8,0.1277,0.1052,0.9897,Standing
3718,W00075,0.85,0.0577,0.0858,0.985,Standing
3719,W00075,0.9,0.0129,0.1066,1.0132,Standing
3720,W00075,0.95,0.0891,0.1318,1.0147,Standing
3721,W00075,1.0,0.0845,0.1389,1.0433,Standing
3722,W00075,1.05,0.0805,0.058,0.9551,Standing
3723,W00075,1.1,0.0922,0.0868,0.9895,Standing
3724,W00075,1.15,0.0443,0.1101,0.9736,Standing
3725,W00075,1.2,0.1133,0.0696,0.9545,Standing
3726,W00075,1.25,0.0975,0.1215,0.9204,Standing
3727,W00075,1.3,0.0362,0.1282,1.0145,Standing
3728,W00075,1.35,0.0861,0.1517,0.997,Standing
3729,W00075,1.4,0.0762,0.1104,0.9807,Standing
3730,W00075,1.45,0.0238,0.1491,1.0187,Standing
3731,W00075,1.5,0.0558,0.0681,0.9838,Standing
3732,W00075,1.55,0.0317,0.1164,0.9597,Standing
3733,W00075,1.6,0.0351,0.1262,0.9787,Standing
3734,W00075,1.65,0.0906,0.1281,0.9529,Standing
3735,W00075,1.7,0.0697,0.1523,0.9877,Standing
3736,W00075,1.75,0.0971,0.0987,1.0102,Standing
3737,W00075,1.8,0.0654,0.0737,0.9928,Standing
3738,W00075,1.85,0.053,0.0893,0.9481,Standing
3739,W00075,1.9,0.0323,0.0511,0.9851,Standing
3740,W00075,1.95,0.0351,0.044,0.9898,Standing
3741,W00075,2.0,0.0027,0.1229,0.996,Standing
3742,W00075,2.05,0.0282,0.0832,0.9668,Standing
3743,W00075,2.1,-0.0134,0.1445,0.9713,Standing
3744,W00075,2.15,0.074,0.0854,1.0236,Standing
3745,W00075,2.2,0.044,0.123,0.9765,Standing
3746,W00075,2.25,0.0142,0.0893,0.967,Standing
3747,W00075,2.3,0.0208,0.0696,0.9538,Standing
3748,W00075,2.35,0.0463,0.0353,1.0293,Standing
3749,W00075,2.4,0.0133,0.1119,0.9938,Standing
3750,W00075,2.45,0.0551,0.1293,0.9672,Standing
3751,W00076,0.0,0.873,0.0861,0.2951,Sleeping
3752,W00076,0.05,0.8636,0.0763,0.2932,Sleeping
3753,W00076,0.1,0.8776,0.0947,0.3008,Sleeping
3754,W00076,0.15,0.8713,0.0808,0.3027,Sleeping
3755,W00076,0.2,0.8762,0.082,0.3004,Sleeping
3756,W00076,0.25,0.8708,0.0767,0.2978,Sleeping
3757,W00076,0.3,0.8681,0.0675,0.2986,Sleeping
3758,W00076,0.35,0.8764,0.075,0.3019,Sleeping
3759,W00076,0.4,0.8793,0.0752,0.3145,Sleeping
3760,W00076,0.45,0.8825,0.078,0.2906,Sleeping
3761,W00076,0.5,0.8859,0.0803,0.2973,Sleeping
3762,W00076,0.55,0.8754,0.0706,0.3117,Sleeping
3763,W00076,0.6,0.8851,0.0814,0.3044,Sleeping
3764,W00076,0.65,0.8819,0.0757,0.2835,Sleeping
3765,W00076,0.7,0.8825,0.0781,0.2911,Sleeping
3766,W00076,0.75,0.8775,0.0873,0.2793,Sleeping
3767,W00076,0.8,0.8723,0.078,0.2924,Sleeping
3768,W00076,0.85,0.8832,0.0695,0.2886,Sleeping
3769,W00076,0.9,0.8809,0.0817,0.3068,Sleeping
3770,W00076,0.95,0.8882,0.0712,0.3123,Sleeping
3771,W00076,1.0,0.8751,0.0841,0.311,Sleeping
3772,W00076,1.05,0.8808,0.0806,0.3058,Sleeping
3773,W00076,1.1,0.8748,0.0771,0.2974,Sleeping
3774,W00076,1.15,0.8556,0.068,0.3025,Sleeping
3775,W00076,1.2,0.8654,0.0832,0.2967,Sleeping
3776,W00076,1.25,0.8866,0.0839,0.3011,Sleeping
3777,W00076,1.3,0.8752,0.0811,0.317,Sleeping
3778,W00076,1.35,0.8731,0.0608,0.2999,Sleeping
3779,W00076,1.4,0.8574,0.0835,0.31,Sleeping
3780,W00076,1.45,0.8766,0.0845,0.2963,Sleeping
3781,W00076,1.5,0.8897,0.0783,0.2965,Sleeping
3782,W00076,1.55,0.8649,0.0897,0.2805,Sleeping
3783,W00076,1.6,0.8739,0.0967,0.2988,Sleeping
3784,W00076,1.65,0.88,0.0728,0.2958,Sleeping
3785,W00076,1.7,0.8974,0.0729,0.3086,Sleeping
3786,W00076,1.75,0.8792,0.0659,0.3104,Sleeping
3787,W00076,1.8,0.8722,0.0728,0.3022,Sleeping
3788,W00076,1.85,0.8675,0.0769,0.2862,Sleeping
3789,W00076,1.9,0.884,0.0837,0.2981,Sleeping
3790,W00076,1.95,0.8787,0.0767,0.3138,Sleeping
3791,W00076,2.0,0.8697,0.0789,0.3078,Sleeping
3792,W00076,2.05,0.8584,0.0709,0.3077,Sleeping
3793,W00076,2.1,0.888,0.0781,0.3054,Sleeping
3794,W00076,2.15,0.8682,0.0805,0.3032,Sleeping
3795,W00076,2.2,0.869,0.0673,0.3058,Sleeping
3796,W00076,2.25,0.8693,0.0842,0.2882,Sleeping
3797,W00076,2.3,0.8652,0.0786,0.2916,Sleeping
3798,W00076,2.35,0.8703,0.0843,0.3007,Sleeping
3799,W00076,2.4,0.8718,0.0734,0.3022,Sleeping
3800,W00076,2.45,0.8728,0.0669,0.2939,Sleeping
3801,W00077,0.0,0.0231,0.1049,0.9809,Standing
3802,W00077,0.05,0.0523,0.1026,0.9986,Standing
3803,W00077,0.1,0.0492,0.0946,0.9767,Standing
3804,W00077,0.15,0.0933,0.114,0.9318,Standing
3805,W00077,0.2,0.0537,0.0766,0.941,Standing
3806,W00077,0.25,0.0724,0.0278,0.9597,Standing
3807,W00077,0.3,0.0478,0.0939,0.9546,Standing
3808,W00077,0.35,0.1035,0.1007,0.9867,Standing
3809,W00077,0.4,0.0684,0.1141,0.9643,Standing
3810,W00077,0.45,0.0638,0.085,0.9173,Standing
3811,W00077,0.5,0.0583,0.1003,0.9878,Standing
3812,W00077,0.55,0.0231,0.1041,0.9286,Standing
3813,W00077,0.6,0.0495,0.0979,0.9705,Standing
3814,W00077,0.65,0.0603,0.1409,1.0099,Standing
3815,W00077,0.7,0.071,0.0896,0.9824,Standing
3816,W00077,0.75,0.0594,0.1178,0.9643,Standing
3817,W00077,0.8,0.0638,0.1353,0.9739,Standing
3818,W00077,0.85,0.0578,0.0368,0.9295,Standing
3819,W00077,0.9,0.1228,0.0814,0.9675,Standing
3820,W00077,0.95,0.1195,0.0924,1.0166,Standing
3821,W00077,1.0,0.0968,0.1184,1.0225,Standing
3822,W00077,1.05,0.0817,0.1468,0.9555,Standing
3823,W00077,1.1,0.0599,0.108,0.9699,Standing
3824,W00077,1.15,0.0842,0.1293,0.9768,Standing
3825,W00077,1.2,0.0804,0.1038,0.9681,Standing
3826,W00077,1.25,0.0635,0.1451,0.9988,Standing
3827,W00077,1.3,0.027,0.0832,0.9507,Standing
3828,W00077,1.35,0.0361,0.0865,1.0034,Standing
3829,W00077,1.4,0.0274,0.1319,0.955,Standing
3830,W00077,1.45,0.039,0.0801,1.0178,Standing
3831,W00077,1.5,0.0408,0.0924,1.0086,Standing
3832,W00077,1.55,0.0611,0.1302,0.9581,Standing
3833,W00077,1.6,0.0738,0.0961,0.9614,Standing
3834,W00077,1.65,0.0855,0.077,1.0006,Standing
3835,W00077,1.7,0.0033,0.1138,0.9793,Standing
3836,W00077,1.75,0.031,0.1322,0.9867,Standing
3837,W00077,1.8,0.0212,0.0851,0.9372,Standing
3838,W00077,1.85,0.0094,0.1239,0.9656,Standing
3839,W00077,1.9,0.0202,0.0834,0.9969,Standing
3840,W00077,1.95,0.0211,0.0511,0.9949,Standing
3841,W00077,2.0,0.0467,0.0692,0.9601,Standing
3842,W00077,2.05,0.0392,0.0949,0.9513,Standing
3843,W00077,2.1,0.0832,0.0908,0.9836,Standing
3844,W00077,2.15,0.0063,0.0899,0.9319,Standing
3845,W00077,2.2,0.005,0.1078,0.9943,Standing
3846,W00077,2.25,0.049,0.0457,0.9411,Standing
3847,W00077,2.3,0.0147,0.1168,0.9948,Standing
3848,W00077,2.35,0.0298,0.0332,0.9561,Standing
3849,W00077,2.4,0.0174,0.0972,1.0174,Standing
3850,W00077,2.45,0.0675,0.0925,0.971,Standing
3851,W00078,0.0,0.9015,0.0941,0.3093,Sleeping
3852,W00078,0.05,0.8877,0.0785,0.3018,Sleeping
3853,W00078,0.1,0.8855,0.0998,0.2979,Sleeping
3854,W00078,0.15,0.8763,0.072,0.3008,Sleeping
3855,W00078,0.2,0.8925,0.0912,0.3007,Sleeping
3856,W00078,0.25,0.8828,0.0951,0.2991,Sleeping
3857,W00078,0.3,0.879,0.0819,0.3058,Sleeping
3858,W00078,0.35,0.8939,0.0779,0.2961,Sleeping
3859,W00078,0.4,0.8922,0.0889,0.314,Sleeping
3860,W00078,0.45,0.8778,0.0875,0.3098,Sleeping
3861,W00078,0.5,0.8921,0.0788,0.2914,Sleeping
3862,W00078,0.55,0.8743,0.0685,0.3152,Sleeping
3863,W00078,0.6,0.8964,0.0752,0.3072,Sleeping
3864,W00078,0.65,0.8786,0.0827,0.2926,Sleeping
3865,W00078,0.7,0.8833,0.0807,0.2904,Sleeping
3866,W00078,0.75,0.8929,0.0928,0.2963,Sleeping
3867,W00078,0.8,0.8799,0.0915,0.2986,Sleeping
3868,W00078,0.85,0.8995,0.0929,0.2875,Sleeping
3869,W00078,0.9,0.8698,0.0678,0.3066,Sleeping
3870,W00078,0.95,0.8842,0.0801,0.2896,Sleeping
3871,W00078,1.0,0.8863,0.0677,0.2913,Sleeping
3872,W00078,1.05,0.8872,0.0918,0.3046,Sleeping
3873,W00078,1.1,0.8918,0.0752,0.3024,Sleeping
3874,W00078,1.15,0.8795,0.085,0.3078,Sleeping
3875,W00078,1.2,0.8745,0.0705,0.315,Sleeping
3876,W00078,1.25,0.88,0.0771,0.2946,Sleeping
3877,W00078,1.3,0.8935,0.0849,0.2976,Sleeping
3878,W00078,1.35,0.8847,0.0795,0.3077,Sleeping
3879,W00078,1.4,0.8996,0.0874,0.3017,Sleeping
3880,W00078,1.45,0.8927,0.08,0.3024,Sleeping
3881,W00078,1.5,0.8827,0.0867,0.3065,Sleeping
3882,W00078,1.55,0.8728,0.093,0.3012,Sleeping
3883,W00078,1.6,0.8847,0.0905,0.2979,Sleeping
3884,W00078,1.65,0.8902,0.0857,0.2989,Sleeping
3885,W00078,1.7,0.8734,0.0803,0.3185,Sleeping
3886,W00078,1.75,0.8741,0.0756,0.302,Sleeping
3887,W00078,1.8,0.8815,0.0763,0.2946,Sleeping
3888,W00078,1.85,0.882,0.0971,0.304,Sleeping
3889,W00078,1.9,0.8749,0.0761,0.3011,Sleeping
3890,W00078,1.95,0.8835,0.0852,0.2911,Sleeping
3891,W00078,2.0,0.8867,0.0881,0.2872,Sleeping
3892,W00078,2.05,0.884,0.0695,0.3067,Sleeping
3893,W00078,2.1,0.8822,0.0943,0.2948,Sleeping
3894,W00078,2.15,0.8797,0.0755,0.2965,Sleeping
3895,W00078,2.2,0.8768,0.0771,0.3005,Sleeping
3896,W00078,2.25,0.8797,0.0746,0.2914,Sleeping
3897,W00078,2.3,0.8615,0.0916,0.3048,Sleeping
3898,W00078,2.35,0.8807,0.0883,0.2921,Sleeping
3899,W00078,2.4,0.8701,0.077,0.3016,Sleeping
3900,W00078,2.45,0.8928,0.0827,0.2961,Sleeping
3901,W00079,0.0,0.1507,0.1729,0.9393,Walking
3902,W00079,0.05,0.0375,0.1789,0.8784,Walking
3903,W00079,0.1,-0.0615,0.0514,0.9044,Walking
3904,W00079,0.15,-0.1004,0.0726,0.8316,Walking
3905,W00079,0.2,-0.0205,0.0492,0.8406,Walking
3906,W00079,0.25,0.0231,-0.0564,0.8358,Walking
3907,W00079,0.3,-0.1071,-0.0972,0.6802,Walking
3908,W00079,0.35,0.0425,0.128,0.9554,Walking
3909,W00079,0.4,0.0359,0.1681,1.0189,Walking
3910,W00079,0.45,0.2886,0.1564,1.1072,Walking
3911,W00079,0.5,0.2016,0.2063,1.0468,Walking
3912,W00079,0.55,0.2123,0.2696,0.9084,Walking
3913,W00079,0.6,0.1943,0.3022,1.113,Walking
3914,W00079,0.65,0.2282,0.1633,1.0567,Walking
3915,W00079,0.7,0.2055,0.22,0.9897,Walking
3916,W00079,0.75,0.2224,0.2371,1.1197,Walking
3917,W00079,0.8,0.0673,0.2362,0.9298,Walking
3918,W00079,0.85,0.0801,0.1771,0.8684,Walking
3919,W00079,0.9,0.0159,0.1954,0.924,Walking
3920,W00079,0.95,-0.0685,0.0252,0.8824,Walking
3921,W00079,1.0,-0.0543,0.151,0.8951,Walking
3922,W00079,1.05,-0.0495,-0.0434,0.7653,Walking
3923,W00079,1.1,-0.0134,0.0066,0.7753,Walking
3924,W00079,1.15,0.1327,-0.0443,1.0016,Walking
3925,W00079,1.2,0.1983,0.0915,0.9296,Walking
3926,W00079,1.25,0.2498,0.1576,0.9686,Walking
3927,W00079,1.3,0.1435,0.3251,0.9444,Walking
3928,W00079,1.35,0.2096,0.2377,0.9345,Walking
3929,W00079,1.4,0.3336,0.2195,1.0237,Walking
3930,W00079,1.45,0.2257,0.1509,1.0099,Walking
3931,W00079,1.5,0.1841,0.1683,1.1246,Walking
3932,W00079,1.55,0.2192,0.1664,0.9537,Walking
3933,W00079,1.6,0.0668,0.1374,0.8638,Walking
3934,W00079,1.65,0.103,0.2907,0.9546,Walking
3935,W00079,1.7,0.0601,0.1112,0.8974,Walking
3936,W00079,1.75,0.1132,0.2072,1.0016,Walking
3937,W00079,1.8,-0.0547,0.0412,0.9522,Walking
3938,W00079,1.85,-0.0187,0.1555,0.867,Walking
3939,W00079,1.9,-0.0606,0.003,0.7868,Walking
3940,W00079,1.95,-0.09,0.0706,0.8174,Walking
3941,W00079,2.0,-0.0161,0.0622,0.8798,Walking
3942,W00079,2.05,0.299,0.2252,0.6778,Walking
3943,W00079,2.1,0.1931,0.119,1.0948,Walking
3944,W00079,2.15,0.262,0.2943,1.0147,Walking
3945,W00079,2.2,0.2155,0.1612,0.831,Walking
3946,W00079,2.25,0.1923,0.2622,1.1211,Walking
3947,W00079,2.3,0.1744,0.1926,1.142,Walking
3948,W00079,2.35,0.3047,0.2201,0.9583,Walking
3949,W00079,2.4,-0.0318,0.1718,1.0563,Walking
3950,W00079,2.45,0.2034,0.2152,0.9173,Walking
3951,W00080,0.0,0.868,0.0728,0.2942,Sleeping
3952,W00080,0.05,0.8871,0.0817,0.2993,Sleeping
3953,W00080,0.1,0.8856,0.0842,0.2981,Sleeping
3954,W00080,0.15,0.8813,0.0685,0.2924,Sleeping
3955,W00080,0.2,0.8763,0.0868,0.2995,Sleeping
3956,W00080,0.25,0.8672,0.0701,0.304,Sleeping
3957,W00080,0.3,0.8698,0.0753,0.2962,Sleeping
3958,W00080,0.35,0.8795,0.0674,0.2868,Sleeping
3959,W00080,0.4,0.8718,0.0735,0.2975,Sleeping
3960,W00080,0.45,0.8759,0.09,0.286,Sleeping
3961,W00080,0.5,0.8688,0.0758,0.294,Sleeping
3962,W00080,0.55,0.8668,0.0763,0.2994,Sleeping
3963,W00080,0.6,0.8854,0.0834,0.3002,Sleeping
3964,W00080,0.65,0.8792,0.0577,0.3016,Sleeping
3965,W00080,0.7,0.8618,0.0851,0.2922,Sleeping
3966,W00080,0.75,0.8781,0.0872,0.2823,Sleeping
3967,W00080,0.8,0.8631,0.0779,0.2989,Sleeping
3968,W00080,0.85,0.8696,0.0755,0.3086,Sleeping
3969,W00080,0.9,0.8761,0.0914,0.2929,Sleeping
3970,W00080,0.95,0.875,0.0784,0.2954,Sleeping
3971,W00080,1.0,0.8886,0.0878,0.2978,Sleeping
3972,W00080,1.05,0.8747,0.0756,0.297,Sleeping
3973,W00080,1.1,0.8674,0.0819,0.2836,Sleeping
3974,W00080,1.15,0.8691,0.0742,0.2966,Sleeping
3975,W00080,1.2,0.8766,0.0692,0.282,Sleeping
3976,W00080,1.25,0.8843,0.0969,0.2808,Sleeping
3977,W00080,1.3,0.8652,0.0763,0.2938,Sleeping
3978,W00080,1.35,0.8809,0.062,0.2958,Sleeping
3979,W00080,1.4,0.8757,0.0774,0.2939,Sleeping
3980,W00080,1.45,0.8746,0.0738,0.2857,Sleeping
3981,W00080,1.5,0.8716,0.0724,0.3107,Sleeping
3982,W00080,1.55,0.9038,0.0899,0.3048,Sleeping
3983,W00080,1.6,0.8706,0.0742,0.2982,Sleeping
3984,W00080,1.65,0.8573,0.0827,0.2947,Sleeping
3985,W00080,1.7,0.879,0.0876,0.3009,Sleeping
3986,W00080,1.75,0.8816,0.0826,0.2844,Sleeping
3987,W00080,1.8,0.8765,0.0817,0.2912,Sleeping
3988,W00080,1.85,0.879,0.083,0.2938,Sleeping
3989,W00080,1.9,0.8807,0.0759,0.2875,Sleeping
3990,W00080,1.95,0.8756,0.0794,0.3016,Sleeping
3991,W00080,2.0,0.8803,0.0612,0.2995,Sleeping
3992,W00080,2.05,0.8796,0.0762,0.2964,Sleeping
3993,W00080,2.1,0.8691,0.0782,0.3057,Sleeping
3994,W00080,2.15,0.8863,0.0722,0.3099,Sleeping
3995,W00080,2.2,0.8801,0.0826,0.3172,Sleeping
3996,W00080,2.25,0.8699,0.0894,0.2937,Sleeping
3997,W00080,2.3,0.877,0.081,0.3073,Sleeping
3998,W00080,2.35,0.8641,0.0759,0.2893,Sleeping
3999,W00080,2.4,0.8773,0.0779,0.298,Sleeping
4000,W00080,2.45,0.8878,0.1004,0.2933,Sleeping
4001,W00081,0.0,0.1882,0.279,1.1445,Walking
4002,W00081,0.05,0.0657,0.1716,0.9039,Walking
4003,W00081,0.1,0.2211,0.2025,0.9464,Walking
4004,W00081,0.15,0.0002,0.0799,0.8515,Walking
4005,W00081,0.2,-0.0618,-0.0664,0.8906,Walking
4006,W00081,0.25,0.052,0.141,0.9434,Walking
4007,W00081,0.3,-0.0634,0.0496,1.0799,Walking
4008,W00081,0.35,0.2437,-0.0331,0.818,Walking
4009,W00081,0.4,0.248,0.1369,0.955,Walking
4010,W00081,0.45,0.2679,0.1584,0.9494,Walking
4011,W00081,0.5,0.2233,0.3397,1.14,Walking
4012,W00081,0.55,0.3561,0.2701,1.1558,Walking
4013,W00081,0.6,0.0302,0.2225,0.9275,Walking
4014,W00081,0.65,0.099,0.2666,0.9715,Walking
4015,W00081,0.7,-0.0535,0.1161,0.9635,Walking
4016,W00081,0.75,0.1094,0.0548,0.8975,Walking
4017,W00081,0.8,-0.0242,0.0953,0.8866,Walking
4018,W00081,0.85,-0.0554,0.065,0.8146,Walking
4019,W00081,0.9,-0.0402,0.1314,1.0002,Walking
4020,W00081,0.95,0.0902,-0.0017,1.0094,Walking
4021,W00081,1.0,0.1627,0.1162,0.8812,Walking
4022,W00081,1.05,0.1883,0.0491,0.958,Walking
4023,W00081,1.1,0.1994,0.1722,0.9799,Walking
4024,W00081,1.15,0.2021,0.299,1.1108,Walking
4025,W00081,1.2,0.2781,0.2334,1.0518,Walking
4026,W00081,1.25,0.2476,0.1697,0.9432,Walking
4027,W00081,1.3,0.0082,0.1776,0.8599,Walking
4028,W00081,1.35,0.0712,0.0198,0.8679,Walking
4029,W00081,1.4,0.0178,0.1529,0.8316,Walking
4030,W00081,1.45,-0.0658,-0.0278,0.7749,Walking
4031,W00081,1.5,-0.0966,0.1552,0.9382,Walking
4032,W00081,1.55,-0.094,-0.0382,0.9995,Walking
4033,W00081,1.6,-0.1196,0.0578,0.9611,Walking
4034,W00081,1.65,0.0729,0.2103,1.0445,Walking
4035,W00081,1.7,0.203,0.3419,0.9295,Walking
4036,W00081,1.75,0.1807,0.2514,0.9324,Walking
4037,W00081,1.8,0.3956,0.3134,1.0565,Walking
4038,W00081,1.85,0.1947,0.3667,1.0342,Walking
4039,W00081,1.9,0.1731,0.0572,0.9696,Walking
4040,W00081,1.95,0.1613,0.0425,0.9237,Walking
4041,W00081,2.0,0.0607,0.0773,0.9753,Walking
4042,W00081,2.05,-0.0661,0.0517,0.8276,Walking
4043,W00081,2.1,-0.0367,-0.0435,1.0323,Walking
4044,W00081,2.15,-0.0246,-0.023,1.0314,Walking
4045,W00081,2.2,0.0293,0.1257,0.8836,Walking
4046,W00081,2.25,0.119,0.1908,0.9436,Walking
4047,W00081,2.3,0.1028,0.2308,1.0357,Walking
4048,W00081,2.35,0.1357,0.292,1.0433,Walking
4049,W00081,2.4,0.0903,0.3154,1.1421,Walking
4050,W00081,2.45,0.1425,0.0701,1.0598,Walking
4051,W00082,0.0,0.8771,0.0796,0.2917,Sleeping
4052,W00082,0.05,0.8792,0.0716,0.2964,Sleeping
4053,W00082,0.1,0.8771,0.0844,0.2819,Sleeping
4054,W00082,0.15,0.8777,0.0834,0.2986,Sleeping
4055,W00082,0.2,0.8816,0.0879,0.2927,Sleeping
4056,W00082,0.25,0.8792,0.0804,0.2954,Sleeping
4057,W00082,0.3,0.8678,0.0832,0.2995,Sleeping
4058,W00082,0.35,0.8889,0.086,0.2977,Sleeping
4059,W00082,0.4,0.8701,0.0813,0.2894,Sleeping
4060,W00082,0.45,0.8777,0.0646,0.294,Sleeping
4061,W00082,0.5,0.8791,0.0738,0.2954,Sleeping
4062,W00082,0.55,0.8694,0.0749,0.2904,Sleeping
4063,W00082,0.6,0.8742,0.0686,0.289,Sleeping
4064,W00082,0.65,0.8753,0.0769,0.2909,Sleeping
4065,W00082,0.7,0.8788,0.0726,0.3028,Sleeping
4066,W00082,0.75,0.8903,0.0823,0.2966,Sleeping
4067,W00082,0.8,0.8833,0.071,0.281,Sleeping
4068,W00082,0.85,0.8873,0.0724,0.3134,Sleeping
4069,W00082,0.9,0.8646,0.0761,0.2985,Sleeping
4070,W00082,0.95,0.8961,0.0842,0.2964,Sleeping
4071,W00082,1.0,0.8769,0.0743,0.2991,Sleeping
4072,W00082,1.05,0.8707,0.0821,0.3086,Sleeping
4073,W00082,1.1,0.8753,0.0744,0.3056,Sleeping
4074,W00082,1.15,0.8858,0.0856,0.3076,Sleeping
4075,W00082,1.2,0.881,0.0788,0.2968,Sleeping
4076,W00082,1.25,0.8862,0.0659,0.306,Sleeping
4077,W00082,1.3,0.8836,0.0651,0.2924,Sleeping
4078,W00082,1.35,0.8706,0.0751,0.3002,Sleeping
4079,W00082,1.4,0.8818,0.0851,0.3187,Sleeping
4080,W00082,1.45,0.888,0.0724,0.3038,Sleeping
4081,W00082,1.5,0.8863,0.083,0.2969,Sleeping
4082,W00082,1.55,0.881,0.0895,0.3068,Sleeping
4083,W00082,1.6,0.8933,0.0762,0.2845,Sleeping
4084,W00082,1.65,0.8855,0.0875,0.3113,Sleeping
4085,W00082,1.7,0.8908,0.0589,0.3204,Sleeping
4086,W00082,1.75,0.8766,0.0769,0.2965,Sleeping
4087,W00082,1.8,0.8693,0.073,0.2868,Sleeping
4088,W00082,1.85,0.8764,0.078,0.2944,Sleeping
4089,W00082,1.9,0.8748,0.0781,0.3015,Sleeping
4090,W00082,1.95,0.8854,0.081,0.2871,Sleeping
4091,W00082,2.0,0.8709,0.0709,0.291,Sleeping
4092,W00082,2.05,0.8865,0.0822,0.2939,Sleeping
4093,W00082,2.1,0.8739,0.068,0.3127,Sleeping
4094,W00082,2.15,0.8756,0.0827,0.2933,Sleeping
4095,W00082,2.2,0.8863,0.0734,0.2998,Sleeping
4096,W00082,2.25,0.8743,0.091,0.3055,Sleeping
4097,W00082,2.3,0.8908,0.0665,0.3058,Sleeping
4098,W00082,2.35,0.8726,0.0747,0.3037,Sleeping
4099,W00082,2.4,0.8827,0.0812,0.2874,Sleeping
4100,W00082,2.45,0.8668,0.0856,0.3006,Sleeping
4101,W00083,0.0,0.0996,0.107,0.9957,Standing
4102,W00083,0.05,0.001,0.1375,0.9753,Standing
4103,W00083,0.1,0.069,0.1348,0.9748,Standing
4104,W00083,0.15,0.0716,0.0877,0.9385,Standing
4105,W00083,0.2,0.0675,0.1236,1.0341,Standing
4106,W00083,0.25,0.0597,0.0807,0.9745,Standing
4107,W00083,0.3,0.101,0.1017,0.9681,Standing
4108,W00083,0.35,0.0252,0.1298,1.0073,Standing
4109,W00083,0.4,0.0739,0.1353,0.9828,Standing
4110,W00083,0.45,0.0704,0.0851,0.9837,Standing
4111,W00083,0.5,0.0725,0.0749,0.9778,Standing
4112,W00083,0.55,0.0561,0.1742,1.0047,Standing
4113,W00083,0.6,0.0514,0.1186,0.9997,Standing
4114,W00083,0.65,0.0352,0.094,0.9541,Standing
4115,W00083,0.7,0.0725,0.0976,1.0478,Standing
4116,W00083,0.75,0.0537,0.1522,0.9584,Standing
4117,W00083,0.8,0.0737,0.1388,1.02,Standing
4118,W00083,0.85,0.0545,0.1117,1.0268,Standing
4119,W00083,0.9,0.096,0.0681,0.9617,Standing
4120,W00083,0.95,0.0529,0.1175,1.0112,Standing
4121,W00083,1.0,0.0591,0.0593,0.9584,Standing
4122,W00083,1.05,0.0944,-0.0203,1.032,Standing
4123,W00083,1.1,0.0678,0.0793,0.9475,Standing
4124,W00083,1.15,0.0935,0.1313,1.0195,Standing
4125,W00083,1.2,0.0889,0.0674,0.9657,Standing
4126,W00083,1.25,0.0639,0.1228,0.9322,Standing
4127,W00083,1.3,0.0004,0.0546,1.0146,Standing
4128,W00083,1.35,0.0258,0.1129,1.0133,Standing
4129,W00083,1.4,0.0731,0.1102,0.9569,Standing
4130,W00083,1.45,0.0852,0.0801,0.912,Standing
4131,W00083,1.5,0.0033,0.0907,0.9734,Standing
4132,W00083,1.55,0.0361,0.0962,0.9363,Standing
4133,W00083,1.6,0.0078,0.0332,0.9788,Standing
4134,W00083,1.65,0.0618,0.0895,0.9534,Standing
4135,W00083,1.7,0.0479,0.0746,0.9804,Standing
4136,W00083,1.75,0.0628,0.1109,0.9568,Standing
4137,W00083,1.8,0.0167,0.1572,0.9607,Standing
4138,W00083,1.85,0.0869,0.102,0.98,Standing
4139,W00083,1.9,0.0238,0.1015,0.9172,Standing
4140,W00083,1.95,0.0003,0.0689,0.9782,Standing
4141,W00083,2.0,-0.0004,0.0972,0.9272,Standing
4142,W00083,2.05,-0.0008,0.0647,1.0014,Standing
4143,W00083,2.1,0.0102,0.1412,0.9497,Standing
4144,W00083,2.15,-0.0075,0.1447,0.9854,Standing
4145,W00083,2.2,0.0736,0.1432,0.9968,Standing
4146,W00083,2.25,0.0899,0.1163,0.9684,Standing
4147,W00083,2.3,0.0614,0.0825,0.987,Standing
4148,W00083,2.35,0.0971,0.0539,0.9768,Standing
4149,W00083,2.4,0.0746,0.0981,0.9703,Standing
4150,W00083,2.45,0.0404,0.0912,0.9735,Standing
4151,W00084,0.0,0.0551,0.1266,0.97,Standing
4152,W00084,0.05,0.0427,0.0859,1.02,Standing
4153,W00084,0.1,0.0377,0.1204,0.966,Standing
4154,W00084,0.15,0.0232,0.0948,0.9477,Standing
4155,W00084,0.2,0.099,0.1434,0.9954,Standing
4156,W00084,0.25,0.0319,0.0774,0.9733,Standing
4157,W00084,0.3,0.0491,0.1216,0.9672,Standing
4158,W00084,0.35,0.0203,0.1244,0.9552,Standing
4159,W00084,0.4,0.0586,0.0674,0.9767,Standing
4160,W00084,0.45,0.0167,0.0389,0.936,Standing
4161,W00084,0.5,0.1036,0.0687,0.9789,Standing
4162,W00084,0.55,0.1014,0.0767,0.9373,Standing
4163,W00084,0.6,0.0798,0.1011,0.9325,Standing
4164,W00084,0.65,0.0908,0.1426,0.987,Standing
4165,W00084,0.7,0.0775,0.1002,0.9256,Standing
4166,W00084,0.75,0.0984,0.1102,0.9293,Standing
4167,W00084,0.8,0.0649,0.117,0.999,Standing
4168,W00084,0.85,0.0749,0.0972,0.9972,Standing
4169,W00084,0.9,0.0666,0.1154,0.9399,Standing
4170,W00084,0.95,0.0984,0.1057,0.9844,Standing
4171,W00084,1.0,0.0206,0.0954,1.0244,Standing
4172,W00084,1.05,0.0366,0.0561,1.0516,Standing
4173,W00084,1.1,0.0639,0.1212,0.959,Standing
4174,W00084,1.15,0.0655,0.1153,0.9585,Standing
4175,W00084,1.2,0.0435,0.1144,0.9717,Standing
4176,W00084,1.25,0.0462,0.1308,1.0067,Standing
4177,W00084,1.3,0.0499,0.1183,0.9359,Standing
4178,W00084,1.35,0.0211,0.042,1.0227,Standing
4179,W00084,1.4,0.0624,0.025,0.9572,Standing
4180,W00084,1.45,-0.0093,0.1126,0.9781,Standing
4181,W00084,1.5,0.0736,0.0442,0.9448,Standing
4182,W00084,1.55,0.0274,0.1197,0.9536,Standing
4183,W00084,1.6,0.0141,0.1309,1.0341,Standing
4184,W00084,1.65,0.0409,0.1073,0.9908,Standing
4185,W00084,1.7,0.0538,0.1676,0.9738,Standing
4186,W00084,1.75,0.0454,0.1114,0.9932,Standing
4187,W00084,1.8,0.039,0.0642,1.0293,Standing
4188,W00084,1.85,0.043,0.0941,0.9537,Standing
4189,W00084,1.9,0.0452,0.1174,1.0022,Standing
4190,W00084,1.95,0.0453,0.0749,1.0008,Standing
4191,W00084,2.0,0.0522,0.096,0.9771,Standing
4192,W00084,2.05,0.0523,0.1106,0.9822,Standing
4193,W00084,2.1,0.0035,0.0583,0.9762,Standing
4194,W00084,2.15,0.0552,0.1281,0.9946,Standing
4195,W00084,2.2,0.0886,0.0864,0.9591,Standing
4196,W00084,2.25,0.0361,0.0813,0.9846,Standing
4197,W00084,2.3,0.0586,0.1171,1.0409,Standing
4198,W00084,2.35,0.0848,0.1338,0.9924,Standing
4199,W00084,2.4,0.0699,0.1336,1.0256,Standing
4200,W00084,2.45,0.0417,0.0955,0.9889,Standing
4201,W00085,0.0,0.8705,0.1046,0.3898,Resting
4202,W00085,0.05,0.8321,0.096,0.3693,Resting
4203,W00085,0.1,0.8474,0.1339,0.3321,Resting
4204,W00085,0.15,0.8565,0.0842,0.3431,Resting
4205,W00085,0.2,0.8536,0.0685,0.3778,Resting
4206,W00085,0.25,0.8718,0.1082,0.3683,Resting
4207,W00085,0.3,0.8301,0.087,0.3304,Resting
4208,W00085,0.35,0.8179,0.0973,0.325,Resting
4209,W00085,0.4,0.8971,0.0654,0.3646,Resting
4210,W00085,0.45,0.8248,0.1294,0.3881,Resting
4211,W00085,0.5,0.8281,0.1212,0.3353,Resting
4212,W00085,0.55,0.8367,0.0985,0.355,Resting
4213,W00085,0.6,0.8099,0.1311,0.3425,Resting
4214,W00085,0.65,0.8753,0.0411,0.3553,Resting
4215,W00085,0.7,0.8687,0.0425,0.341,Resting
4216,W00085,0.75,0.8378,0.0851,0.3281,Resting
4217,W00085,0.8,0.8455,0.0786,0.3532,Resting
4218,W00085,0.85,0.842,0.0881,0.3566,Resting
4219,W00085,0.9,0.8405,0.1053,0.3554,Resting
4220,W00085,0.95,0.8385,0.1303,0.344,Resting
4221,W00085,1.0,0.8518,0.0928,0.3497,Resting
4222,W00085,1.05,0.8365,0.0893,0.3569,Resting
4223,W00085,1.1,0.8062,0.0947,0.3746,Resting
4224,W00085,1.15,0.8446,0.1146,0.3095,Resting
4225,W00085,1.2,0.8422,0.125,0.3359,Resting
4226,W00085,1.25,0.827,0.1036,0.3297,Resting
4227,W00085,1.3,0.826,0.1134,0.3197,Resting
4228,W00085,1.35,0.8352,0.0726,0.3465,Resting
4229,W00085,1.4,0.8622,0.0978,0.3593,Resting
4230,W00085,1.45,0.831,0.0824,0.348,Resting
4231,W00085,1.5,0.8464,0.0855,0.3881,Resting
4232,W00085,1.55,0.8296,0.1064,0.3117,Resting
4233,W00085,1.6,0.8408,0.1023,0.3506,Resting
4234,W00085,1.65,0.8545,0.1199,0.3228,Resting
4235,W00085,1.7,0.8604,0.1123,0.3526,Resting
4236,W00085,1.75,0.8487,0.0949,0.3253,Resting
4237,W00085,1.8,0.8661,0.0747,0.337,Resting
4238,W00085,1.85,0.8682,0.0989,0.3669,Resting
4239,W00085,1.9,0.8615,0.1026,0.3497,Resting
4240,W00085,1.95,0.8267,0.0885,0.3481,Resting
4241,W00085,2.0,0.8641,0.1338,0.3544,Resting
4242,W00085,2.05,0.8548,0.1017,0.3429,Resting
4243,W00085,2.1,0.8779,0.1133,0.328,Resting
4244,W00085,2.15,0.8542,0.1239,0.3258,Resting
4245,W00085,2.2,0.8516,0.1131,0.3734,Resting
4246,W00085,2.25,0.807,0.1129,0.3636,Resting
4247,W00085,2.3,0.8779,0.1035,0.3634,Resting
4248,W00085,2.35,0.8171,0.1297,0.3328,Resting
4249,W00085,2.4,0.8587,0.0993,0.3636,Resting
4250,W00085,2.45,0.8404,0.0951,0.3792,Resting
4251,W00086,0.0,0.392,0.3744,1.0588,Running
4252,W00086,0.05,0.0646,0.1451,0.7241,Running
4253,W00086,0.1,-0.1237,-0.1284,0.6285,Running
4254,W00086,0.15,-0.3327,0.2984,0.6265,Running
4255,W00086,0.2,-0.1983,0.3139,0.6833,Running
4256,W00086,0.25,0.2259,0.5305,1.3525,Running
4257,W00086,0.3,0.687,0.2052,1.1241,Running
4258,W00086,0.35,0.3271,0.4711,1.0007,Running
4259,W00086,0.4,0.1229,0.224,0.9805,Running
4260,W00086,0.45,-0.0701,0.1141,0.8387,Running
4261,W00086,0.5,-0.1268,-0.0655,0.7183,Running
4262,W00086,0.55,-0.3688,0.248,0.8443,Running
4263,W00086,0.6,0.2207,0.1108,0.8953,Running
4264,W00086,0.65,0.4627,0.2577,0.9597,Running
4265,W00086,0.7,0.7467,0.4828,0.9476,Running
4266,W00086,0.75,0.2504,0.4405,1.058,Running
4267,W00086,0.8,0.0655,0.0983,0.9871,Running
4268,W00086,0.85,-0.0855,-0.155,0.8379,Running
4269,W00086,0.9,-0.2635,-0.0402,0.7716,Running
4270,W00086,0.95,-0.2207,0.1507,0.9651,Running
4271,W00086,1.0,0.3517,0.4064,0.9742,Running
4272,W00086,1.05,0.5756,0.5864,1.1874,Running
4273,W00086,1.1,0.4972,0.5069,1.1056,Running
4274,W00086,1.15,0.2113,0.2328,1.0182,Running
4275,W00086,1.2,0.2413,0.2505,0.8886,Running
4276,W00086,1.25,-0.2949,0.2239,0.6308,Running
4277,W00086,1.3,-0.2367,0.0016,0.9302,Running
4278,W00086,1.35,0.6261,0.2028,0.6948,Running
4279,W00086,1.4,0.6522,0.0533,1.3699,Running
4280,W00086,1.45,0.444,0.2549,0.9715,Running
4281,W00086,1.5,-0.076,0.1312,0.8196,Running
4282,W00086,1.55,0.0593,0.1232,0.5964,Running
4283,W00086,1.6,-0.2566,-0.0439,0.813,Running
4284,W00086,1.65,-0.3788,0.0324,0.8745,Running
4285,W00086,1.7,0.169,0.3669,0.8401,Running
4286,W00086,1.75,0.5985,0.2112,1.0346,Running
4287,W00086,1.8,0.5644,0.2861,1.1594,Running
4288,W00086,1.85,0.5266,0.12,0.9912,Running
4289,W00086,1.9,-0.166,0.0884,0.8462,Running
4290,W00086,1.95,-0.2262,-0.0257,0.4912,Running
4291,W00086,2.0,-0.4981,-0.0255,0.8798,Running
4292,W00086,2.05,0.184,0.03,0.9046,Running
4293,W00086,2.1,0.6407,0.5082,0.8926,Running
4294,W00086,2.15,0.8569,0.3235,1.0984,Running
4295,W00086,2.2,0.441,0.1748,1.2018,Running
4296,W00086,2.25,0.1076,0.198,0.9168,Running
4297,W00086,2.3,-0.3046,0.0584,0.4918,Running
4298,W00086,2.35,-0.068,0.0016,0.7365,Running
4299,W00086,2.4,-0.1074,0.287,0.3902,Running
4300,W00086,2.45,0.1398,0.3617,1.1548,Running
4301,W00087,0.0,0.2289,0.1658,1.1381,Walking
4302,W00087,0.05,0.2225,0.1185,1.0644,Walking
4303,W00087,0.1,0.1633,0.2635,0.8736,Walking
4304,W00087,0.15,0.0959,0.1555,0.8966,Walking
4305,W00087,0.2,0.0262,0.164,0.8171,Walking
4306,W00087,0.25,-0.0676,0.0821,0.9459,Walking
4307,W00087,0.3,-0.0179,0.0872,0.7804,Walking
4308,W00087,0.35,-0.21,0.007,0.8603,Walking
4309,W00087,0.4,0.0343,-0.0478,0.9126,Walking
4310,W00087,0.45,-0.0356,0.04,0.9546,Walking
4311,W00087,0.5,-0.0341,-0.0095,0.857,Walking
4312,W00087,0.55,0.0578,0.0821,0.9503,Walking
4313,W00087,0.6,0.1861,0.1635,0.943,Walking
4314,W00087,0.65,0.0512,0.0382,1.0927,Walking
4315,W00087,0.7,0.0923,0.0595,1.0583,Walking
4316,W00087,0.75,0.2592,0.2347,1.01,Walking
4317,W00087,0.8,0.2922,0.3087,1.0188,Walking
4318,W00087,0.85,0.2951,0.2085,1.0607,Walking
4319,W00087,0.9,0.3804,0.2792,1.1022,Walking
4320,W00087,0.95,0.3123,0.1255,0.9918,Walking
4321,W00087,1.0,0.1081,0.219,1.0032,Walking
4322,W00087,1.05,0.0222,0.205,0.8167,Walking
4323,W00087,1.1,0.171,0.0323,0.8447,Walking
4324,W00087,1.15,-0.1506,-0.0744,0.8473,Walking
4325,W00087,1.2,-0.0286,0.2484,0.9536,Walking
4326,W00087,1.25,0.0057,0.0964,0.9886,Walking
4327,W00087,1.3,-0.0703,-0.0003,0.8289,Walking
4328,W00087,1.35,-0.0221,0.0923,0.905,Walking
4329,W00087,1.4,-0.1298,0.0012,0.7611,Walking
4330,W00087,1.45,0.0067,0.1376,0.8991,Walking
4331,W00087,1.5,0.0765,0.0762,1.0362,Walking
4332,W00087,1.55,0.1893,0.0401,0.8733,Walking
4333,W00087,1.6,0.129,0.2423,1.0613,Walking
4334,W00087,1.65,0.2005,0.1414,1.041,Walking
4335,W00087,1.7,0.1822,0.0728,1.045,Walking
4336,W00087,1.75,0.234,0.2545,1.0148,Walking
4337,W00087,1.8,0.2897,0.3921,1.0628,Walking
4338,W00087,1.85,0.3988,0.2191,0.8996,Walking
4339,W00087,1.9,0.3406,0.3732,1.0791,Walking
4340,W00087,1.95,0.2288,0.1598,0.8666,Walking
4341,W00087,2.0,0.0479,0.2014,0.9704,Walking
4342,W00087,2.05,0.1643,0.0228,0.8662,Walking
4343,W00087,2.1,0.0319,0.1162,0.9881,Walking
4344,W00087,2.15,-0.0068,0.1899,0.8683,Walking
4345,W00087,2.2,-0.0494,-0.1119,0.7462,Walking
4346,W00087,2.25,-0.0561,0.0814,0.892,Walking
4347,W00087,2.3,-0.1199,0.0087,0.8287,Walking
4348,W00087,2.35,-0.0015,0.0339,0.783,Walking
4349,W00087,2.4,0.045,0.0578,0.9356,Walking
4350,W00087,2.45,0.0363,0.1497,0.833,Walking
4351,W00088,0.0,0.0787,0.1141,0.9922,Standing
4352,W00088,0.05,0.058,0.1471,0.9566,Standing
4353,W00088,0.1,0.0862,0.1449,0.9417,Standing
4354,W00088,0.15,0.0782,0.1772,0.965,Standing
4355,W00088,0.2,0.0502,0.0846,1.012,Standing
4356,W00088,0.25,0.0239,0.1634,0.9924,Standing
4357,W00088,0.3,0.0914,0.0859,1.0039,Standing
4358,W00088,0.35,0.0634,0.1394,0.9794,Standing
4359,W00088,0.4,0.0795,0.1105,0.9627,Standing
4360,W00088,0.45,0.0876,0.0976,0.9865,Standing
4361,W00088,0.5,0.0929,0.1198,0.9803,Standing
4362,W00088,0.55,0.0288,0.2143,0.9682,Standing
4363,W00088,0.6,0.0808,0.165,0.9673,Standing
4364,W00088,0.65,0.0308,0.1155,0.966,Standing
4365,W00088,0.7,0.0187,0.125,1.0265,Standing
4366,W00088,0.75,0.0548,0.0997,0.9566,Standing
4367,W00088,0.8,0.0441,0.1263,0.9752,Standing
4368,W00088,0.85,0.0608,0.0795,0.9744,Standing
4369,W00088,0.9,0.0211,0.1133,0.9822,Standing
4370,W00088,0.95,0.0306,0.0916,0.9495,Standing
4371,W00088,1.0,0.0744,0.0761,0.9644,Standing
4372,W00088,1.05,0.0607,0.0941,1.014,Standing
4373,W00088,1.1,0.04,0.0915,1.0059,Standing
4374,W00088,1.15,0.0247,0.1298,0.9754,Standing
4375,W00088,1.2,0.0559,0.0898,0.9883,Standing
4376,W00088,1.25,0.002,0.0971,1.0303,Standing
4377,W00088,1.3,0.0297,0.1206,0.9558,Standing
4378,W00088,1.35,0.0735,0.133,0.9827,Standing
4379,W00088,1.4,-0.0053,0.1126,1.0409,Standing
4380,W00088,1.45,0.0486,0.1102,0.9358,Standing
4381,W00088,1.5,-0.0123,0.0253,0.9945,Standing
4382,W00088,1.55,0.0447,0.1313,0.9719,Standing
4383,W00088,1.6,0.0524,0.1072,0.9911,Standing
4384,W00088,1.65,0.0844,0.0595,1.0437,Standing
4385,W00088,1.7,0.0541,0.0958,1.0367,Standing
4386,W00088,1.75,0.0019,0.1176,0.9366,Standing
4387,W00088,1.8,-0.0132,0.0677,0.9714,Standing
4388,W00088,1.85,0.0459,0.1343,0.9541,Standing
4389,W00088,1.9,0.0545,0.11,1.0519,Standing
4390,W00088,1.95,0.0871,0.1083,1.0286,Standing
4391,W00088,2.0,0.028,0.1175,0.9865,Standing
4392,W00088,2.05,0.0286,0.0546,1.0047,Standing
4393,W00088,2.1,0.035,0.0904,0.9999,Standing
4394,W00088,2.15,0.0742,0.1429,0.9541,Standing
4395,W00088,2.2,0.0934,0.0858,0.9759,Standing
4396,W00088,2.25,0.0632,0.0699,0.9972,Standing
4397,W00088,2.3,0.0834,0.1314,0.9396,Standing
4398,W00088,2.35,0.0531,0.1595,0.995,Standing
4399,W00088,2.4,0.0416,0.0908,0.9366,Standing
4400,W00088,2.45,0.0987,0.1446,1.0208,Standing
4401,W00089,0.0,0.2873,0.6715,1.1262,Running
4402,W00089,0.05,0.0432,0.1316,1.1135,Running
4403,W00089,0.1,-0.2208,0.0632,0.811,Running
4404,W00089,0.15,-0.5258,-0.2502,0.4546,Running
4405,W00089,0.2,-0.2415,0.063,0.7221,Running
4406,W00089,0.25,-0.0804,-0.2274,0.5914,Running
4407,W00089,0.3,0.4126,0.5001,1.0944,Running
4408,W00089,0.35,0.7593,0.4378,0.9163,Running
4409,W00089,0.4,0.9799,0.4674,0.9191,Running
4410,W00089,0.45,0.1134,0.6943,0.974,Running
4411,W00089,0.5,0.1772,0.3232,1.2113,Running
4412,W00089,0.55,-0.1799,-0.1995,0.9322,Running
4413,W00089,0.6,-0.2469,-0.1026,0.6667,Running
4414,W00089,0.65,-0.3799,0.0118,0.7102,Running
4415,W00089,0.7,0.1498,0.1349,0.7889,Running
4416,W00089,0.75,0.0831,0.3343,1.0148,Running
4417,W00089,0.8,0.4812,0.4094,1.1796,Running
4418,W00089,0.85,0.9467,0.3274,0.977,Running
4419,W00089,0.9,0.3371,0.5412,0.8733,Running
4420,W00089,0.95,0.2029,0.0075,0.8387,Running
4421,W00089,1.0,-0.173,0.1612,0.6115,Running
4422,W00089,1.05,-0.3215,-0.2031,0.6097,Running
4423,W00089,1.1,-0.1565,-0.2761,0.6717,Running
4424,W00089,1.15,-0.0925,0.3461,0.5692,Running
4425,W00089,1.2,0.3049,0.3473,0.8525,Running
4426,W00089,1.25,0.2126,0.7232,1.0135,Running
4427,W00089,1.3,0.572,0.4437,0.8853,Running
4428,W00089,1.35,0.3512,0.1324,0.9504,Running
4429,W00089,1.4,0.2414,0.4714,0.8492,Running
4430,W00089,1.45,-0.28,-0.0323,0.4953,Running
4431,W00089,1.5,-0.2501,0.1169,0.4428,Running
4432,W00089,1.55,-0.1178,-0.0669,0.6401,Running
4433,W00089,1.6,0.2408,0.0615,0.704,Running
4434,W00089,1.65,0.3511,0.2715,0.7689,Running
4435,W00089,1.7,0.3587,0.5053,1.1904,Running
4436,W00089,1.75,0.6488,0.4359,1.3464,Running
4437,W00089,1.8,0.8033,0.2552,0.9681,Running
4438,W00089,1.85,0.2397,0.3664,0.9778,Running
4439,W00089,1.9,-0.3071,-0.0434,0.9104,Running
4440,W00089,1.95,-0.1727,-0.1758,0.6302,Running
4441,W00089,2.0,-0.1273,-0.0075,0.9256,Running
4442,W00089,2.05,0.0414,0.2198,0.5579,Running
4443,W00089,2.1,0.3346,0.1945,0.9539,Running
4444,W00089,2.15,0.6824,0.4631,1.1264,Running
4445,W00089,2.2,0.7123,0.4788,1.1718,Running
4446,W00089,2.25,0.6283,0.2768,1.2583,Running
4447,W00089,2.3,0.4059,0.2303,0.8972,Running
4448,W00089,2.35,0.1905,0.2145,0.9318,Running
4449,W00089,2.4,-0.4318,-0.4371,0.5377,Running
4450,W00089,2.45,-0.3967,0.0846,0.3862,Running
4451,W00090,0.0,0.85,0.1148,0.3633,Resting
4452,W00090,0.05,0.861,0.0954,0.3928,Resting
4453,W00090,0.1,0.8049,0.098,0.3685,Resting
4454,W00090,0.15,0.8647,0.0849,0.3667,Resting
4455,W00090,0.2,0.8482,0.0857,0.3356,Resting
4456,W00090,0.25,0.8571,0.0729,0.3348,Resting
4457,W00090,0.3,0.8572,0.1063,0.354,Resting
4458,W00090,0.35,0.8237,0.1102,0.357,Resting
4459,W00090,0.4,0.8661,0.137,0.3542,Resting
4460,W00090,0.45,0.8886,0.0998,0.3872,Resting
4461,W00090,0.5,0.843,0.1269,0.3479,Resting
4462,W00090,0.55,0.8851,0.1245,0.3297,Resting
4463,W00090,0.6,0.8474,0.1174,0.3413,Resting
4464,W00090,0.65,0.8472,0.0656,0.3748,Resting
4465,W00090,0.7,0.8802,0.064,0.3846,Resting
4466,W00090,0.75,0.8307,0.1096,0.3473,Resting
4467,W00090,0.8,0.8646,0.1239,0.371,Resting
4468,W00090,0.85,0.8444,0.1587,0.3489,Resting
4469,W00090,0.9,0.9041,0.0765,0.3515,Resting
4470,W00090,0.95,0.867,0.1145,0.3719,Resting
4471,W00090,1.0,0.8851,0.0706,0.3513,Resting
4472,W00090,1.05,0.8633,0.1206,0.3378,Resting
4473,W00090,1.1,0.8696,0.1093,0.3628,Resting
4474,W00090,1.15,0.7994,0.1294,0.3663,Resting
4475,W00090,1.2,0.8682,0.0884,0.3832,Resting
4476,W00090,1.25,0.8535,0.0795,0.3685,Resting
4477,W00090,1.3,0.8811,0.1095,0.3515,Resting
4478,W00090,1.35,0.8683,0.0929,0.3284,Resting
4479,W00090,1.4,0.886,0.0949,0.3679,Resting
4480,W00090,1.45,0.8486,0.0596,0.3541,Resting
4481,W00090,1.5,0.8458,0.1183,0.3369,Resting
4482,W00090,1.55,0.8592,0.0845,0.3579,Resting
4483,W00090,1.6,0.8415,0.1072,0.3471,Resting
4484,W00090,1.65,0.8667,0.1175,0.3526,Resting
4485,W00090,1.7,0.8577,0.0815,0.3548,Resting
4486,W00090,1.75,0.8359,0.0681,0.3496,Resting
4487,W00090,1.8,0.8264,0.0736,0.3613,Resting
4488,W00090,1.85,0.8429,0.0984,0.3545,Resting
4489,W00090,1.9,0.8221,0.1135,0.3415,Resting
4490,W00090,1.95,0.8444,0.1,0.3586,Resting
4491,W00090,2.0,0.8364,0.1161,0.3151,Resting
4492,W00090,2.05,0.8689,0.0748,0.3364,Resting
4493,W00090,2.1,0.8744,0.121,0.3699,Resting
4494,W00090,2.15,0.8645,0.0853,0.3473,Resting
4495,W00090,2.2,0.865,0.0872,0.3357,Resting
4496,W00090,2.25,0.8158,0.0829,0.3369,Resting
4497,W00090,2.3,0.8512,0.0636,0.3485,Resting
4498,W00090,2.35,0.821,0.0896,0.3602,Resting
4499,W00090,2.4,0.8473,0.118,0.3538,Resting
4500,W00090,2.45,0.8333,0.0924,0.3366,Resting
4501,W00091,0.0,1.5258,0.1912,1.2265,Abnormal Movement
4502,W00091,0.05,1.4043,0.3378,-0.4785,Abnormal Movement
4503,W00091,0.1,0.2582,-0.5436,0.5295,Abnormal Movement
4504,W00091,0.15,0.2256,1.1417,0.9579,Abnormal Movement
4505,W00091,0.2,0.2577,0.0983,1.0415,Abnormal Movement
4506,W00091,0.25,-0.5961,0.6388,-0.4776,Abnormal Movement
4507,W00091,0.3,0.0276,0.6422,0.0564,Abnormal Movement
4508,W00091,0.35,-0.1056,-0.1057,0.0947,Abnormal Movement
4509,W00091,0.4,-0.2092,0.1876,0.8733,Abnormal Movement
4510,W00091,0.45,-0.329,-0.4028,-0.1632,Abnormal Movement
4511,W00091,0.5,-0.1574,-0.8343,0.2518,Abnormal Movement
4512,W00091,0.55,0.1872,0.3112,-0.2419,Abnormal Movement
4513,W00091,0.6,0.3875,0.1138,0.7247,Abnormal Movement
4514,W00091,0.65,0.7028,0.2106,-0.4389,Abnormal Movement
4515,W00091,0.7,0.6653,0.3673,0.5232,Abnormal Movement
4516,W00091,0.75,0.9253,0.4018,1.5714,Abnormal Movement
4517,W00091,0.8,0.666,0.4593,1.0889,Abnormal Movement
4518,W00091,0.85,0.9442,0.1667,0.4037,Abnormal Movement
4519,W00091,0.9,0.7642,0.4479,0.7348,Abnormal Movement
4520,W00091,0.95,-0.8843,0.965,0.6108,Abnormal Movement
4521,W00091,1.0,0.2819,0.3395,0.2075,Abnormal Movement
4522,W00091,1.05,0.5014,0.6398,1.0582,Abnormal Movement
4523,W00091,1.1,0.1379,0.0445,0.4841,Abnormal Movement
4524,W00091,1.15,-1.3799,0.5076,0.7789,Abnormal Movement
4525,W00091,1.2,-0.1792,0.5525,-0.5705,Abnormal Movement
4526,W00091,1.25,0.3061,-0.4275,-0.4288,Abnormal Movement
4527,W00091,1.3,-0.8542,0.6719,0.0758,Abnormal Movement
4528,W00091,1.35,-0.9969,-0.2493,-0.4896,Abnormal Movement
4529,W00091,1.4,-0.341,0.1696,0.0114,Abnormal Movement
4530,W00091,1.45,-0.0648,0.0779,0.5889,Abnormal Movement
4531,W00091,1.5,0.7418,-0.5745,0.4313,Abnormal Movement
4532,W00091,1.55,0.3669,-0.535,0.6954,Abnormal Movement
4533,W00091,1.6,0.3436,-0.4413,0.8248,Abnormal Movement
4534,W00091,1.65,-0.1751,0.4236,0.6446,Abnormal Movement
4535,W00091,1.7,0.0292,-0.1256,0.6177,Abnormal Movement
4536,W00091,1.75,0.7172,0.491,0.7271,Abnormal Movement
4537,W00091,1.8,1.1045,-0.4103,0.5296,Abnormal Movement
4538,W00091,1.85,0.1357,0.0696,0.7583,Abnormal Movement
4539,W00091,1.9,1.0487,-0.3236,0.9823,Abnormal Movement
4540,W00091,1.95,1.095,-0.3551,1.8277,Abnormal Movement
4541,W00091,2.0,0.1227,0.4381,0.3543,Abnormal Movement
4542,W00091,2.05,0.751,0.7471,1.2585,Abnormal Movement
4543,W00091,2.1,-0.2113,0.1691,0.0809,Abnormal Movement
4544,W00091,2.15,-0.4694,0.4215,0.5658,Abnormal Movement
4545,W00091,2.2,-1.0924,-0.2153,0.4253,Abnormal Movement
4546,W00091,2.25,0.3392,0.3726,0.0433,Abnormal Movement
4547,W00091,2.3,0.3151,-0.7271,0.4208,Abnormal Movement
4548,W00091,2.35,0.0918,-0.5748,0.2842,Abnormal Movement
4549,W00091,2.4,-0.2904,0.2533,-0.003,Abnormal Movement
4550,W00091,2.45,0.1902,0.333,-0.4104,Abnormal Movement
4551,W00092,0.0,0.8812,0.064,0.286,Sleeping
4552,W00092,0.05,0.8859,0.0926,0.2962,Sleeping
4553,W00092,0.1,0.885,0.071,0.2952,Sleeping
4554,W00092,0.15,0.8661,0.0793,0.2938,Sleeping
4555,W00092,0.2,0.8707,0.0834,0.2988,Sleeping
4556,W00092,0.25,0.8697,0.0701,0.3103,Sleeping
4557,W00092,0.3,0.8883,0.0709,0.2948,Sleeping
4558,W00092,0.35,0.8823,0.0783,0.3052,Sleeping
4559,W00092,0.4,0.8766,0.077,0.3044,Sleeping
4560,W00092,0.45,0.8887,0.0814,0.2963,Sleeping
4561,W00092,0.5,0.8741,0.0782,0.3086,Sleeping
4562,W00092,0.55,0.8802,0.0837,0.2994,Sleeping
4563,W00092,0.6,0.8703,0.0825,0.3025,Sleeping
4564,W00092,0.65,0.8773,0.0734,0.3101,Sleeping
4565,W00092,0.7,0.8881,0.0778,0.2951,Sleeping
4566,W00092,0.75,0.8719,0.0819,0.2964,Sleeping
4567,W00092,0.8,0.8786,0.0716,0.2875,Sleeping
4568,W00092,0.85,0.8839,0.0678,0.2971,Sleeping
4569,W00092,0.9,0.8685,0.0763,0.3156,Sleeping
4570,W00092,0.95,0.8815,0.0759,0.3019,Sleeping
4571,W00092,1.0,0.8624,0.0693,0.2854,Sleeping
4572,W00092,1.05,0.8559,0.0716,0.3071,Sleeping
4573,W00092,1.1,0.8689,0.0939,0.3134,Sleeping
4574,W00092,1.15,0.8902,0.0844,0.3119,Sleeping
4575,W00092,1.2,0.8913,0.0807,0.2978,Sleeping
4576,W00092,1.25,0.883,0.0927,0.2951,Sleeping
4577,W00092,1.3,0.884,0.0931,0.3075,Sleeping
4578,W00092,1.35,0.8747,0.0789,0.3018,Sleeping
4579,W00092,1.4,0.8766,0.0982,0.2931,Sleeping
4580,W00092,1.45,0.8817,0.0726,0.3067,Sleeping
4581,W00092,1.5,0.8862,0.0647,0.309,Sleeping
4582,W00092,1.55,0.8902,0.0737,0.3136,Sleeping
4583,W00092,1.6,0.8723,0.0867,0.2981,Sleeping
4584,W00092,1.65,0.8828,0.0841,0.3009,Sleeping
4585,W00092,1.7,0.8847,0.0998,0.2899,Sleeping
4586,W00092,1.75,0.877,0.0961,0.2928,Sleeping
4587,W00092,1.8,0.8874,0.0824,0.2935,Sleeping
4588,W00092,1.85,0.8892,0.0748,0.2951,Sleeping
4589,W00092,1.9,0.8727,0.072,0.2944,Sleeping
4590,W00092,1.95,0.8867,0.0884,0.3154,Sleeping
4591,W00092,2.0,0.8904,0.0746,0.3122,Sleeping
4592,W00092,2.05,0.8802,0.0826,0.2923,Sleeping
4593,W00092,2.1,0.8764,0.0794,0.3177,Sleeping
4594,W00092,2.15,0.8924,0.0862,0.308,Sleeping
4595,W00092,2.2,0.8893,0.0999,0.3032,Sleeping
4596,W00092,2.25,0.8863,0.084,0.3137,Sleeping
4597,W00092,2.3,0.8866,0.097,0.3073,Sleeping
4598,W00092,2.35,0.8728,0.0798,0.3011,Sleeping
4599,W00092,2.4,0.8857,0.0716,0.296,Sleeping
4600,W00092,2.45,0.8843,0.0901,0.2878,Sleeping
4601,W00093,0.0,0.0607,0.0987,0.9477,Standing
4602,W00093,0.05,0.0373,0.1168,0.9524,Standing
4603,W00093,0.1,0.1028,0.0673,1.0183,Standing
4604,W00093,0.15,0.0568,0.0602,0.9702,Standing
4605,W00093,0.2,0.0435,0.0949,0.9937,Standing
4606,W00093,0.25,0.0196,0.0901,0.9931,Standing
4607,W00093,0.3,0.0484,0.1036,0.9127,Standing
4608,W00093,0.35,0.0594,0.1065,0.9973,Standing
4609,W00093,0.4,0.0286,0.1213,0.9597,Standing
4610,W00093,0.45,0.0349,0.0722,0.9865,Standing
4611,W00093,0.5,0.0413,0.111,0.9818,Standing
4612,W00093,0.55,-0.0501,0.049,0.9584,Standing
4613,W00093,0.6,-0.0332,0.0603,0.9894,Standing
4614,W00093,0.65,0.053,0.1484,0.9373,Standing
4615,W00093,0.7,0.0544,0.0731,0.929,Standing
4616,W00093,0.75,0.0432,0.0373,1.0012,Standing
4617,W00093,0.8,0.0398,0.0383,0.9522,Standing
4618,W00093,0.85,0.0522,0.0732,0.9702,Standing
4619,W00093,0.9,0.0182,0.0554,0.9873,Standing
4620,W00093,0.95,0.0235,0.0818,1.0046,Standing
4621,W00093,1.0,0.0582,0.0753,0.9537,Standing
4622,W00093,1.05,0.0123,0.0892,0.9564,Standing
4623,W00093,1.1,0.049,0.0635,1.013,Standing
4624,W00093,1.15,0.064,0.069,0.9668,Standing
4625,W00093,1.2,0.029,0.0827,0.9962,Standing
4626,W00093,1.25,0.0964,0.0275,0.9911,Standing
4627,W00093,1.3,0.0735,0.0695,0.979,Standing
4628,W00093,1.35,0.0627,0.1441,0.9925,Standing
4629,W00093,1.4,0.04,0.1171,0.9872,Standing
4630,W00093,1.45,0.0973,0.1051,0.975,Standing
4631,W00093,1.5,0.0458,0.1206,1.0421,Standing
4632,W00093,1.55,0.1138,0.0916,1.016,Standing
4633,W00093,1.6,0.1199,0.0933,0.9708,Standing
4634,W00093,1.65,0.0593,0.0911,0.9741,Standing
4635,W00093,1.7,0.0996,0.074,0.9507,Standing
4636,W00093,1.75,0.1372,0.0743,0.9854,Standing
4637,W00093,1.8,0.0856,0.1088,0.9601,Standing
4638,W00093,1.85,0.066,0.1314,0.9873,Standing
4639,W00093,1.9,0.093,0.1581,0.9623,Standing
4640,W00093,1.95,0.0585,0.1224,0.9474,Standing
4641,W00093,2.0,0.0746,0.1085,0.9584,Standing
4642,W00093,2.05,0.0247,0.0637,0.9853,Standing
4643,W00093,2.1,0.0434,0.1377,0.996,Standing
4644,W00093,2.15,0.0656,0.0878,0.9877,Standing
4645,W00093,2.2,0.0556,0.1274,0.9759,Standing
4646,W00093,2.25,0.0454,0.0863,0.9971,Standing
4647,W00093,2.3,0.0213,0.1335,0.986,Standing
4648,W00093,2.35,0.0207,0.0601,1.0403,Standing
4649,W00093,2.4,0.0548,0.0827,0.9833,Standing
4650,W00093,2.45,0.0396,0.0471,0.973,Standing
4651,W00094,0.0,-0.2531,-0.0667,0.754,Running
4652,W00094,0.05,-0.198,-0.1806,0.7585,Running
4653,W00094,0.1,0.107,-0.0472,1.1619,Running
4654,W00094,0.15,0.3485,0.4629,1.131,Running
4655,W00094,0.2,0.7803,0.3879,1.1825,Running
4656,W00094,0.25,0.4247,0.4051,1.3193,Running
4657,W00094,0.3,0.3659,0.2953,1.2984,Running
4658,W00094,0.35,-0.0293,-0.0543,0.9935,Running
4659,W00094,0.4,-0.1508,0.032,0.7368,Running
4660,W00094,0.45,-0.2722,-0.1092,0.6093,Running
4661,W00094,0.5,-0.1579,-0.0291,0.7796,Running
4662,W00094,0.55,0.2419,0.1877,1.0223,Running
4663,W00094,0.6,0.3159,0.6035,1.2301,Running
4664,W00094,0.65,0.5314,0.4467,0.9389,Running
4665,W00094,0.7,0.4685,0.445,1.0339,Running
4666,W00094,0.75,0.1612,0.0916,0.7196,Running
4667,W00094,0.8,-0.3961,-0.0502,0.5428,Running
4668,W00094,0.85,-0.4712,-0.2438,0.704,Running
4669,W00094,0.9,-0.1576,0.0352,0.8056,Running
4670,W00094,0.95,-0.213,0.141,0.9815,Running
4671,W00094,1.0,0.1896,0.2794,0.9143,Running
4672,W00094,1.05,0.6309,0.6827,1.2522,Running
4673,W00094,1.1,0.4915,0.4007,1.0505,Running
4674,W00094,1.15,0.091,0.4093,0.7828,Running
4675,W00094,1.2,0.0307,0.3059,0.7102,Running
4676,W00094,1.25,-0.5389,-0.107,0.662,Running
4677,W00094,1.3,-0.5292,0.0745,0.5361,Running
4678,W00094,1.35,-0.1617,0.0926,0.8178,Running
4679,W00094,1.4,0.4662,0.3238,0.8132,Running
4680,W00094,1.45,0.5229,0.6944,1.181,Running
4681,W00094,1.5,0.7306,0.3451,1.4345,Running
4682,W00094,1.55,0.4141,0.2279,1.1628,Running
4683,W00094,1.6,0.4157,0.4031,0.8819,Running
4684,W00094,1.65,-0.3731,-0.1941,0.5652,Running
4685,W00094,1.7,-0.2959,-0.1823,1.0124,Running
4686,W00094,1.75,-0.2311,-0.0514,0.7342,Running
4687,W00094,1.8,-0.1364,0.1473,0.997,Running
4688,W00094,1.85,0.401,0.2992,1.1264,Running
4689,W00094,1.9,0.5721,0.3481,1.1347,Running
4690,W00094,1.95,0.9253,0.4075,0.8465,Running
4691,W00094,2.0,0.6535,0.4054,1.222,Running
4692,W00094,2.05,0.2921,-0.071,0.8258,Running
4693,W00094,2.1,-0.1232,0.0133,0.7048,Running
4694,W00094,2.15,-0.0583,-0.5391,0.8063,Running
4695,W00094,2.2,-0.112,-0.0149,0.6855,Running
4696,W00094,2.25,0.275,0.2327,0.9226,Running
4697,W00094,2.3,0.5384,0.1956,1.2755,Running
4698,W00094,2.35,0.6334,0.3616,1.226,Running
4699,W00094,2.4,0.5446,0.5398,1.3716,Running
4700,W00094,2.45,0.1021,0.4863,0.8843,Running
4701,W00095,0.0,0.8486,0.1233,0.352,Resting
4702,W00095,0.05,0.8434,0.1355,0.372,Resting
4703,W00095,0.1,0.8698,0.1023,0.3626,Resting
4704,W00095,0.15,0.8407,0.105,0.3193,Resting
4705,W00095,0.2,0.8494,0.0902,0.3049,Resting
4706,W00095,0.25,0.8653,0.0956,0.3811,Resting
4707,W00095,0.3,0.9049,0.1111,0.3451,Resting
4708,W00095,0.35,0.8366,0.1234,0.3441,Resting
4709,W00095,0.4,0.8694,0.1065,0.3669,Resting
4710,W00095,0.45,0.8469,0.1353,0.3821,Resting
4711,W00095,0.5,0.8791,0.1129,0.3522,Resting
4712,W00095,0.55,0.8797,0.1104,0.3744,Resting
4713,W00095,0.6,0.8456,0.0924,0.3322,Resting
4714,W00095,0.65,0.8995,0.1131,0.3252,Resting
4715,W00095,0.7,0.8395,0.1119,0.3126,Resting
4716,W00095,0.75,0.8391,0.0734,0.3668,Resting
4717,W00095,0.8,0.853,0.0715,0.347,Resting
4718,W00095,0.85,0.8844,0.102,0.3555,Resting
4719,W00095,0.9,0.8637,0.106,0.3801,Resting
4720,W00095,0.95,0.8793,0.0696,0.3246,Resting
4721,W00095,1.0,0.8783,0.0908,0.4048,Resting
4722,W00095,1.05,0.833,0.0761,0.3562,Resting
4723,W00095,1.1,0.8311,0.114,0.312,Resting
4724,W00095,1.15,0.8686,0.0869,0.3764,Resting
4725,W00095,1.2,0.8525,0.1244,0.3933,Resting
4726,W00095,1.25,0.8653,0.1385,0.3502,Resting
4727,W00095,1.3,0.871,0.0966,0.3373,Resting
4728,W00095,1.35,0.8677,0.1171,0.3734,Resting
4729,W00095,1.4,0.8652,0.0968,0.3685,Resting
4730,W00095,1.45,0.8551,0.109,0.304,Resting
4731,W00095,1.5,0.8474,0.1016,0.3459,Resting
4732,W00095,1.55,0.8841,0.0874,0.3518,Resting
4733,W00095,1.6,0.8561,0.0691,0.3162,Resting
4734,W00095,1.65,0.8653,0.0855,0.3397,Resting
4735,W00095,1.7,0.8768,0.1167,0.3255,Resting
4736,W00095,1.75,0.8514,0.0825,0.3427,Resting
4737,W00095,1.8,0.8499,0.0777,0.3638,Resting
4738,W00095,1.85,0.8318,0.092,0.3727,Resting
4739,W00095,1.9,0.8115,0.1266,0.3395,Resting
4740,W00095,1.95,0.8358,0.0999,0.3413,Resting
4741,W00095,2.0,0.842,0.0497,0.3252,Resting
4742,W00095,2.05,0.8157,0.0794,0.3359,Resting
4743,W00095,2.1,0.8632,0.098,0.3742,Resting
4744,W00095,2.15,0.8528,0.0518,0.3397,Resting
4745,W00095,2.2,0.8534,0.1077,0.3141,Resting
4746,W00095,2.25,0.8292,0.0769,0.3281,Resting
4747,W00095,2.3,0.8661,0.0828,0.3371,Resting
4748,W00095,2.35,0.8834,0.0808,0.3506,Resting
4749,W00095,2.4,0.8137,0.0887,0.3207,Resting
4750,W00095,2.45,0.8735,0.1135,0.3615,Resting
4751,W00096,0.0,0.8837,0.0754,0.2981,Sleeping
4752,W00096,0.05,0.8832,0.0902,0.2906,Sleeping
4753,W00096,0.1,0.8611,0.0853,0.2947,Sleeping
4754,W00096,0.15,0.8882,0.085,0.2894,Sleeping
4755,W00096,0.2,0.8788,0.0707,0.3039,Sleeping
4756,W00096,0.25,0.8688,0.0862,0.2915,Sleeping
4757,W00096,0.3,0.8763,0.0741,0.2912,Sleeping
4758,W00096,0.35,0.8807,0.0853,0.3012,Sleeping
4759,W00096,0.4,0.8787,0.0916,0.2959,Sleeping
4760,W00096,0.45,0.8672,0.0764,0.2924,Sleeping
4761,W00096,0.5,0.8748,0.0707,0.3004,Sleeping
4762,W00096,0.55,0.8803,0.0768,0.2774,Sleeping
4763,W00096,0.6,0.8722,0.0923,0.2934,Sleeping
4764,W00096,0.65,0.8719,0.0694,0.2989,Sleeping
4765,W00096,0.7,0.8732,0.0785,0.2906,Sleeping
4766,W00096,0.75,0.8635,0.077,0.2965,Sleeping
4767,W00096,0.8,0.8755,0.0898,0.3054,Sleeping
4768,W00096,0.85,0.8887,0.0717,0.2849,Sleeping
4769,W00096,0.9,0.8805,0.0747,0.2956,Sleeping
4770,W00096,0.95,0.884,0.073,0.2976,Sleeping
4771,W00096,1.0,0.8795,0.0803,0.2868,Sleeping
4772,W00096,1.05,0.8818,0.0711,0.2962,Sleeping
4773,W00096,1.1,0.8843,0.0738,0.305,Sleeping
4774,W00096,1.15,0.8795,0.0688,0.2897,Sleeping
4775,W00096,1.2,0.8738,0.0821,0.2951,Sleeping
4776,W00096,1.25,0.8824,0.0782,0.2953,Sleeping
4777,W00096,1.3,0.8937,0.0813,0.2953,Sleeping
4778,W00096,1.35,0.8805,0.0647,0.2977,Sleeping
4779,W00096,1.4,0.8701,0.0868,0.2913,Sleeping
4780,W00096,1.45,0.8797,0.0796,0.3086,Sleeping
4781,W00096,1.5,0.8768,0.0914,0.3113,Sleeping
4782,W00096,1.55,0.8717,0.0924,0.2888,Sleeping
4783,W00096,1.6,0.878,0.0738,0.3022,Sleeping
4784,W00096,1.65,0.8795,0.0798,0.3069,Sleeping
4785,W00096,1.7,0.8934,0.0746,0.3081,Sleeping
4786,W00096,1.75,0.8803,0.0792,0.3012,Sleeping
4787,W00096,1.8,0.8816,0.0827,0.2976,Sleeping
4788,W00096,1.85,0.8694,0.0782,0.2925,Sleeping
4789,W00096,1.9,0.8738,0.0766,0.3005,Sleeping
4790,W00096,1.95,0.8799,0.0918,0.2913,Sleeping
4791,W00096,2.0,0.868,0.0663,0.2998,Sleeping
4792,W00096,2.05,0.873,0.0795,0.2903,Sleeping
4793,W00096,2.1,0.8718,0.0726,0.2989,Sleeping
4794,W00096,2.15,0.8729,0.0739,0.2988,Sleeping
4795,W00096,2.2,0.8725,0.0771,0.2893,Sleeping
4796,W00096,2.25,0.8771,0.0811,0.2907,Sleeping
4797,W00096,2.3,0.8944,0.0702,0.3134,Sleeping
4798,W00096,2.35,0.8884,0.0882,0.3201,Sleeping
4799,W00096,2.4,0.8885,0.0768,0.2948,Sleeping
4800,W00096,2.45,0.8882,0.077,0.3092,Sleeping
4801,W00097,0.0,0.0907,0.1113,0.9917,Standing
4802,W00097,0.05,0.0713,0.0966,0.9706,Standing
4803,W00097,0.1,0.0309,0.1045,0.9974,Standing
4804,W00097,0.15,0.016,0.1261,0.9958,Standing
4805,W00097,0.2,0.0593,0.1034,0.9433,Standing
4806,W00097,0.25,0.0788,0.0272,0.989,Standing
4807,W00097,0.3,0.0057,0.0661,0.9753,Standing
4808,W00097,0.35,0.0692,0.0719,0.996,Standing
4809,W00097,0.4,0.0587,0.0722,0.9478,Standing
4810,W00097,0.45,0.061,0.0662,0.954,Standing
4811,W00097,0.5,0.1096,0.0664,0.9655,Standing
4812,W00097,0.55,0.0579,0.1403,0.9876,Standing
4813,W00097,0.6,0.0844,0.1228,0.9561,Standing
4814,W00097,0.65,0.0467,0.1262,0.919,Standing
4815,W00097,0.7,0.0877,0.07,0.9349,Standing
4816,W00097,0.75,0.0282,0.0816,1.0012,Standing
4817,W00097,0.8,0.0409,0.0934,0.9938,Standing
4818,W00097,0.85,0.045,0.1215,0.9661,Standing
4819,W00097,0.9,0.0518,0.1151,0.9888,Standing
4820,W00097,0.95,0.0381,0.0877,0.946,Standing
4821,W00097,1.0,-0.0119,0.1218,0.9577,Standing
4822,W00097,1.05,0.0536,0.0814,0.9603,Standing
4823,W00097,1.1,0.0517,0.0957,1.006,Standing
4824,W00097,1.15,0.0849,0.0993,0.973,Standing
4825,W00097,1.2,0.0212,0.0567,0.9403,Standing
4826,W00097,1.25,0.0569,0.0645,0.9647,Standing
4827,W00097,1.3,0.0877,0.0881,0.9542,Standing
4828,W00097,1.35,0.0486,0.1605,1.0018,Standing
4829,W00097,1.4,0.0124,0.1286,0.9905,Standing
4830,W00097,1.45,0.0062,0.1111,0.9869,Standing
4831,W00097,1.5,0.0253,0.1302,0.9568,Standing
4832,W00097,1.55,0.055,0.0979,1.0025,Standing
4833,W00097,1.6,0.0119,0.1425,0.9957,Standing
4834,W00097,1.65,0.0686,0.0784,0.9311,Standing
4835,W00097,1.7,0.0156,0.0859,0.9768,Standing
4836,W00097,1.75,0.0667,0.0462,0.9911,Standing
4837,W00097,1.8,0.0771,0.0651,0.9876,Standing
4838,W00097,1.85,0.0321,0.1299,0.9895,Standing
4839,W00097,1.9,0.101,0.1189,0.9952,Standing
4840,W00097,1.95,0.0466,0.138,1.0126,Standing
4841,W00097,2.0,-0.012,0.077,1.0123,Standing
4842,W00097,2.05,0.058,0.1739,0.9911,Standing
4843,W00097,2.1,0.0738,0.1286,0.9585,Standing
4844,W00097,2.15,0.0473,0.1122,0.9219,Standing
4845,W00097,2.2,0.0811,0.0716,0.9571,Standing
4846,W00097,2.25,0.1053,0.0696,0.9791,Standing
4847,W00097,2.3,0.0719,0.1256,1.0,Standing
4848,W00097,2.35,0.0775,0.1715,1.048,Standing
4849,W00097,2.4,0.0935,0.1352,1.0104,Standing
4850,W00097,2.45,0.0629,0.1717,0.9488,Standing
4851,W00098,0.0,0.0723,0.11,0.9406,Standing
4852,W00098,0.05,0.0827,0.0907,0.9857,Standing
4853,W00098,0.1,0.0619,0.1124,1.0308,Standing
4854,W00098,0.15,0.0485,0.1318,0.9855,Standing
4855,W00098,0.2,0.0668,0.1147,0.9871,Standing
4856,W00098,0.25,0.0864,0.0766,1.0215,Standing
4857,W00098,0.3,0.0643,0.0963,1.0109,Standing
4858,W00098,0.35,0.048,0.079,0.9616,Standing
4859,W00098,0.4,0.0888,0.1654,0.974,Standing
4860,W00098,0.45,0.0955,0.1337,0.964,Standing
4861,W00098,0.5,0.0898,0.069,0.9394,Standing
4862,W00098,0.55,0.0707,0.0992,0.9716,Standing
4863,W00098,0.6,0.0596,0.125,0.9562,Standing
4864,W00098,0.65,0.0237,0.1131,1.0463,Standing
4865,W00098,0.7,0.07,0.0932,0.9829,Standing
4866,W00098,0.75,0.0849,0.0233,0.9819,Standing
4867,W00098,0.8,0.0369,0.1393,0.9985,Standing
4868,W00098,0.85,0.0743,0.0719,0.9515,Standing
4869,W00098,0.9,0.0646,0.1309,0.9453,Standing
4870,W00098,0.95,0.0117,0.1263,0.9775,Standing
4871,W00098,1.0,-0.0153,0.0832,0.9678,Standing
4872,W00098,1.05,0.025,0.0886,1.0144,Standing
4873,W00098,1.1,0.0638,0.0988,0.9579,Standing
4874,W00098,1.15,0.0156,0.0855,0.9372,Standing
4875,W00098,1.2,0.0246,0.0907,0.9923,Standing
4876,W00098,1.25,0.0437,0.0863,0.969,Standing
4877,W00098,1.3,0.1359,0.1463,0.9798,Standing
4878,W00098,1.35,-0.02,0.1216,0.9848,Standing
4879,W00098,1.4,0.0785,0.06,0.9882,Standing
4880,W00098,1.45,0.034,0.06,0.9648,Standing
4881,W00098,1.5,0.0706,0.107,0.9734,Standing
4882,W00098,1.55,0.0201,0.1178,0.9653,Standing
4883,W00098,1.6,0.0806,0.0917,0.9665,Standing
4884,W00098,1.65,-0.007,0.0289,0.9993,Standing
4885,W00098,1.7,-0.0147,0.1445,0.988,Standing
4886,W00098,1.75,0.0588,0.0578,0.9399,Standing
4887,W00098,1.8,0.1001,0.1014,0.9553,Standing
4888,W00098,1.85,0.049,0.0831,0.9583,Standing
4889,W00098,1.9,0.0538,0.0819,0.9665,Standing
4890,W00098,1.95,0.0596,0.0681,1.0015,Standing
4891,W00098,2.0,0.0458,0.0752,0.9929,Standing
4892,W00098,2.05,0.0667,0.1281,0.96,Standing
4893,W00098,2.1,0.1136,0.1617,0.9762,Standing
4894,W00098,2.15,0.055,0.1089,0.962,Standing
4895,W00098,2.2,0.121,0.1169,0.965,Standing
4896,W00098,2.25,0.0473,0.1244,0.9566,Standing
4897,W00098,2.3,0.0763,0.1315,1.0023,Standing
4898,W00098,2.35,0.1106,0.0918,0.9996,Standing
4899,W00098,2.4,0.095,0.1337,0.9736,Standing
4900,W00098,2.45,0.0744,0.1,0.9916,Standing
4901,W00099,0.0,0.0368,0.1246,0.9908,Standing
4902,W00099,0.05,0.0037,0.0804,0.9598,Standing
4903,W00099,0.1,0.0393,0.1541,0.9571,Standing
4904,W00099,0.15,0.0376,0.1201,1.024,Standing
4905,W00099,0.2,0.0024,0.1023,0.9649,Standing
4906,W00099,0.25,0.0656,0.1012,0.977,Standing
4907,W00099,0.3,0.0802,0.1238,0.9558,Standing
4908,W00099,0.35,0.0189,0.1494,0.9649,Standing
4909,W00099,0.4,0.0314,0.1488,0.9869,Standing
4910,W00099,0.45,0.0526,0.1087,0.9909,Standing
4911,W00099,0.5,0.0482,0.0709,1.0206,Standing
4912,W00099,0.55,0.1022,0.0687,1.0164,Standing
4913,W00099,0.6,0.0501,0.087,0.9555,Standing
4914,W00099,0.65,0.0739,0.1161,0.9776,Standing
4915,W00099,0.7,0.0281,0.0906,0.9822,Standing
4916,W00099,0.75,0.0504,0.1244,0.974,Standing
4917,W00099,0.8,0.0734,0.0768,0.9707,Standing
4918,W00099,0.85,0.0315,0.1144,1.0171,Standing
4919,W00099,0.9,-0.0227,0.0891,0.9916,Standing
4920,W00099,0.95,0.0609,0.0889,0.9978,Standing
4921,W00099,1.0,0.0587,0.0364,0.9915,Standing
4922,W00099,1.05,0.0654,0.0622,0.968,Standing
4923,W00099,1.1,0.0733,0.1382,0.9358,Standing
4924,W00099,1.15,0.0096,0.1129,0.963,Standing
4925,W00099,1.2,0.0023,0.0473,0.9685,Standing
4926,W00099,1.25,-0.0282,0.1174,0.9884,Standing
4927,W00099,1.3,0.0458,0.1528,0.9541,Standing
4928,W00099,1.35,0.0283,0.1439,0.9619,Standing
4929,W00099,1.4,0.0215,0.1026,0.9587,Standing
4930,W00099,1.45,0.0846,0.108,0.9543,Standing
4931,W00099,1.5,0.033,0.077,1.0176,Standing
4932,W00099,1.55,0.0366,0.0589,1.0116,Standing
4933,W00099,1.6,0.0268,0.1442,1.0205,Standing
4934,W00099,1.65,0.0605,0.0984,1.0191,Standing
4935,W00099,1.7,0.0307,0.0741,0.9455,Standing
4936,W00099,1.75,0.0755,0.1043,1.0223,Standing
4937,W00099,1.8,0.101,0.0457,0.9722,Standing
4938,W00099,1.85,0.0427,0.104,1.0006,Standing
4939,W00099,1.9,0.0957,0.1242,0.97,Standing
4940,W00099,1.95,0.0043,0.1316,0.9753,Standing
4941,W00099,2.0,0.0632,0.0748,0.9391,Standing
4942,W00099,2.05,0.0642,0.1246,0.9115,Standing
4943,W00099,2.1,0.0642,0.1694,0.9687,Standing
4944,W00099,2.15,0.0911,0.1117,0.9763,Standing
4945,W00099,2.2,0.1376,0.1187,0.991,Standing
4946,W00099,2.25,0.1114,0.1221,0.9823,Standing
4947,W00099,2.3,0.0856,0.0694,1.0019,Standing
4948,W00099,2.35,0.0568,0.065,0.9943,Standing
4949,W00099,2.4,0.0333,0.0869,0.9807,Standing
4950,W00099,2.45,0.0529,0.1008,0.967,Standing
4951,W00100,0.0,0.8819,0.0911,0.2963,Sleeping
4952,W00100,0.05,0.885,0.0821,0.2891,Sleeping
4953,W00100,0.1,0.8728,0.0854,0.298,Sleeping
4954,W00100,0.15,0.8862,0.0941,0.3036,Sleeping
4955,W00100,0.2,0.8668,0.0983,0.3104,Sleeping
4956,W00100,0.25,0.8737,0.0711,0.3114,Sleeping
4957,W00100,0.3,0.8679,0.0803,0.2885,Sleeping
4958,W00100,0.35,0.8858,0.0737,0.3122,Sleeping
4959,W00100,0.4,0.8819,0.0839,0.3153,Sleeping
4960,W00100,0.45,0.8929,0.0839,0.3045,Sleeping
4961,W00100,0.5,0.8823,0.0851,0.3119,Sleeping
4962,W00100,0.55,0.8798,0.0721,0.2968,Sleeping
4963,W00100,0.6,0.8781,0.085,0.2978,Sleeping
4964,W00100,0.65,0.8647,0.0763,0.3075,Sleeping
4965,W00100,0.7,0.8751,0.0741,0.2967,Sleeping
4966,W00100,0.75,0.8709,0.0825,0.3084,Sleeping
4967,W00100,0.8,0.8739,0.0808,0.3174,Sleeping
4968,W00100,0.85,0.8826,0.0875,0.3067,Sleeping
4969,W00100,0.9,0.8886,0.0776,0.3032,Sleeping
4970,W00100,0.95,0.8948,0.0918,0.3029,Sleeping
4971,W00100,1.0,0.8915,0.0786,0.3137,Sleeping
4972,W00100,1.05,0.8878,0.0752,0.2948,Sleeping
4973,W00100,1.1,0.8784,0.0733,0.3004,Sleeping
4974,W00100,1.15,0.8777,0.0814,0.293,Sleeping
4975,W00100,1.2,0.8845,0.098,0.2999,Sleeping
4976,W00100,1.25,0.8803,0.0836,0.2963,Sleeping
4977,W00100,1.3,0.8867,0.0751,0.3068,Sleeping
4978,W00100,1.35,0.9028,0.0739,0.3035,Sleeping
4979,W00100,1.4,0.8983,0.0824,0.3037,Sleeping
4980,W00100,1.45,0.8875,0.0725,0.2982,Sleeping
4981,W00100,1.5,0.8824,0.1046,0.3043,Sleeping
4982,W00100,1.55,0.8875,0.0816,0.3006,Sleeping
4983,W00100,1.6,0.8839,0.0771,0.3051,Sleeping
4984,W00100,1.65,0.8877,0.0868,0.2959,Sleeping
4985,W00100,1.7,0.8876,0.0749,0.3072,Sleeping
4986,W00100,1.75,0.8872,0.0769,0.3073,Sleeping
4987,W00100,1.8,0.8713,0.0781,0.2937,Sleeping
4988,W00100,1.85,0.8826,0.0783,0.308,Sleeping
4989,W00100,1.9,0.8957,0.0835,0.3155,Sleeping
4990,W00100,1.95,0.878,0.0815,0.3001,Sleeping
4991,W00100,2.0,0.8749,0.0799,0.309,Sleeping
4992,W00100,2.05,0.8915,0.0929,0.2963,Sleeping
4993,W00100,2.1,0.8786,0.0651,0.2857,Sleeping
4994,W00100,2.15,0.889,0.0907,0.2946,Sleeping
4995,W00100,2.2,0.8872,0.0741,0.2998,Sleeping
4996,W00100,2.25,0.8834,0.0922,0.3105,Sleeping
4997,W00100,2.3,0.891,0.0848,0.3172,Sleeping
4998,W00100,2.35,0.8806,0.0704,0.305,Sleeping
4999,W00100,2.4,0.8833,0.0732,0.2903,Sleeping
5000,W00100,2.45,0.8824,0.0805,0.2966,Sleeping
5001,W00101,0.0,0.3119,0.2689,0.9815,Walking
5002,W00101,0.05,0.2324,0.2617,1.0221,Walking
5003,W00101,0.1,0.1337,0.2042,0.9685,Walking
5004,W00101,0.15,0.1918,0.2326,0.9306,Walking
5005,W00101,0.2,0.0638,0.1558,0.9331,Walking
5006,W00101,0.25,-0.0751,-0.1198,0.9145,Walking
5007,W00101,0.3,0.0181,-0.015,0.8466,Walking
5008,W00101,0.35,-0.0762,-0.0815,0.8145,Walking
5009,W00101,0.4,0.0229,0.0784,1.0055,Walking
5010,W00101,0.45,0.1664,0.2311,0.8199,Walking
5011,W00101,0.5,0.2399,0.1277,1.0485,Walking
5012,W00101,0.55,0.1901,0.2915,0.9268,Walking
5013,W00101,0.6,0.3679,0.2839,0.9906,Walking
5014,W00101,0.65,0.2891,0.2708,1.0509,Walking
5015,W00101,0.7,0.2282,0.2549,0.9902,Walking
5016,W00101,0.75,0.1123,0.2457,0.9195,Walking
5017,W00101,0.8,-0.0005,0.1279,0.9562,Walking
5018,W00101,0.85,-0.0473,0.0612,0.8955,Walking
5019,W00101,0.9,0.0803,-0.0581,0.8245,Walking
5020,W00101,0.95,0.0136,-0.0338,0.8507,Walking
5021,W00101,1.0,-0.0075,-0.1097,0.8178,Walking
5022,W00101,1.05,0.098,0.1219,0.9507,Walking
5023,W00101,1.1,0.0904,0.2658,1.152,Walking
5024,W00101,1.15,0.2052,0.2568,1.0488,Walking
5025,W00101,1.2,0.0786,0.3024,1.0735,Walking
5026,W00101,1.25,0.091,0.2589,0.9828,Walking
5027,W00101,1.3,0.1037,0.0136,0.8531,Walking
5028,W00101,1.35,0.2645,-0.1444,0.9109,Walking
5029,W00101,1.4,0.0105,0.1064,0.93,Walking
5030,W00101,1.45,0.0041,-0.0845,0.8108,Walking
5031,W00101,1.5,-0.0891,-0.0093,0.779,Walking
5032,W00101,1.55,0.134,-0.0579,0.8797,Walking
5033,W00101,1.6,0.086,0.1789,0.9637,Walking
5034,W00101,1.65,0.0668,0.1832,0.8901,Walking
5035,W00101,1.7,0.1511,0.1472,1.1315,Walking
5036,W00101,1.75,0.2361,0.2639,0.9729,Walking
5037,W00101,1.8,0.1712,0.2723,1.0107,Walking
5038,W00101,1.85,0.2091,0.2766,0.9159,Walking
5039,W00101,1.9,0.2067,0.0901,1.0517,Walking
5040,W00101,1.95,-0.0268,0.1405,0.7982,Walking
5041,W00101,2.0,0.1167,-0.0066,0.8896,Walking
5042,W00101,2.05,0.0651,0.0192,0.8985,Walking
5043,W00101,2.1,-0.0373,0.0365,0.9181,Walking
5044,W00101,2.15,0.0282,-0.0545,0.9294,Walking
5045,W00101,2.2,0.054,0.0838,0.8292,Walking
5046,W00101,2.25,0.0675,0.1467,0.9966,Walking
5047,W00101,2.3,0.253,0.2449,0.96,Walking
5048,W00101,2.35,0.2574,0.2376,0.849,Walking
5049,W00101,2.4,0.227,0.2952,1.1876,Walking
5050,W00101,2.45,0.1218,0.2221,1.0435,Walking
5051,W00102,0.0,0.8892,0.0793,0.3057,Sleeping
5052,W00102,0.05,0.8778,0.0686,0.306,Sleeping
5053,W00102,0.1,0.875,0.0819,0.2935,Sleeping
5054,W00102,0.15,0.889,0.0811,0.3136,Sleeping
5055,W00102,0.2,0.87,0.0739,0.2884,Sleeping
5056,W00102,0.25,0.8895,0.0832,0.2955,Sleeping
5057,W00102,0.3,0.8701,0.0916,0.2963,Sleeping
5058,W00102,0.35,0.8836,0.0743,0.2934,Sleeping
5059,W00102,0.4,0.8886,0.0714,0.2975,Sleeping
5060,W00102,0.45,0.875,0.0752,0.2946,Sleeping
5061,W00102,0.5,0.8863,0.0838,0.3044,Sleeping
5062,W00102,0.55,0.8848,0.0931,0.2981,Sleeping
5063,W00102,0.6,0.8874,0.075,0.3083,Sleeping
5064,W00102,0.65,0.8937,0.0735,0.2972,Sleeping
5065,W00102,0.7,0.8807,0.0739,0.2995,Sleeping
5066,W00102,0.75,0.8879,0.0756,0.282,Sleeping
5067,W00102,0.8,0.8858,0.0951,0.2907,Sleeping
5068,W00102,0.85,0.8892,0.0878,0.3131,Sleeping
5069,W00102,0.9,0.8813,0.061,0.3077,Sleeping
5070,W00102,0.95,0.8744,0.0763,0.3029,Sleeping
5071,W00102,1.0,0.8817,0.0811,0.2934,Sleeping
5072,W00102,1.05,0.8805,0.0742,0.2969,Sleeping
5073,W00102,1.1,0.8594,0.0772,0.3057,Sleeping
5074,W00102,1.15,0.8824,0.0773,0.3149,Sleeping
5075,W00102,1.2,0.893,0.0833,0.2919,Sleeping
5076,W00102,1.25,0.8865,0.0933,0.3014,Sleeping
5077,W00102,1.3,0.8886,0.0569,0.2983,Sleeping
5078,W00102,1.35,0.8734,0.0832,0.2929,Sleeping
5079,W00102,1.4,0.8758,0.0938,0.297,Sleeping
5080,W00102,1.45,0.8824,0.084,0.3004,Sleeping
5081,W00102,1.5,0.8797,0.0805,0.2929,Sleeping
5082,W00102,1.55,0.8969,0.0858,0.295,Sleeping
5083,W00102,1.6,0.8816,0.0897,0.2923,Sleeping
5084,W00102,1.65,0.8903,0.0897,0.3078,Sleeping
5085,W00102,1.7,0.8942,0.0859,0.3046,Sleeping
5086,W00102,1.75,0.8839,0.0707,0.3063,Sleeping
5087,W00102,1.8,0.8711,0.0852,0.3195,Sleeping
5088,W00102,1.85,0.8878,0.0895,0.3068,Sleeping
5089,W00102,1.9,0.8874,0.0743,0.3088,Sleeping
5090,W00102,1.95,0.8907,0.0637,0.3024,Sleeping
5091,W00102,2.0,0.8751,0.0846,0.3034,Sleeping
5092,W00102,2.05,0.8746,0.0905,0.3028,Sleeping
5093,W00102,2.1,0.8792,0.0713,0.3027,Sleeping
5094,W00102,2.15,0.8737,0.0885,0.3161,Sleeping
5095,W00102,2.2,0.8822,0.0741,0.3066,Sleeping
5096,W00102,2.25,0.88,0.0801,0.3132,Sleeping
5097,W00102,2.3,0.8834,0.0879,0.2908,Sleeping
5098,W00102,2.35,0.8859,0.0719,0.3141,Sleeping
5099,W00102,2.4,0.8942,0.0859,0.2986,Sleeping
5100,W00102,2.45,0.8958,0.0774,0.2998,Sleeping
5101,W00103,0.0,0.8585,0.1324,0.3464,Resting
5102,W00103,0.05,0.8588,0.0689,0.3006,Resting
5103,W00103,0.1,0.8186,0.0833,0.3638,Resting
5104,W00103,0.15,0.8579,0.0953,0.3592,Resting
5105,W00103,0.2,0.827,0.1101,0.3372,Resting
5106,W00103,0.25,0.8762,0.0897,0.319,Resting
5107,W00103,0.3,0.81,0.0687,0.3319,Resting
5108,W00103,0.35,0.8632,0.1307,0.3242,Resting
5109,W00103,0.4,0.8215,0.0669,0.3528,Resting
5110,W00103,0.45,0.8394,0.0915,0.3434,Resting
5111,W00103,0.5,0.8539,0.0848,0.3781,Resting
5112,W00103,0.55,0.8164,0.1158,0.3269,Resting
5113,W00103,0.6,0.8286,0.0799,0.3158,Resting
5114,W00103,0.65,0.8506,0.0861,0.384,Resting
5115,W00103,0.7,0.8102,0.1074,0.3285,Resting
5116,W00103,0.75,0.7966,0.0573,0.314,Resting
5117,W00103,0.8,0.8444,0.0791,0.3553,Resting
5118,W00103,0.85,0.8553,0.0772,0.3743,Resting
5119,W00103,0.9,0.8672,0.1112,0.3451,Resting
5120,W00103,0.95,0.8463,0.0869,0.3527,Resting
5121,W00103,1.0,0.8433,0.0816,0.3585,Resting
5122,W00103,1.05,0.8588,0.1068,0.33,Resting
5123,W00103,1.1,0.8389,0.1,0.3452,Resting
5124,W00103,1.15,0.849,0.0584,0.3607,Resting
5125,W00103,1.2,0.7839,0.0918,0.3354,Resting
5126,W00103,1.25,0.8372,0.1078,0.3819,Resting
5127,W00103,1.3,0.8198,0.0726,0.3163,Resting
5128,W00103,1.35,0.8172,0.0763,0.3239,Resting
5129,W00103,1.4,0.8386,0.0986,0.3349,Resting
5130,W00103,1.45,0.8328,0.0724,0.3292,Resting
5131,W00103,1.5,0.8714,0.1086,0.3364,Resting
5132,W00103,1.55,0.8708,0.0842,0.3569,Resting
5133,W00103,1.6,0.8554,0.0948,0.3802,Resting
5134,W00103,1.65,0.8774,0.0896,0.3134,Resting
5135,W00103,1.7,0.84,0.1158,0.3285,Resting
5136,W00103,1.75,0.8016,0.0571,0.3161,Resting
5137,W00103,1.8,0.8137,0.0698,0.3457,Resting
5138,W00103,1.85,0.8488,0.0836,0.3318,Resting
5139,W00103,1.9,0.8412,0.1194,0.3282,Resting
5140,W00103,1.95,0.8405,0.0781,0.3355,Resting
5141,W00103,2.0,0.8376,0.1167,0.3512,Resting
5142,W00103,2.05,0.8006,0.1055,0.3284,Resting
5143,W00103,2.1,0.8485,0.0974,0.3449,Resting
5144,W00103,2.15,0.8491,0.1043,0.3195,Resting
5145,W00103,2.2,0.8539,0.083,0.3782,Resting
5146,W00103,2.25,0.8343,0.0591,0.3445,Resting
5147,W00103,2.3,0.8323,0.1072,0.374,Resting
5148,W00103,2.35,0.8533,0.1072,0.3842,Resting
5149,W00103,2.4,0.8019,0.0722,0.3493,Resting
5150,W00103,2.45,0.8364,0.1224,0.3166,Resting
5151,W00104,0.0,0.8698,0.0922,0.2971,Sleeping
5152,W00104,0.05,0.8855,0.073,0.2895,Sleeping
5153,W00104,0.1,0.8863,0.0869,0.2917,Sleeping
5154,W00104,0.15,0.887,0.0931,0.3041,Sleeping
5155,W00104,0.2,0.8783,0.0998,0.3023,Sleeping
5156,W00104,0.25,0.8824,0.0773,0.3024,Sleeping
5157,W00104,0.3,0.8829,0.0841,0.2908,Sleeping
5158,W00104,0.35,0.874,0.0842,0.2828,Sleeping
5159,W00104,0.4,0.8786,0.0741,0.2924,Sleeping
5160,W00104,0.45,0.8622,0.08,0.2973,Sleeping
5161,W00104,0.5,0.8739,0.0825,0.2998,Sleeping
5162,W00104,0.55,0.8823,0.0705,0.3059,Sleeping
5163,W00104,0.6,0.8918,0.0838,0.2965,Sleeping
5164,W00104,0.65,0.8811,0.0771,0.3123,Sleeping
5165,W00104,0.7,0.8853,0.0748,0.3093,Sleeping
5166,W00104,0.75,0.8834,0.0751,0.3098,Sleeping
5167,W00104,0.8,0.8777,0.0882,0.3129,Sleeping
5168,W00104,0.85,0.8777,0.0898,0.3079,Sleeping
5169,W00104,0.9,0.8891,0.0791,0.2976,Sleeping
5170,W00104,0.95,0.8869,0.0801,0.306,Sleeping
5171,W00104,1.0,0.8823,0.0644,0.3106,Sleeping
5172,W00104,1.05,0.8752,0.0817,0.3088,Sleeping
5173,W00104,1.1,0.8864,0.0953,0.3099,Sleeping
5174,W00104,1.15,0.8811,0.0862,0.3045,Sleeping
5175,W00104,1.2,0.8963,0.091,0.3057,Sleeping
5176,W00104,1.25,0.8665,0.0833,0.2888,Sleeping
5177,W00104,1.3,0.8875,0.0769,0.3104,Sleeping
5178,W00104,1.35,0.894,0.0822,0.3044,Sleeping
5179,W00104,1.4,0.8837,0.0923,0.2991,Sleeping
5180,W00104,1.45,0.8815,0.089,0.2916,Sleeping
5181,W00104,1.5,0.8795,0.0756,0.2997,Sleeping
5182,W00104,1.55,0.8781,0.0763,0.3189,Sleeping
5183,W00104,1.6,0.8753,0.0881,0.298,Sleeping
5184,W00104,1.65,0.8797,0.0857,0.3122,Sleeping
5185,W00104,1.7,0.8805,0.0957,0.3093,Sleeping
5186,W00104,1.75,0.8845,0.0756,0.3016,Sleeping
5187,W00104,1.8,0.8892,0.0675,0.3014,Sleeping
5188,W00104,1.85,0.889,0.0829,0.2877,Sleeping
5189,W00104,1.9,0.8728,0.071,0.312,Sleeping
5190,W00104,1.95,0.8971,0.0791,0.3045,Sleeping
5191,W00104,2.0,0.8961,0.0798,0.3033,Sleeping
5192,W00104,2.05,0.8743,0.0832,0.2994,Sleeping
5193,W00104,2.1,0.8904,0.1004,0.2959,Sleeping
5194,W00104,2.15,0.8893,0.0886,0.2921,Sleeping
5195,W00104,2.2,0.895,0.0803,0.2957,Sleeping
5196,W00104,2.25,0.8883,0.077,0.3021,Sleeping
5197,W00104,2.3,0.8855,0.0926,0.3189,Sleeping
5198,W00104,2.35,0.8781,0.0819,0.3148,Sleeping
5199,W00104,2.4,0.8932,0.0727,0.2999,Sleeping
5200,W00104,2.45,0.8906,0.0858,0.3002,Sleeping
5201,W00105,0.0,0.825,0.0967,0.3262,Resting
5202,W00105,0.05,0.8236,0.1056,0.347,Resting
5203,W00105,0.1,0.8257,0.0995,0.3323,Resting
5204,W00105,0.15,0.8649,0.1103,0.3803,Resting
5205,W00105,0.2,0.867,0.0998,0.3526,Resting
5206,W00105,0.25,0.8603,0.1041,0.3683,Resting
5207,W00105,0.3,0.8753,0.1208,0.3667,Resting
5208,W00105,0.35,0.8748,0.1121,0.3338,Resting
5209,W00105,0.4,0.8321,0.1234,0.3386,Resting
5210,W00105,0.45,0.8423,0.1143,0.3303,Resting
5211,W00105,0.5,0.8534,0.1218,0.3374,Resting
5212,W00105,0.55,0.869,0.1068,0.3676,Resting
5213,W00105,0.6,0.87,0.1045,0.3625,Resting
5214,W00105,0.65,0.8423,0.095,0.366,Resting
5215,W00105,0.7,0.8852,0.1012,0.3351,Resting
5216,W00105,0.75,0.8651,0.1282,0.3325,Resting
5217,W00105,0.8,0.8605,0.0933,0.3741,Resting
5218,W00105,0.85,0.8545,0.1348,0.3581,Resting
5219,W00105,0.9,0.8611,0.0901,0.3555,Resting
5220,W00105,0.95,0.8155,0.102,0.3478,Resting
5221,W00105,1.0,0.836,0.0365,0.3611,Resting
5222,W00105,1.05,0.8368,0.1147,0.3729,Resting
5223,W00105,1.1,0.8622,0.1282,0.3427,Resting
5224,W00105,1.15,0.8605,0.114,0.3376,Resting
5225,W00105,1.2,0.8417,0.0688,0.3193,Resting
5226,W00105,1.25,0.9244,0.1107,0.3419,Resting
5227,W00105,1.3,0.7925,0.1129,0.326,Resting
5228,W00105,1.35,0.8304,0.113,0.3151,Resting
5229,W00105,1.4,0.8838,0.1044,0.3503,Resting
5230,W00105,1.45,0.8603,0.0457,0.3503,Resting
5231,W00105,1.5,0.8107,0.0933,0.3467,Resting
5232,W00105,1.55,0.8597,0.1031,0.3134,Resting
5233,W00105,1.6,0.8519,0.1177,0.3274,Resting
5234,W00105,1.65,0.8676,0.1013,0.3344,Resting
5235,W00105,1.7,0.8668,0.1124,0.3837,Resting
5236,W00105,1.75,0.8416,0.0813,0.354,Resting
5237,W00105,1.8,0.8288,0.1062,0.3631,Resting
5238,W00105,1.85,0.8329,0.0805,0.3428,Resting
5239,W00105,1.9,0.8347,0.1075,0.3224,Resting
5240,W00105,1.95,0.8165,0.0738,0.3836,Resting
5241,W00105,2.0,0.8424,0.0786,0.3496,Resting
5242,W00105,2.05,0.8382,0.1033,0.3506,Resting
5243,W00105,2.1,0.8273,0.0966,0.3616,Resting
5244,W00105,2.15,0.7889,0.0786,0.3409,Resting
5245,W00105,2.2,0.8514,0.1288,0.351,Resting
5246,W00105,2.25,0.824,0.0948,0.3189,Resting
5247,W00105,2.3,0.827,0.1055,0.3491,Resting
5248,W00105,2.35,0.8624,0.1239,0.3196,Resting
5249,W00105,2.4,0.8256,0.1062,0.3154,Resting
5250,W00105,2.45,0.8644,0.0638,0.3539,Resting
5251,W00106,0.0,0.1247,0.1639,1.0299,Walking
5252,W00106,0.05,0.0688,0.2094,0.9355,Walking
5253,W00106,0.1,0.2661,0.2753,1.0686,Walking
5254,W00106,0.15,0.2568,0.3151,1.0954,Walking
5255,W00106,0.2,0.1331,0.1434,1.0996,Walking
5256,W00106,0.25,0.2344,-0.0128,0.893,Walking
5257,W00106,0.3,-0.0281,0.0688,0.8741,Walking
5258,W00106,0.35,-0.032,0.1465,0.9152,Walking
5259,W00106,0.4,0.0432,-0.0581,0.7872,Walking
5260,W00106,0.45,0.0766,0.0839,0.8769,Walking
5261,W00106,0.5,-0.0102,0.0869,1.0359,Walking
5262,W00106,0.55,0.0708,0.0559,0.9692,Walking
5263,W00106,0.6,0.1297,0.2309,1.1233,Walking
5264,W00106,0.65,0.0865,0.2061,1.0067,Walking
5265,W00106,0.7,0.3131,0.2437,0.9089,Walking
5266,W00106,0.75,0.219,0.2336,0.9326,Walking
5267,W00106,0.8,0.0858,0.1144,1.0298,Walking
5268,W00106,0.85,-0.1268,0.1229,0.9825,Walking
5269,W00106,0.9,0.0329,0.1912,0.9012,Walking
5270,W00106,0.95,0.0077,0.0548,0.8074,Walking
5271,W00106,1.0,0.0109,0.1222,0.7849,Walking
5272,W00106,1.05,0.0743,-0.0448,0.7814,Walking
5273,W00106,1.1,0.0973,0.3046,0.9054,Walking
5274,W00106,1.15,0.1853,0.2107,1.123,Walking
5275,W00106,1.2,0.1758,0.2552,0.9665,Walking
5276,W00106,1.25,0.3211,0.2221,1.0235,Walking
5277,W00106,1.3,-0.0212,0.1976,0.9771,Walking
5278,W00106,1.35,0.1436,0.2514,0.8583,Walking
5279,W00106,1.4,0.1002,0.2995,0.7795,Walking
5280,W00106,1.45,0.2274,0.1401,0.8741,Walking
5281,W00106,1.5,-0.1277,0.2501,0.8616,Walking
5282,W00106,1.55,-0.0995,-0.0096,0.881,Walking
5283,W00106,1.6,-0.1693,-0.102,1.0336,Walking
5284,W00106,1.65,0.015,0.0146,0.8972,Walking
5285,W00106,1.7,0.0476,0.2206,1.1433,Walking
5286,W00106,1.75,0.1959,0.2831,0.9076,Walking
5287,W00106,1.8,0.271,0.1561,0.9421,Walking
5288,W00106,1.85,0.2842,0.213,1.0094,Walking
5289,W00106,1.9,0.0966,0.3678,1.0747,Walking
5290,W00106,1.95,0.189,0.0868,1.0814,Walking
5291,W00106,2.0,0.1585,0.2163,0.9727,Walking
5292,W00106,2.05,0.1304,0.0206,0.8806,Walking
5293,W00106,2.1,-0.0056,0.0127,0.9674,Walking
5294,W00106,2.15,-0.0756,-0.0284,0.8169,Walking
5295,W00106,2.2,-0.0865,0.0889,0.9486,Walking
5296,W00106,2.25,-0.012,0.175,0.9141,Walking
5297,W00106,2.3,0.1286,0.0912,1.0004,Walking
5298,W00106,2.35,0.3081,0.2995,1.1057,Walking
5299,W00106,2.4,0.1999,0.304,1.0208,Walking
5300,W00106,2.45,0.1974,0.2022,1.0396,Walking
5301,W00107,0.0,0.0712,0.141,1.0156,Standing
5302,W00107,0.05,0.0455,0.0831,1.0055,Standing
5303,W00107,0.1,0.0604,0.1487,1.0543,Standing
5304,W00107,0.15,0.1047,0.1106,0.9907,Standing
5305,W00107,0.2,0.0539,0.1163,0.9857,Standing
5306,W00107,0.25,0.0927,0.1294,0.9715,Standing
5307,W00107,0.3,0.0676,0.1461,0.9996,Standing
5308,W00107,0.35,0.0196,0.1317,1.0027,Standing
5309,W00107,0.4,0.0842,0.1152,0.9928,Standing
5310,W00107,0.45,0.0585,0.1265,1.0065,Standing
5311,W00107,0.5,0.0518,0.1332,0.9923,Standing
5312,W00107,0.55,0.0821,0.0987,0.9693,Standing
5313,W00107,0.6,0.0558,0.1153,0.9788,Standing
5314,W00107,0.65,0.0106,0.1399,0.9694,Standing
5315,W00107,0.7,0.0471,0.0946,0.9862,Standing
5316,W00107,0.75,0.0156,0.0975,0.9781,Standing
5317,W00107,0.8,0.0075,0.0722,1.0287,Standing
5318,W00107,0.85,0.0801,0.0721,0.9798,Standing
5319,W00107,0.9,-0.0353,0.0855,0.9452,Standing
5320,W00107,0.95,0.0164,0.0921,0.9652,Standing
5321,W00107,1.0,0.0154,0.0654,0.9244,Standing
5322,W00107,1.05,0.0566,0.1018,0.9676,Standing
5323,W00107,1.1,0.0701,0.0866,0.9863,Standing
5324,W00107,1.15,0.0162,0.127,0.9617,Standing
5325,W00107,1.2,-0.037,0.1065,1.0171,Standing
5326,W00107,1.25,0.1015,0.0931,0.9845,Standing
5327,W00107,1.3,0.0251,0.1468,0.9604,Standing
5328,W00107,1.35,0.046,0.0825,1.0084,Standing
5329,W00107,1.4,0.0478,0.0931,1.0065,Standing
5330,W00107,1.45,0.0506,0.0794,0.9832,Standing
5331,W00107,1.5,0.0688,0.1076,1.0009,Standing
5332,W00107,1.55,0.0378,0.0268,0.9636,Standing
5333,W00107,1.6,0.0846,0.1073,1.0238,Standing
5334,W00107,1.65,0.0923,0.1177,0.9442,Standing
5335,W00107,1.7,0.0462,0.086,0.9816,Standing
5336,W00107,1.75,0.0422,0.0882,0.9547,Standing
5337,W00107,1.8,0.0987,0.1425,0.987,Standing
5338,W00107,1.85,0.1054,0.1204,0.9357,Standing
5339,W00107,1.9,0.0782,0.1394,0.9926,Standing
5340,W00107,1.95,0.0811,0.1095,0.9836,Standing
5341,W00107,2.0,-0.0083,0.1185,0.9436,Standing
5342,W00107,2.05,0.0558,0.0457,0.9903,Standing
5343,W00107,2.1,0.0496,0.0413,0.9272,Standing
5344,W00107,2.15,0.0384,0.1049,0.9598,Standing
5345,W00107,2.2,0.0643,0.1021,0.9753,Standing
5346,W00107,2.25,0.066,0.0957,0.9619,Standing
5347,W00107,2.3,0.0327,0.0856,0.99,Standing
5348,W00107,2.35,0.0246,0.1156,0.9308,Standing
5349,W00107,2.4,0.0758,0.0856,0.9221,Standing
5350,W00107,2.45,0.0178,0.0465,1.0128,Standing
5351,W00108,0.0,0.0859,0.1319,1.0011,Standing
5352,W00108,0.05,0.0408,0.1249,0.9925,Standing
5353,W00108,0.1,0.0395,0.1289,0.9986,Standing
5354,W00108,0.15,0.0679,0.1225,0.9678,Standing
5355,W00108,0.2,0.1018,0.0843,1.0051,Standing
5356,W00108,0.25,0.0566,0.0912,0.9478,Standing
5357,W00108,0.3,0.062,0.0473,1.0038,Standing
5358,W00108,0.35,0.0618,0.1112,1.0128,Standing
5359,W00108,0.4,0.1059,0.0853,0.9906,Standing
5360,W00108,0.45,0.0438,0.114,1.0104,Standing
5361,W00108,0.5,0.0872,0.1152,0.982,Standing
5362,W00108,0.55,0.0947,0.0869,0.9793,Standing
5363,W00108,0.6,0.076,0.1651,0.9748,Standing
5364,W00108,0.65,0.0946,0.094,0.98,Standing
5365,W00108,0.7,0.0594,0.0741,0.9686,Standing
5366,W00108,0.75,0.0531,0.1383,1.0144,Standing
5367,W00108,0.8,0.0482,0.0783,0.9295,Standing
5368,W00108,0.85,0.0279,0.1513,0.9826,Standing
5369,W00108,0.9,0.0803,0.1205,0.9815,Standing
5370,W00108,0.95,-0.0093,0.0567,0.9945,Standing
5371,W00108,1.0,0.0062,0.0882,0.999,Standing
5372,W00108,1.05,0.0346,0.1245,0.9981,Standing
5373,W00108,1.1,0.0133,0.1119,0.9626,Standing
5374,W00108,1.15,0.0021,0.1206,1.0036,Standing
5375,W00108,1.2,0.0367,0.1144,0.9451,Standing
5376,W00108,1.25,0.0277,0.1105,0.9549,Standing
5377,W00108,1.3,0.0693,0.0852,0.9737,Standing
5378,W00108,1.35,0.0333,0.0877,0.9677,Standing
5379,W00108,1.4,0.0364,0.1075,0.9757,Standing
5380,W00108,1.45,0.0494,0.1212,0.9663,Standing
5381,W00108,1.5,0.0379,0.1227,0.9881,Standing
5382,W00108,1.55,0.0799,0.0791,1.0236,Standing
5383,W00108,1.6,0.038,0.0887,0.982,Standing
5384,W00108,1.65,0.1213,0.1743,0.9849,Standing
5385,W00108,1.7,0.069,0.1262,0.9856,Standing
5386,W00108,1.75,0.0685,0.098,1.0245,Standing
5387,W00108,1.8,0.0581,0.0715,0.9938,Standing
5388,W00108,1.85,0.0722,0.112,1.0597,Standing
5389,W00108,1.9,0.0449,0.1207,1.0105,Standing
5390,W00108,1.95,0.0903,0.0985,0.9743,Standing
5391,W00108,2.0,0.0734,0.0739,0.9081,Standing
5392,W00108,2.05,0.0539,0.1488,0.9762,Standing
5393,W00108,2.1,0.0726,0.0971,1.0134,Standing
5394,W00108,2.15,0.0681,0.1147,1.0499,Standing
5395,W00108,2.2,0.0139,0.1139,0.9582,Standing
5396,W00108,2.25,0.0603,0.0863,0.9959,Standing
5397,W00108,2.3,0.0566,0.1214,0.9513,Standing
5398,W00108,2.35,0.0419,0.0784,0.9332,Standing
5399,W00108,2.4,0.0212,0.077,1.0143,Standing
5400,W00108,2.45,-0.0001,0.1502,0.9932,Standing
5401,W00109,0.0,0.0235,0.14,0.9007,Walking
5402,W00109,0.05,0.0336,0.1901,0.8096,Walking
5403,W00109,0.1,-0.2276,0.094,0.9053,Walking
5404,W00109,0.15,-0.1949,0.1084,0.855,Walking
5405,W00109,0.2,-0.0519,0.0458,0.8301,Walking
5406,W00109,0.25,-0.1025,0.0978,0.8306,Walking
5407,W00109,0.3,-0.1447,-0.0147,0.8464,Walking
5408,W00109,0.35,0.2724,0.0098,0.9748,Walking
5409,W00109,0.4,0.1651,0.2008,0.9764,Walking
5410,W00109,0.45,0.3022,0.2298,0.8991,Walking
5411,W00109,0.5,0.3263,0.1821,1.0171,Walking
5412,W00109,0.55,0.307,0.2164,1.1396,Walking
5413,W00109,0.6,0.2361,0.1948,1.1129,Walking
5414,W00109,0.65,0.2307,0.0646,0.9965,Walking
5415,W00109,0.7,0.0033,0.1798,1.0028,Walking
5416,W00109,0.75,0.0108,0.0839,0.9099,Walking
5417,W00109,0.8,0.0771,-0.0556,1.0705,Walking
5418,W00109,0.85,-0.0825,0.1069,0.9241,Walking
5419,W00109,0.9,-0.1355,-0.0615,0.8332,Walking
5420,W00109,0.95,-0.0976,-0.0843,0.9395,Walking
5421,W00109,1.0,-0.0385,0.0289,0.8359,Walking
5422,W00109,1.05,0.0486,0.0338,0.8641,Walking
5423,W00109,1.1,0.0499,0.0543,0.8148,Walking
5424,W00109,1.15,0.0917,0.1305,0.9002,Walking
5425,W00109,1.2,0.1321,0.1447,0.9474,Walking
5426,W00109,1.25,0.238,0.2226,0.9774,Walking
5427,W00109,1.3,0.1807,0.17,0.9677,Walking
5428,W00109,1.35,0.3123,0.3733,1.0429,Walking
5429,W00109,1.4,0.2145,0.1924,0.9561,Walking
5430,W00109,1.45,0.2316,0.3684,1.1209,Walking
5431,W00109,1.5,0.0941,0.1657,0.9207,Walking
5432,W00109,1.55,-0.0214,0.2413,0.8162,Walking
5433,W00109,1.6,-0.101,0.0247,0.9318,Walking
5434,W00109,1.65,-0.0507,0.0482,0.8605,Walking
5435,W00109,1.7,-0.1769,0.0041,0.854,Walking
5436,W00109,1.75,-0.0923,0.2547,0.8315,Walking
5437,W00109,1.8,0.0781,-0.075,1.0002,Walking
5438,W00109,1.85,0.1326,0.097,0.8614,Walking
5439,W00109,1.9,0.1208,0.2427,1.0366,Walking
5440,W00109,1.95,0.2162,0.0472,0.9978,Walking
5441,W00109,2.0,0.3029,0.0228,1.0888,Walking
5442,W00109,2.05,0.3394,0.4235,1.0481,Walking
5443,W00109,2.1,0.2765,0.2149,1.2052,Walking
5444,W00109,2.15,0.2128,0.2485,0.9943,Walking
5445,W00109,2.2,0.0916,0.079,1.0313,Walking
5446,W00109,2.25,0.2415,0.2535,0.9505,Walking
5447,W00109,2.3,0.152,0.1479,0.9404,Walking
5448,W00109,2.35,0.1066,0.12,0.8208,Walking
5449,W00109,2.4,-0.0802,0.0929,0.8292,Walking
5450,W00109,2.45,-0.0342,0.0355,0.7726,Walking
5451,W00110,0.0,0.8234,0.1155,0.3237,Resting
5452,W00110,0.05,0.8432,0.1144,0.3504,Resting
5453,W00110,0.1,0.8783,0.135,0.3203,Resting
5454,W00110,0.15,0.868,0.0993,0.3822,Resting
5455,W00110,0.2,0.8576,0.106,0.3721,Resting
5456,W00110,0.25,0.8419,0.0959,0.3321,Resting
5457,W00110,0.3,0.8459,0.0882,0.3471,Resting
5458,W00110,0.35,0.8608,0.1581,0.3345,Resting
5459,W00110,0.4,0.849,0.1078,0.3354,Resting
5460,W00110,0.45,0.8565,0.0921,0.3964,Resting
5461,W00110,0.5,0.8347,0.1022,0.3411,Resting
5462,W00110,0.55,0.8796,0.1035,0.3305,Resting
5463,W00110,0.6,0.8332,0.0862,0.3569,Resting
5464,W00110,0.65,0.8801,0.0716,0.3633,Resting
5465,W00110,0.7,0.8775,0.0862,0.3581,Resting
5466,W00110,0.75,0.8378,0.0901,0.3341,Resting
5467,W00110,0.8,0.8465,0.1094,0.3416,Resting
5468,W00110,0.85,0.8629,0.1113,0.3657,Resting
5469,W00110,0.9,0.8422,0.0577,0.3516,Resting
5470,W00110,0.95,0.856,0.0786,0.3522,Resting
5471,W00110,1.0,0.8717,0.0838,0.3824,Resting
5472,W00110,1.05,0.8729,0.1366,0.3628,Resting
5473,W00110,1.1,0.8453,0.1149,0.3392,Resting
5474,W00110,1.15,0.8372,0.0956,0.358,Resting
5475,W00110,1.2,0.877,0.0988,0.3428,Resting
5476,W00110,1.25,0.8665,0.1018,0.3478,Resting
5477,W00110,1.3,0.8302,0.0737,0.3789,Resting
5478,W00110,1.35,0.86,0.1271,0.3845,Resting
5479,W00110,1.4,0.8823,0.1194,0.3779,Resting
5480,W00110,1.45,0.8567,0.11,0.3707,Resting
5481,W00110,1.5,0.8771,0.1067,0.3596,Resting
5482,W00110,1.55,0.8109,0.1003,0.3427,Resting
5483,W00110,1.6,0.8524,0.0969,0.3362,Resting
5484,W00110,1.65,0.8886,0.0776,0.3831,Resting
5485,W00110,1.7,0.8564,0.1179,0.3536,Resting
5486,W00110,1.75,0.8515,0.0843,0.3048,Resting
5487,W00110,1.8,0.8447,0.1047,0.3741,Resting
5488,W00110,1.85,0.8786,0.0967,0.3658,Resting
5489,W00110,1.9,0.8428,0.096,0.3485,Resting
5490,W00110,1.95,0.8625,0.1131,0.3625,Resting
5491,W00110,2.0,0.863,0.1001,0.3625,Resting
5492,W00110,2.05,0.8262,0.0828,0.3465,Resting
5493,W00110,2.1,0.8487,0.1162,0.3949,Resting
5494,W00110,2.15,0.8368,0.1294,0.3625,Resting
5495,W00110,2.2,0.868,0.1058,0.3386,Resting
5496,W00110,2.25,0.8409,0.1081,0.3431,Resting
5497,W00110,2.3,0.8633,0.0966,0.3786,Resting
5498,W00110,2.35,0.8342,0.1332,0.3285,Resting
5499,W00110,2.4,0.8402,0.1091,0.3386,Resting
5500,W00110,2.45,0.8545,0.0833,0.3417,Resting
5501,W00111,0.0,0.3086,0.3766,1.0837,Walking
5502,W00111,0.05,0.2018,0.0919,1.0978,Walking
5503,W00111,0.1,0.1489,0.1991,1.0963,Walking
5504,W00111,0.15,0.1222,0.1113,1.022,Walking
5505,W00111,0.2,-0.0006,0.2577,1.2059,Walking
5506,W00111,0.25,0.0278,0.0807,1.0116,Walking
5507,W00111,0.3,-0.1736,0.0861,0.8628,Walking
5508,W00111,0.35,0.0349,0.1086,0.8464,Walking
5509,W00111,0.4,-0.148,0.1027,0.8566,Walking
5510,W00111,0.45,-0.1487,0.013,0.8865,Walking
5511,W00111,0.5,0.023,-0.0337,0.8084,Walking
5512,W00111,0.55,-0.0318,0.2217,0.9181,Walking
5513,W00111,0.6,0.156,0.0274,0.8797,Walking
5514,W00111,0.65,0.0709,0.1695,0.9405,Walking
5515,W00111,0.7,0.1442,0.3832,1.1157,Walking
5516,W00111,0.75,0.1992,0.2141,1.0692,Walking
5517,W00111,0.8,0.4242,0.2013,1.0418,Walking
5518,W00111,0.85,0.1586,0.003,1.129,Walking
5519,W00111,0.9,0.285,0.1653,1.0938,Walking
5520,W00111,0.95,0.3738,0.3246,1.124,Walking
5521,W00111,1.0,0.1151,0.2837,1.0574,Walking
5522,W00111,1.05,0.1822,0.3539,0.8656,Walking
5523,W00111,1.1,0.0776,0.0774,0.9286,Walking
5524,W00111,1.15,0.0097,0.2244,0.7662,Walking
5525,W00111,1.2,-0.0738,-0.0633,0.9793,Walking
5526,W00111,1.25,-0.1274,0.0073,0.8631,Walking
5527,W00111,1.3,-0.1562,-0.0847,0.8221,Walking
5528,W00111,1.35,-0.0483,0.0649,0.8761,Walking
5529,W00111,1.4,0.0474,-0.0132,0.8177,Walking
5530,W00111,1.45,0.0422,0.126,0.9463,Walking
5531,W00111,1.5,0.2183,0.3076,1.094,Walking
5532,W00111,1.55,0.2658,0.1143,0.9688,Walking
5533,W00111,1.6,0.2863,0.3379,1.0493,Walking
5534,W00111,1.65,0.2677,0.2012,1.0389,Walking
5535,W00111,1.7,0.3471,0.192,1.1058,Walking
5536,W00111,1.75,0.2957,0.2505,1.1355,Walking
5537,W00111,1.8,0.3991,0.2224,0.8532,Walking
5538,W00111,1.85,0.1951,0.2171,0.9812,Walking
5539,W00111,1.9,0.1536,0.0997,0.8661,Walking
5540,W00111,1.95,-0.0717,0.0853,0.8443,Walking
5541,W00111,2.0,-0.0243,0.2687,0.9452,Walking
5542,W00111,2.05,0.0491,0.1505,0.9829,Walking
5543,W00111,2.1,-0.0659,0.146,0.8009,Walking
5544,W00111,2.15,-0.021,0.1005,0.9246,Walking
5545,W00111,2.2,-0.0863,0.1538,0.7617,Walking
5546,W00111,2.25,-0.0491,0.097,0.9121,Walking
5547,W00111,2.3,0.0774,0.0343,0.9567,Walking
5548,W00111,2.35,0.0419,0.1197,0.8904,Walking
5549,W00111,2.4,0.1753,0.2571,1.0609,Walking
5550,W00111,2.45,0.4331,0.1213,1.0917,Walking
5551,W00112,0.0,0.0612,0.0995,0.9654,Standing
5552,W00112,0.05,0.0421,0.079,1.0099,Standing
5553,W00112,0.1,0.0498,0.0553,0.9551,Standing
5554,W00112,0.15,0.0096,0.1131,0.9784,Standing
5555,W00112,0.2,-0.0303,0.0781,0.9636,Standing
5556,W00112,0.25,0.061,0.1482,0.9625,Standing
5557,W00112,0.3,0.0289,0.1164,0.9249,Standing
5558,W00112,0.35,0.0774,0.0634,1.0305,Standing
5559,W00112,0.4,0.0371,0.0744,0.9787,Standing
5560,W00112,0.45,0.0493,0.071,0.9898,Standing
5561,W00112,0.5,0.1048,0.1265,0.9745,Standing
5562,W00112,0.55,0.0597,0.155,0.9646,Standing
5563,W00112,0.6,0.0572,0.1166,1.0031,Standing
5564,W00112,0.65,0.0527,0.0866,1.0222,Standing
5565,W00112,0.7,0.0522,0.1448,0.9932,Standing
5566,W00112,0.75,0.0547,0.1028,1.0199,Standing
5567,W00112,0.8,0.1357,0.1168,0.9663,Standing
5568,W00112,0.85,0.0545,0.0674,0.979,Standing
5569,W00112,0.9,0.0799,0.109,1.0089,Standing
5570,W00112,0.95,0.0227,0.117,0.9983,Standing
5571,W00112,1.0,0.0558,0.0665,0.9809,Standing
5572,W00112,1.05,0.046,0.1268,0.9502,Standing
5573,W00112,1.1,0.0327,0.122,1.0069,Standing
5574,W00112,1.15,0.055,0.1208,0.9977,Standing
5575,W00112,1.2,0.0562,-0.0106,0.9755,Standing
5576,W00112,1.25,0.0665,0.1519,1.011,Standing
5577,W00112,1.3,0.113,0.0826,0.9763,Standing
5578,W00112,1.35,0.0335,0.0901,0.9267,Standing
5579,W00112,1.4,-0.0055,0.0543,0.9607,Standing
5580,W00112,1.45,0.0834,0.0819,0.9623,Standing
5581,W00112,1.5,0.0116,0.0853,0.933,Standing
5582,W00112,1.55,0.0196,0.1285,1.0158,Standing
5583,W00112,1.6,0.0914,0.0599,0.9033,Standing
5584,W00112,1.65,0.0493,0.1035,0.9634,Standing
5585,W00112,1.7,0.0081,0.1101,1.008,Standing
5586,W00112,1.75,-0.0138,0.0905,0.9731,Standing
5587,W00112,1.8,0.0514,0.0977,1.011,Standing
5588,W00112,1.85,0.0267,0.1113,0.983,Standing
5589,W00112,1.9,0.0254,0.0524,1.0249,Standing
5590,W00112,1.95,0.0564,0.0912,0.9584,Standing
5591,W00112,2.0,0.008,0.0863,1.0086,Standing
5592,W00112,2.05,0.0443,0.1103,0.985,Standing
5593,W00112,2.1,0.0587,0.1697,1.0102,Standing
5594,W00112,2.15,0.027,0.0796,0.9824,Standing
5595,W00112,2.2,0.055,0.1637,1.0461,Standing
5596,W00112,2.25,0.0807,0.0885,0.9828,Standing
5597,W00112,2.3,0.0893,0.1079,1.003,Standing
5598,W00112,2.35,0.112,0.121,0.9655,Standing
5599,W00112,2.4,0.1004,0.0491,0.9365,Standing
5600,W00112,2.45,0.0673,0.1541,0.9497,Standing
5601,W00113,0.0,0.0907,0.1261,1.015,Standing
5602,W00113,0.05,0.0264,0.1241,0.977,Standing
5603,W00113,0.1,0.029,0.0918,0.972,Standing
5604,W00113,0.15,0.0658,0.1395,0.9292,Standing
5605,W00113,0.2,0.1292,0.0796,0.9823,Standing
5606,W00113,0.25,-0.0175,0.0713,0.9671,Standing
5607,W00113,0.3,0.0741,0.0705,1.0084,Standing
5608,W00113,0.35,0.0505,0.0943,0.9424,Standing
5609,W00113,0.4,0.0705,0.1436,0.9862,Standing
5610,W00113,0.45,0.0407,0.0812,0.9609,Standing
5611,W00113,0.5,0.0625,0.0919,1.0034,Standing
5612,W00113,0.55,0.0751,0.0923,0.9834,Standing
5613,W00113,0.6,0.023,0.0841,0.9383,Standing
5614,W00113,0.65,-0.0233,0.1177,0.9506,Standing
5615,W00113,0.7,-0.0055,0.1465,1.0345,Standing
5616,W00113,0.75,0.0304,0.0356,1.0027,Standing
5617,W00113,0.8,0.0464,0.1001,0.9824,Standing
5618,W00113,0.85,0.0539,0.0412,0.9669,Standing
5619,W00113,0.9,0.0033,0.031,0.969,Standing
5620,W00113,0.95,0.0311,0.1204,0.957,Standing
5621,W00113,1.0,0.022,0.16,0.9572,Standing
5622,W00113,1.05,0.0444,0.0848,0.9722,Standing
5623,W00113,1.1,0.0409,0.0777,0.9858,Standing
5624,W00113,1.15,0.0103,0.0934,0.9245,Standing
5625,W00113,1.2,0.0669,0.0715,0.9251,Standing
5626,W00113,1.25,0.0052,0.1302,0.9772,Standing
5627,W00113,1.3,0.0958,0.0841,0.9633,Standing
5628,W00113,1.35,0.0393,0.0856,0.957,Standing
5629,W00113,1.4,0.0599,0.0783,1.0095,Standing
5630,W00113,1.45,0.0379,0.1045,0.9925,Standing
5631,W00113,1.5,0.0763,0.1665,0.9606,Standing
5632,W00113,1.55,0.021,0.1286,0.9459,Standing
5633,W00113,1.6,0.0077,0.1323,0.9879,Standing
5634,W00113,1.65,0.0751,0.0368,0.9968,Standing
5635,W00113,1.7,-0.0158,0.1325,0.9073,Standing
5636,W00113,1.75,0.0063,0.0891,0.9949,Standing
5637,W00113,1.8,0.0831,0.1292,1.0346,Standing
5638,W00113,1.85,0.0716,0.1293,0.9948,Standing
5639,W00113,1.9,0.0846,0.0609,1.0105,Standing
5640,W00113,1.95,0.0263,0.1126,0.9584,Standing
5641,W00113,2.0,-0.0374,0.1049,0.9926,Standing
5642,W00113,2.05,0.0061,0.1279,1.0005,Standing
5643,W00113,2.1,0.0282,0.0634,1.033,Standing
5644,W00113,2.15,0.1474,0.1632,0.9728,Standing
5645,W00113,2.2,0.0125,0.1249,0.9787,Standing
5646,W00113,2.25,0.0561,0.1141,1.0365,Standing
5647,W00113,2.3,0.0555,0.1978,0.9633,Standing
5648,W00113,2.35,0.0985,0.0851,0.9917,Standing
5649,W00113,2.4,0.0736,0.1046,0.9826,Standing
5650,W00113,2.45,0.0623,0.0943,0.9494,Standing
5651,W00114,0.0,0.1949,0.2939,0.939,Walking
5652,W00114,0.05,0.0462,0.0455,0.9455,Walking
5653,W00114,0.1,-0.0588,0.1019,0.9156,Walking
5654,W00114,0.15,-0.0885,-0.0013,0.8063,Walking
5655,W00114,0.2,-0.2068,0.1433,0.8996,Walking
5656,W00114,0.25,-0.025,0.1898,0.873,Walking
5657,W00114,0.3,-0.0008,0.0749,0.9746,Walking
5658,W00114,0.35,0.2024,0.2159,0.9944,Walking
5659,W00114,0.4,0.158,0.0582,1.141,Walking
5660,W00114,0.45,0.2225,0.2551,0.971,Walking
5661,W00114,0.5,0.1936,0.3037,1.0851,Walking
5662,W00114,0.55,0.3009,0.2413,1.0059,Walking
5663,W00114,0.6,0.0567,0.2435,0.9802,Walking
5664,W00114,0.65,-0.1151,0.2416,0.8972,Walking
5665,W00114,0.7,-0.0297,0.2977,0.8809,Walking
5666,W00114,0.75,0.0063,0.0879,0.9418,Walking
5667,W00114,0.8,0.0197,0.0652,0.8008,Walking
5668,W00114,0.85,-0.1531,0.132,1.0353,Walking
5669,W00114,0.9,0.0075,0.0446,0.9625,Walking
5670,W00114,0.95,0.0245,0.2138,0.9538,Walking
5671,W00114,1.0,0.1506,0.1142,0.992,Walking
5672,W00114,1.05,0.2786,0.2279,1.0874,Walking
5673,W00114,1.1,0.2523,0.1699,1.041,Walking
5674,W00114,1.15,0.2422,0.1354,1.0625,Walking
5675,W00114,1.2,0.172,0.2082,0.9104,Walking
5676,W00114,1.25,0.1479,0.0944,0.9563,Walking
5677,W00114,1.3,0.1511,0.0306,0.8048,Walking
5678,W00114,1.35,-0.1252,0.0664,0.8133,Walking
5679,W00114,1.4,-0.0688,-0.0068,0.7333,Walking
5680,W00114,1.45,-0.0994,0.0857,0.8074,Walking
5681,W00114,1.5,0.2376,0.1281,0.8288,Walking
5682,W00114,1.55,-0.0228,0.1588,0.9496,Walking
5683,W00114,1.6,0.2148,0.3113,0.9928,Walking
5684,W00114,1.65,0.0918,0.2002,0.9797,Walking
5685,W00114,1.7,0.1465,0.1995,0.9041,Walking
5686,W00114,1.75,0.2484,0.25,0.9009,Walking
5687,W00114,1.8,0.2973,0.1741,1.1253,Walking
5688,W00114,1.85,0.2108,0.0746,1.0178,Walking
5689,W00114,1.9,0.207,0.1809,0.8015,Walking
5690,W00114,1.95,-0.0183,0.0358,0.9529,Walking
5691,W00114,2.0,-0.1485,0.0064,0.9685,Walking
5692,W00114,2.05,-0.075,0.0359,0.9463,Walking
5693,W00114,2.1,-0.0699,0.081,0.8869,Walking
5694,W00114,2.15,0.0071,0.0691,0.8762,Walking
5695,W00114,2.2,0.0324,-0.0287,0.9983,Walking
5696,W00114,2.25,0.0566,0.1894,1.0991,Walking
5697,W00114,2.3,0.3152,0.2382,1.0909,Walking
5698,W00114,2.35,0.2344,0.2598,0.9476,Walking
5699,W00114,2.4,0.2769,0.3604,0.9642,Walking
5700,W00114,2.45,0.2532,0.122,1.0251,Walking
5701,W00115,0.0,0.8656,0.08,0.2998,Sleeping
5702,W00115,0.05,0.8654,0.0675,0.2958,Sleeping
5703,W00115,0.1,0.8807,0.0718,0.2979,Sleeping
5704,W00115,0.15,0.8863,0.0746,0.2943,Sleeping
5705,W00115,0.2,0.8763,0.0615,0.3078,Sleeping
5706,W00115,0.25,0.8776,0.0784,0.2859,Sleeping
5707,W00115,0.3,0.8709,0.0784,0.2918,Sleeping
5708,W00115,0.35,0.8735,0.0783,0.29,Sleeping
5709,W00115,0.4,0.8808,0.0778,0.2963,Sleeping
5710,W00115,0.45,0.8828,0.072,0.3033,Sleeping
5711,W00115,0.5,0.8759,0.0745,0.312,Sleeping
5712,W00115,0.55,0.8589,0.0668,0.3063,Sleeping
5713,W00115,0.6,0.8775,0.0767,0.3058,Sleeping
5714,W00115,0.65,0.8658,0.0727,0.3096,Sleeping
5715,W00115,0.7,0.8618,0.0634,0.3066,Sleeping
5716,W00115,0.75,0.872,0.0759,0.3064,Sleeping
5717,W00115,0.8,0.8897,0.0842,0.2914,Sleeping
5718,W00115,0.85,0.8654,0.0745,0.2937,Sleeping
5719,W00115,0.9,0.8781,0.0839,0.3038,Sleeping
5720,W00115,0.95,0.8798,0.095,0.2997,Sleeping
5721,W00115,1.0,0.8888,0.0747,0.2963,Sleeping
5722,W00115,1.05,0.8727,0.0878,0.3079,Sleeping
5723,W00115,1.1,0.8782,0.0692,0.2954,Sleeping
5724,W00115,1.15,0.8698,0.0816,0.3021,Sleeping
5725,W00115,1.2,0.8727,0.0789,0.299,Sleeping
5726,W00115,1.25,0.8831,0.0693,0.2916,Sleeping
5727,W00115,1.3,0.8874,0.0817,0.3136,Sleeping
5728,W00115,1.35,0.8632,0.0668,0.2863,Sleeping
5729,W00115,1.4,0.8625,0.068,0.2897,Sleeping
5730,W00115,1.45,0.8744,0.0812,0.2963,Sleeping
5731,W00115,1.5,0.888,0.085,0.3108,Sleeping
5732,W00115,1.55,0.8728,0.0831,0.3105,Sleeping
5733,W00115,1.6,0.8883,0.0761,0.2945,Sleeping
5734,W00115,1.65,0.8783,0.0917,0.3052,Sleeping
5735,W00115,1.7,0.8753,0.0784,0.2984,Sleeping
5736,W00115,1.75,0.8856,0.0766,0.2923,Sleeping
5737,W00115,1.8,0.8811,0.0782,0.3031,Sleeping
5738,W00115,1.85,0.8832,0.0903,0.3009,Sleeping
5739,W00115,1.9,0.8639,0.0825,0.2961,Sleeping
5740,W00115,1.95,0.8823,0.0786,0.307,Sleeping
5741,W00115,2.0,0.882,0.0931,0.3084,Sleeping
5742,W00115,2.05,0.9079,0.0838,0.2932,Sleeping
5743,W00115,2.1,0.8805,0.0739,0.3144,Sleeping
5744,W00115,2.15,0.883,0.0831,0.3057,Sleeping
5745,W00115,2.2,0.8911,0.0778,0.3002,Sleeping
5746,W00115,2.25,0.8907,0.0985,0.3142,Sleeping
5747,W00115,2.3,0.8869,0.0753,0.3081,Sleeping
5748,W00115,2.35,0.8919,0.0804,0.3091,Sleeping
5749,W00115,2.4,0.8666,0.0842,0.3084,Sleeping
5750,W00115,2.45,0.881,0.0748,0.2999,Sleeping
5751,W00116,0.0,0.3947,0.2297,1.0182,Walking
5752,W00116,0.05,0.4095,0.3293,0.9665,Walking
5753,W00116,0.1,0.3396,0.1562,1.0766,Walking
5754,W00116,0.15,0.1201,0.2693,1.0974,Walking
5755,W00116,0.2,0.1227,0.1969,0.9178,Walking
5756,W00116,0.25,0.0266,0.0527,0.9568,Walking
5757,W00116,0.3,-0.1529,0.1402,0.9745,Walking
5758,W00116,0.35,-0.164,0.1414,0.9412,Walking
5759,W00116,0.4,-0.0179,0.0575,0.9188,Walking
5760,W00116,0.45,0.0358,-0.0327,0.8612,Walking
5761,W00116,0.5,-0.1291,-0.0173,0.8985,Walking
5762,W00116,0.55,0.0143,0.0959,0.9501,Walking
5763,W00116,0.6,0.0492,0.1642,0.8676,Walking
5764,W00116,0.65,0.0957,-0.0248,0.9283,Walking
5765,W00116,0.7,0.3453,0.269,0.8584,Walking
5766,W00116,0.75,0.2512,0.276,1.1512,Walking
5767,W00116,0.8,0.2522,0.3814,1.0394,Walking
5768,W00116,0.85,0.2704,0.2301,1.1164,Walking
5769,W00116,0.9,0.1851,0.2103,0.9316,Walking
5770,W00116,0.95,0.3085,0.2419,0.9857,Walking
5771,W00116,1.0,0.0055,0.0691,0.9806,Walking
5772,W00116,1.05,0.0138,0.1469,0.9316,Walking
5773,W00116,1.1,-0.1072,-0.0358,0.9657,Walking
5774,W00116,1.15,-0.0557,0.0112,0.9582,Walking
5775,W00116,1.2,-0.0408,0.0677,0.9358,Walking
5776,W00116,1.25,-0.1196,0.0498,0.9035,Walking
5777,W00116,1.3,-0.0345,-0.0322,0.8127,Walking
5778,W00116,1.35,-0.0707,0.1109,0.9131,Walking
5779,W00116,1.4,-0.0408,0.1057,0.9389,Walking
5780,W00116,1.45,0.0453,0.1932,0.9255,Walking
5781,W00116,1.5,0.1231,0.1215,1.0669,Walking
5782,W00116,1.55,0.3017,0.1847,0.9136,Walking
5783,W00116,1.6,0.3932,0.271,1.0227,Walking
5784,W00116,1.65,0.2788,0.1555,0.9945,Walking
5785,W00116,1.7,0.2437,0.2748,1.004,Walking
5786,W00116,1.75,0.2894,0.1637,1.0193,Walking
5787,W00116,1.8,0.2141,0.3425,0.8041,Walking
5788,W00116,1.85,0.2421,0.1074,0.9442,Walking
5789,W00116,1.9,0.2228,0.1832,0.8902,Walking
5790,W00116,1.95,0.0405,-0.061,0.9591,Walking
5791,W00116,2.0,-0.0859,0.0506,0.9908,Walking
5792,W00116,2.05,-0.2048,0.073,0.8881,Walking
5793,W00116,2.1,-0.0575,0.0286,0.9172,Walking
5794,W00116,2.15,-0.0791,0.0122,0.9438,Walking
5795,W00116,2.2,-0.0746,-0.0116,0.882,Walking
5796,W00116,2.25,0.0759,0.1042,0.9677,Walking
5797,W00116,2.3,0.1737,0.118,0.9303,Walking
5798,W00116,2.35,-0.0358,0.1703,1.0782,Walking
5799,W00116,2.4,0.303,0.1547,0.9947,Walking
5800,W00116,2.45,0.3323,0.1304,1.0318,Walking
5801,W00117,0.0,-0.0227,-0.0153,0.7615,Walking
5802,W00117,0.05,-0.0701,-0.0068,0.9879,Walking
5803,W00117,0.1,-0.1581,-0.0717,0.7113,Walking
5804,W00117,0.15,0.0804,0.1638,0.9653,Walking
5805,W00117,0.2,0.3257,0.1957,1.0127,Walking
5806,W00117,0.25,0.1623,0.2699,1.1151,Walking
5807,W00117,0.3,0.3047,0.3067,0.9234,Walking
5808,W00117,0.35,0.29,0.2884,1.0824,Walking
5809,W00117,0.4,0.2656,0.3516,0.967,Walking
5810,W00117,0.45,0.2883,0.2533,1.2268,Walking
5811,W00117,0.5,0.3569,0.2089,0.8444,Walking
5812,W00117,0.55,0.2512,0.3173,1.0108,Walking
5813,W00117,0.6,0.1159,0.2133,0.9955,Walking
5814,W00117,0.65,0.0646,0.1797,0.8511,Walking
5815,W00117,0.7,-0.2068,0.0433,0.801,Walking
5816,W00117,0.75,-0.2013,-0.0585,1.0771,Walking
5817,W00117,0.8,-0.285,0.1207,0.7911,Walking
5818,W00117,0.85,-0.1067,0.0312,0.8062,Walking
5819,W00117,0.9,0.0473,0.1005,0.8817,Walking
5820,W00117,0.95,0.0857,-0.0872,0.8831,Walking
5821,W00117,1.0,0.0105,0.0647,0.7888,Walking
5822,W00117,1.05,0.1722,0.2029,0.8716,Walking
5823,W00117,1.1,0.2239,0.2557,0.9397,Walking
5824,W00117,1.15,0.3726,0.2134,0.9991,Walking
5825,W00117,1.2,0.1594,0.2618,1.0836,Walking
5826,W00117,1.25,0.1771,0.1946,1.0336,Walking
5827,W00117,1.3,0.2766,0.2289,1.0287,Walking
5828,W00117,1.35,0.1781,0.2748,1.0665,Walking
5829,W00117,1.4,0.0401,0.1654,0.9612,Walking
5830,W00117,1.45,0.0733,0.0942,0.9656,Walking
5831,W00117,1.5,0.1826,0.2361,0.9495,Walking
5832,W00117,1.55,-0.0163,0.0605,0.8567,Walking
5833,W00117,1.6,-0.1462,-0.0324,0.828,Walking
5834,W00117,1.65,-0.0165,0.1973,0.923,Walking
5835,W00117,1.7,-0.1849,0.0239,0.9058,Walking
5836,W00117,1.75,-0.0538,-0.0084,1.1083,Walking
5837,W00117,1.8,-0.0188,0.1751,0.9428,Walking
5838,W00117,1.85,0.1026,0.0702,0.9535,Walking
5839,W00117,1.9,0.1489,0.1784,1.047,Walking
5840,W00117,1.95,0.2558,0.2617,1.0518,Walking
5841,W00117,2.0,0.2025,0.2033,1.1188,Walking
5842,W00117,2.05,0.2951,0.255,1.0389,Walking
5843,W00117,2.1,0.3616,0.2776,1.0045,Walking
5844,W00117,2.15,0.1844,0.249,0.8949,Walking
5845,W00117,2.2,0.3013,0.2285,1.0985,Walking
5846,W00117,2.25,0.1753,0.213,0.8714,Walking
5847,W00117,2.3,-0.0318,0.1507,1.0606,Walking
5848,W00117,2.35,0.0713,0.131,0.8397,Walking
5849,W00117,2.4,-0.0293,0.0556,0.781,Walking
5850,W00117,2.45,-0.1687,0.038,0.7729,Walking
5851,W00118,0.0,0.8914,0.0757,0.2877,Sleeping
5852,W00118,0.05,0.8801,0.0843,0.3003,Sleeping
5853,W00118,0.1,0.886,0.0792,0.3085,Sleeping
5854,W00118,0.15,0.8881,0.0704,0.2888,Sleeping
5855,W00118,0.2,0.8647,0.0929,0.2959,Sleeping
5856,W00118,0.25,0.8808,0.0818,0.3008,Sleeping
5857,W00118,0.3,0.8818,0.0804,0.3056,Sleeping
5858,W00118,0.35,0.878,0.0764,0.2964,Sleeping
5859,W00118,0.4,0.8743,0.0781,0.3052,Sleeping
5860,W00118,0.45,0.8862,0.0823,0.2961,Sleeping
5861,W00118,0.5,0.8846,0.0721,0.2987,Sleeping
5862,W00118,0.55,0.8881,0.1045,0.2992,Sleeping
5863,W00118,0.6,0.8744,0.0764,0.3043,Sleeping
5864,W00118,0.65,0.8705,0.0694,0.3092,Sleeping
5865,W00118,0.7,0.8755,0.085,0.3233,Sleeping
5866,W00118,0.75,0.8751,0.0746,0.2965,Sleeping
5867,W00118,0.8,0.8663,0.0729,0.3024,Sleeping
5868,W00118,0.85,0.8817,0.0657,0.3008,Sleeping
5869,W00118,0.9,0.865,0.0732,0.3052,Sleeping
5870,W00118,0.95,0.885,0.0781,0.2934,Sleeping
5871,W00118,1.0,0.8877,0.0658,0.3003,Sleeping
5872,W00118,1.05,0.8742,0.0784,0.2966,Sleeping
5873,W00118,1.1,0.8836,0.09,0.3032,Sleeping
5874,W00118,1.15,0.8906,0.0816,0.3021,Sleeping
5875,W00118,1.2,0.8792,0.0769,0.3016,Sleeping
5876,W00118,1.25,0.8706,0.0698,0.3186,Sleeping
5877,W00118,1.3,0.8648,0.0872,0.2964,Sleeping
5878,W00118,1.35,0.8733,0.0773,0.3033,Sleeping
5879,W00118,1.4,0.8815,0.0923,0.2996,Sleeping
5880,W00118,1.45,0.8791,0.0642,0.2904,Sleeping
5881,W00118,1.5,0.8796,0.0755,0.2911,Sleeping
5882,W00118,1.55,0.8864,0.0796,0.3111,Sleeping
5883,W00118,1.6,0.8745,0.0786,0.3025,Sleeping
5884,W00118,1.65,0.8763,0.0814,0.3124,Sleeping
5885,W00118,1.7,0.8729,0.0832,0.292,Sleeping
5886,W00118,1.75,0.8749,0.0599,0.2986,Sleeping
5887,W00118,1.8,0.8668,0.0908,0.3045,Sleeping
5888,W00118,1.85,0.8754,0.0833,0.3061,Sleeping
5889,W00118,1.9,0.868,0.091,0.3081,Sleeping
5890,W00118,1.95,0.8938,0.0815,0.2832,Sleeping
5891,W00118,2.0,0.8905,0.0793,0.2975,Sleeping
5892,W00118,2.05,0.8743,0.0563,0.2952,Sleeping
5893,W00118,2.1,0.8969,0.0808,0.283,Sleeping
5894,W00118,2.15,0.8872,0.0675,0.301,Sleeping
5895,W00118,2.2,0.8842,0.0888,0.2959,Sleeping
5896,W00118,2.25,0.8884,0.0711,0.3016,Sleeping
5897,W00118,2.3,0.8816,0.0814,0.2864,Sleeping
5898,W00118,2.35,0.8745,0.083,0.296,Sleeping
5899,W00118,2.4,0.8661,0.0774,0.3099,Sleeping
5900,W00118,2.45,0.8761,0.072,0.3118,Sleeping
5901,W00119,0.0,0.0358,0.0113,0.9063,Walking
5902,W00119,0.05,0.0367,0.0355,0.8244,Walking
5903,W00119,0.1,-0.0322,0.1157,1.0298,Walking
5904,W00119,0.15,-0.0378,-0.0853,1.0266,Walking
5905,W00119,0.2,-0.0632,-0.0424,0.8448,Walking
5906,W00119,0.25,-0.1022,0.159,0.9408,Walking
5907,W00119,0.3,-0.1641,0.199,0.8427,Walking
5908,W00119,0.35,0.1974,0.0642,0.92,Walking
5909,W00119,0.4,0.0655,0.1152,0.8568,Walking
5910,W00119,0.45,0.2851,0.2515,0.9817,Walking
5911,W00119,0.5,0.2821,0.2767,1.1431,Walking
5912,W00119,0.55,0.2278,0.3004,1.0578,Walking
5913,W00119,0.6,0.2142,0.3153,1.1149,Walking
5914,W00119,0.65,0.2986,0.1735,0.921,Walking
5915,W00119,0.7,0.2766,0.1907,1.0707,Walking
5916,W00119,0.75,0.1986,0.1179,1.0006,Walking
5917,W00119,0.8,0.1423,0.248,1.0404,Walking
5918,W00119,0.85,0.1117,0.1078,0.8643,Walking
5919,W00119,0.9,-0.0203,-0.0258,0.914,Walking
5920,W00119,0.95,-0.133,0.0969,0.731,Walking
5921,W00119,1.0,-0.0068,0.1109,0.8099,Walking
5922,W00119,1.05,-0.1303,0.0797,0.9632,Walking
5923,W00119,1.1,-0.0079,-0.0081,0.8825,Walking
5924,W00119,1.15,-0.0326,0.1367,0.8054,Walking
5925,W00119,1.2,-0.0502,0.1867,1.0127,Walking
5926,W00119,1.25,-0.0017,0.1202,0.9958,Walking
5927,W00119,1.3,0.0781,0.1927,0.9768,Walking
5928,W00119,1.35,0.1806,0.1586,1.0432,Walking
5929,W00119,1.4,0.2318,0.3406,1.0158,Walking
5930,W00119,1.45,0.3212,0.3909,1.0997,Walking
5931,W00119,1.5,0.2258,0.1722,1.1938,Walking
5932,W00119,1.55,0.1957,0.2496,0.8784,Walking
5933,W00119,1.6,0.1078,0.2678,1.0332,Walking
5934,W00119,1.65,0.1651,0.1229,0.7686,Walking
5935,W00119,1.7,-0.0094,0.0791,0.9375,Walking
5936,W00119,1.75,-0.0173,0.088,0.8393,Walking
5937,W00119,1.8,0.0151,0.0959,0.9309,Walking
5938,W00119,1.85,0.0166,0.2083,0.884,Walking
5939,W00119,1.9,0.0084,0.1144,0.9393,Walking
5940,W00119,1.95,0.0099,0.0944,0.8852,Walking
5941,W00119,2.0,0.0114,0.0191,0.9727,Walking
5942,W00119,2.05,0.0294,0.2654,0.7967,Walking
5943,W00119,2.1,0.1912,0.0797,0.8339,Walking
5944,W00119,2.15,0.1374,0.0972,0.8277,Walking
5945,W00119,2.2,0.0777,0.2305,0.9685,Walking
5946,W00119,2.25,0.271,0.3863,0.9704,Walking
5947,W00119,2.3,0.2296,0.1839,1.1574,Walking
5948,W00119,2.35,0.3138,0.2589,1.1379,Walking
5949,W00119,2.4,0.2241,0.2646,1.0695,Walking
5950,W00119,2.45,0.1392,0.1895,1.0143,Walking
5951,W00120,0.0,0.8617,0.1188,0.3574,Resting
5952,W00120,0.05,0.8592,0.1181,0.3285,Resting
5953,W00120,0.1,0.8437,0.058,0.3763,Resting
5954,W00120,0.15,0.8689,0.1173,0.3385,Resting
5955,W00120,0.2,0.8558,0.1045,0.3873,Resting
5956,W00120,0.25,0.852,0.0892,0.3336,Resting
5957,W00120,0.3,0.8722,0.1121,0.356,Resting
5958,W00120,0.35,0.8516,0.1005,0.3394,Resting
5959,W00120,0.4,0.832,0.1218,0.3387,Resting
5960,W00120,0.45,0.8822,0.1021,0.3443,Resting
5961,W00120,0.5,0.8313,0.0844,0.3487,Resting
5962,W00120,0.55,0.8576,0.0796,0.3401,Resting
5963,W00120,0.6,0.8535,0.121,0.332,Resting
5964,W00120,0.65,0.8596,0.0561,0.355,Resting
5965,W00120,0.7,0.855,0.1062,0.3586,Resting
5966,W00120,0.75,0.8234,0.1501,0.3675,Resting
5967,W00120,0.8,0.8264,0.113,0.3297,Resting
5968,W00120,0.85,0.8627,0.1082,0.3307,Resting
5969,W00120,0.9,0.8424,0.0855,0.3128,Resting
5970,W00120,0.95,0.8366,0.0623,0.3436,Resting
5971,W00120,1.0,0.8553,0.0924,0.3374,Resting
5972,W00120,1.05,0.8623,0.1252,0.3566,Resting
5973,W00120,1.1,0.8422,0.0332,0.3696,Resting
5974,W00120,1.15,0.8679,0.0755,0.3634,Resting
5975,W00120,1.2,0.8927,0.089,0.3282,Resting
5976,W00120,1.25,0.8419,0.0943,0.3226,Resting
5977,W00120,1.3,0.8551,0.0698,0.3516,Resting
5978,W00120,1.35,0.8898,0.1173,0.3351,Resting
5979,W00120,1.4,0.8717,0.0752,0.3955,Resting
5980,W00120,1.45,0.8278,0.103,0.36,Resting
5981,W00120,1.5,0.8529,0.0688,0.3652,Resting
5982,W00120,1.55,0.8286,0.1056,0.3673,Resting
5983,W00120,1.6,0.8824,0.0908,0.3884,Resting
5984,W00120,1.65,0.8543,0.064,0.3603,Resting
5985,W00120,1.7,0.8667,0.0944,0.361,Resting
5986,W00120,1.75,0.8617,0.1188,0.3585,Resting
5987,W00120,1.8,0.8747,0.1219,0.3405,Resting
5988,W00120,1.85,0.8392,0.1218,0.3759,Resting
5989,W00120,1.9,0.8521,0.0833,0.3344,Resting
5990,W00120,1.95,0.8556,0.127,0.3734,Resting
5991,W00120,2.0,0.8908,0.1049,0.3442,Resting
5992,W00120,2.05,0.8497,0.1115,0.3373,Resting
5993,W00120,2.1,0.8396,0.1219,0.3645,Resting
5994,W00120,2.15,0.8142,0.0711,0.3441,Resting
5995,W00120,2.2,0.8642,0.1182,0.3674,Resting
5996,W00120,2.25,0.8553,0.0767,0.3583,Resting
5997,W00120,2.3,0.8313,0.1183,0.3804,Resting
5998,W00120,2.35,0.8185,0.0985,0.3831,Resting
5999,W00120,2.4,0.8455,0.1169,0.3331,Resting
6000,W00120,2.45,0.8453,0.0947,0.3585,Resting
6001,W00121,0.0,0.0533,0.0902,0.9262,Standing
6002,W00121,0.05,0.0551,0.0839,0.9857,Standing
6003,W00121,0.1,0.0008,0.1049,0.974,Standing
6004,W00121,0.15,0.0795,0.0593,0.9676,Standing
6005,W00121,0.2,0.1115,0.1353,0.955,Standing
6006,W00121,0.25,0.0281,0.0342,0.9566,Standing
6007,W00121,0.3,0.0751,0.1165,1.0508,Standing
6008,W00121,0.35,0.1279,0.1421,1.0086,Standing
6009,W00121,0.4,0.0991,0.092,0.9917,Standing
6010,W00121,0.45,0.0997,0.0548,0.9625,Standing
6011,W00121,0.5,0.0339,0.0643,0.9577,Standing
6012,W00121,0.55,0.0692,0.1178,0.9584,Standing
6013,W00121,0.6,0.0587,0.0966,0.9784,Standing
6014,W00121,0.65,0.0439,0.0689,0.9443,Standing
6015,W00121,0.7,0.022,0.048,0.9736,Standing
6016,W00121,0.75,0.0213,0.1561,0.9916,Standing
6017,W00121,0.8,0.0048,0.0741,0.9483,Standing
6018,W00121,0.85,0.0146,0.0504,0.9229,Standing
6019,W00121,0.9,0.031,0.1197,1.0152,Standing
6020,W00121,0.95,0.0263,0.1379,0.949,Standing
6021,W00121,1.0,0.0204,0.1475,0.9705,Standing
6022,W00121,1.05,0.0354,0.0782,1.0109,Standing
6023,W00121,1.1,0.0601,0.0992,0.9857,Standing
6024,W00121,1.15,-0.0115,0.1662,0.9695,Standing
6025,W00121,1.2,0.046,0.1325,0.9635,Standing
6026,W00121,1.25,0.0087,0.0857,0.9352,Standing
6027,W00121,1.3,0.0859,0.1359,0.9646,Standing
6028,W00121,1.35,0.042,0.0895,0.9873,Standing
6029,W00121,1.4,0.0541,0.1402,1.0079,Standing
6030,W00121,1.45,0.0696,0.1001,0.9521,Standing
6031,W00121,1.5,0.0956,0.0854,0.9967,Standing
6032,W00121,1.55,0.02,0.1091,1.0255,Standing
6033,W00121,1.6,0.0637,0.0976,1.0006,Standing
6034,W00121,1.65,0.0384,0.0728,1.0177,Standing
6035,W00121,1.7,0.1193,0.1541,0.9619,Standing
6036,W00121,1.75,0.0346,0.1489,0.9669,Standing
6037,W00121,1.8,0.0879,0.0858,1.0308,Standing
6038,W00121,1.85,0.0538,0.1384,1.0289,Standing
6039,W00121,1.9,0.1096,0.1009,0.9931,Standing
6040,W00121,1.95,0.0537,0.1599,0.9614,Standing
6041,W00121,2.0,0.0405,0.1194,1.0083,Standing
6042,W00121,2.05,0.0895,0.0326,0.9598,Standing
6043,W00121,2.1,0.0336,0.0766,0.9833,Standing
6044,W00121,2.15,0.0307,0.0488,1.0435,Standing
6045,W00121,2.2,0.1131,0.1035,1.0053,Standing
6046,W00121,2.25,0.1086,0.1048,0.9923,Standing
6047,W00121,2.3,0.0255,0.1028,0.9658,Standing
6048,W00121,2.35,0.0332,0.0671,0.9107,Standing
6049,W00121,2.4,0.1081,0.0331,0.9944,Standing
6050,W00121,2.45,0.0489,0.0813,0.9682,Standing
6051,W00122,0.0,-0.1546,0.187,0.976,Walking
6052,W00122,0.05,-0.003,0.1403,0.8412,Walking
6053,W00122,0.1,0.1496,0.2679,0.9437,Walking
6054,W00122,0.15,0.3363,0.1186,1.0146,Walking
6055,W00122,0.2,0.2649,0.1889,1.0739,Walking
6056,W00122,0.25,0.2234,0.1633,0.9511,Walking
6057,W00122,0.3,0.2174,0.0401,1.0535,Walking
6058,W00122,0.35,0.0954,-0.0863,0.9845,Walking
6059,W00122,0.4,-0.0677,0.1442,0.7449,Walking
6060,W00122,0.45,-0.0215,0.0377,0.9871,Walking
6061,W00122,0.5,-0.0249,0.0271,0.9405,Walking
6062,W00122,0.55,-0.0122,0.0734,0.9089,Walking
6063,W00122,0.6,-0.0174,0.1105,0.9355,Walking
6064,W00122,0.65,0.0324,0.1994,1.0193,Walking
6065,W00122,0.7,0.0331,0.1505,1.129,Walking
6066,W00122,0.75,0.3509,0.3805,1.1039,Walking
6067,W00122,0.8,0.1451,0.2472,0.8922,Walking
6068,W00122,0.85,0.2254,0.1506,1.0298,Walking
6069,W00122,0.9,-0.0507,0.0434,1.0157,Walking
6070,W00122,0.95,0.0509,0.1185,1.0,Walking
6071,W00122,1.0,-0.0276,0.1435,0.9577,Walking
6072,W00122,1.05,-0.0256,-0.0059,0.913,Walking
6073,W00122,1.1,-0.0264,0.0495,0.8919,Walking
6074,W00122,1.15,0.003,0.0127,0.9958,Walking
6075,W00122,1.2,-0.0878,0.0503,0.9638,Walking
6076,W00122,1.25,0.2307,0.4014,0.9887,Walking
6077,W00122,1.3,0.207,0.2196,0.9183,Walking
6078,W00122,1.35,0.2323,0.2494,0.9988,Walking
6079,W00122,1.4,0.135,0.3319,0.941,Walking
6080,W00122,1.45,0.0853,0.1843,1.1344,Walking
6081,W00122,1.5,-0.0213,0.1983,0.9349,Walking
6082,W00122,1.55,-0.0733,-0.0759,0.8614,Walking
6083,W00122,1.6,-0.1048,0.1842,0.9392,Walking
6084,W00122,1.65,-0.056,0.0753,0.7718,Walking
6085,W00122,1.7,0.0204,0.2216,0.9665,Walking
6086,W00122,1.75,0.0344,0.1341,0.8748,Walking
6087,W00122,1.8,0.1482,0.2033,0.9572,Walking
6088,W00122,1.85,0.3409,0.297,1.0697,Walking
6089,W00122,1.9,0.2295,0.2684,1.0266,Walking
6090,W00122,1.95,0.1874,0.2291,1.0391,Walking
6091,W00122,2.0,0.1303,0.2547,0.9322,Walking
6092,W00122,2.05,0.0983,0.134,0.8855,Walking
6093,W00122,2.1,0.0253,0.0864,1.0213,Walking
6094,W00122,2.15,0.0693,0.0899,0.9006,Walking
6095,W00122,2.2,-0.0535,0.0304,0.9608,Walking
6096,W00122,2.25,-0.0223,0.0892,0.9013,Walking
6097,W00122,2.3,0.1649,0.2685,0.9318,Walking
6098,W00122,2.35,0.0949,0.1734,1.016,Walking
6099,W00122,2.4,0.2306,0.2292,0.9767,Walking
6100,W00122,2.45,0.2529,0.201,0.9971,Walking
6101,W00123,0.0,0.8441,0.0836,0.3459,Resting
6102,W00123,0.05,0.8546,0.1008,0.325,Resting
6103,W00123,0.1,0.8708,0.1085,0.3876,Resting
6104,W00123,0.15,0.8491,0.1101,0.3439,Resting
6105,W00123,0.2,0.8405,0.0659,0.3579,Resting
6106,W00123,0.25,0.8591,0.1207,0.3698,Resting
6107,W00123,0.3,0.8537,0.1197,0.3123,Resting
6108,W00123,0.35,0.8906,0.1199,0.353,Resting
6109,W00123,0.4,0.859,0.1294,0.363,Resting
6110,W00123,0.45,0.8907,0.1409,0.3626,Resting
6111,W00123,0.5,0.8696,0.0743,0.3456,Resting
6112,W00123,0.55,0.8126,0.0821,0.3513,Resting
6113,W00123,0.6,0.8578,0.1095,0.3139,Resting
6114,W00123,0.65,0.8663,0.0882,0.3352,Resting
6115,W00123,0.7,0.8691,0.1136,0.3381,Resting
6116,W00123,0.75,0.8884,0.1002,0.3605,Resting
6117,W00123,0.8,0.8466,0.0613,0.3256,Resting
6118,W00123,0.85,0.8534,0.1141,0.3428,Resting
6119,W00123,0.9,0.8428,0.0877,0.3174,Resting
6120,W00123,0.95,0.8655,0.147,0.3479,Resting
6121,W00123,1.0,0.8376,0.1145,0.3755,Resting
6122,W00123,1.05,0.8386,0.0835,0.3574,Resting
6123,W00123,1.1,0.8367,0.1162,0.3565,Resting
6124,W00123,1.15,0.8503,0.0687,0.3221,Resting
6125,W00123,1.2,0.8303,0.0992,0.3276,Resting
6126,W00123,1.25,0.8857,0.1139,0.3621,Resting
6127,W00123,1.3,0.8394,0.1092,0.3539,Resting
6128,W00123,1.35,0.8295,0.1465,0.4056,Resting
6129,W00123,1.4,0.8615,0.0878,0.3698,Resting
6130,W00123,1.45,0.876,0.0953,0.3629,Resting
6131,W00123,1.5,0.8202,0.0603,0.36,Resting
6132,W00123,1.55,0.8515,0.1172,0.3632,Resting
6133,W00123,1.6,0.845,0.0906,0.3558,Resting
6134,W00123,1.65,0.8183,0.0943,0.3264,Resting
6135,W00123,1.7,0.8214,0.0799,0.3611,Resting
6136,W00123,1.75,0.8661,0.1309,0.3628,Resting
6137,W00123,1.8,0.8403,0.095,0.3326,Resting
6138,W00123,1.85,0.8454,0.106,0.3439,Resting
6139,W00123,1.9,0.8328,0.0678,0.3388,Resting
6140,W00123,1.95,0.8468,0.0872,0.3448,Resting
6141,W00123,2.0,0.8303,0.1162,0.3537,Resting
6142,W00123,2.05,0.8685,0.1315,0.3242,Resting
6143,W00123,2.1,0.8534,0.1218,0.3449,Resting
6144,W00123,2.15,0.8601,0.0804,0.3156,Resting
6145,W00123,2.2,0.8485,0.0659,0.3685,Resting
6146,W00123,2.25,0.8149,0.1085,0.3505,Resting
6147,W00123,2.3,0.8946,0.0941,0.3534,Resting
6148,W00123,2.35,0.8275,0.1216,0.3361,Resting
6149,W00123,2.4,0.8427,0.1104,0.3521,Resting
6150,W00123,2.45,0.8223,0.1005,0.3049,Resting
6151,W00124,0.0,0.0705,0.1415,0.919,Standing
6152,W00124,0.05,-0.0178,0.0568,0.9651,Standing
6153,W00124,0.1,0.044,0.1066,0.9487,Standing
6154,W00124,0.15,0.1026,0.1199,0.9222,Standing
6155,W00124,0.2,0.0635,0.1039,0.9675,Standing
6156,W00124,0.25,0.0473,0.0129,0.9761,Standing
6157,W00124,0.3,0.0409,0.0737,0.9828,Standing
6158,W00124,0.35,0.0467,0.0812,0.9878,Standing
6159,W00124,0.4,0.0649,0.0665,1.0134,Standing
6160,W00124,0.45,0.0192,0.1255,0.9853,Standing
6161,W00124,0.5,0.0318,0.0838,0.9221,Standing
6162,W00124,0.55,0.0229,0.1356,0.9837,Standing
6163,W00124,0.6,0.0433,0.0993,0.9613,Standing
6164,W00124,0.65,0.107,0.0085,0.9775,Standing
6165,W00124,0.7,0.0219,0.0494,0.9489,Standing
6166,W00124,0.75,0.0769,0.1377,0.9792,Standing
6167,W00124,0.8,0.0152,0.0352,0.9685,Standing
6168,W00124,0.85,0.0769,0.1227,1.0158,Standing
6169,W00124,0.9,0.0087,0.1111,0.9741,Standing
6170,W00124,0.95,0.0899,0.1391,0.9916,Standing
6171,W00124,1.0,0.0278,0.1222,0.9385,Standing
6172,W00124,1.05,0.0243,0.089,0.957,Standing
6173,W00124,1.1,0.008,0.1115,0.9613,Standing
6174,W00124,1.15,0.0293,0.1043,1.0375,Standing
6175,W00124,1.2,0.0168,0.116,0.9919,Standing
6176,W00124,1.25,0.0185,0.0618,0.9947,Standing
6177,W00124,1.3,0.0641,0.1113,0.9674,Standing
6178,W00124,1.35,0.0393,0.1661,0.9595,Standing
6179,W00124,1.4,0.0338,0.1061,0.9718,Standing
6180,W00124,1.45,0.047,0.1015,0.9926,Standing
6181,W00124,1.5,0.0751,0.1189,1.0419,Standing
6182,W00124,1.55,0.0845,0.1418,0.9666,Standing
6183,W00124,1.6,0.0786,0.0764,0.9713,Standing
6184,W00124,1.65,0.0396,0.0733,0.9638,Standing
6185,W00124,1.7,0.0575,0.1279,1.0427,Standing
6186,W00124,1.75,0.0627,0.1125,0.9913,Standing
6187,W00124,1.8,0.1245,0.1082,1.049,Standing
6188,W00124,1.85,0.0551,0.1102,0.9869,Standing
6189,W00124,1.9,0.1297,0.0599,0.9864,Standing
6190,W00124,1.95,0.0972,0.0882,0.9492,Standing
6191,W00124,2.0,0.0852,0.1193,1.0436,Standing
6192,W00124,2.05,0.0235,0.1424,0.9686,Standing
6193,W00124,2.1,0.0692,0.1128,0.9783,Standing
6194,W00124,2.15,0.0827,0.1301,0.9552,Standing
6195,W00124,2.2,0.0396,0.1235,0.9822,Standing
6196,W00124,2.25,0.0365,0.0883,0.9245,Standing
6197,W00124,2.3,0.1011,0.0716,0.9677,Standing
6198,W00124,2.35,0.0751,0.136,1.0039,Standing
6199,W00124,2.4,0.0418,0.0832,0.978,Standing
6200,W00124,2.45,0.0705,0.073,0.9552,Standing
6201,W00125,0.0,0.8834,0.081,0.2963,Sleeping
6202,W00125,0.05,0.8751,0.084,0.3039,Sleeping
6203,W00125,0.1,0.8755,0.0668,0.3011,Sleeping
6204,W00125,0.15,0.873,0.0794,0.2953,Sleeping
6205,W00125,0.2,0.8774,0.0707,0.2872,Sleeping
6206,W00125,0.25,0.8685,0.0863,0.3128,Sleeping
6207,W00125,0.3,0.8722,0.0711,0.294,Sleeping
6208,W00125,0.35,0.8754,0.0732,0.3061,Sleeping
6209,W00125,0.4,0.8761,0.073,0.2895,Sleeping
6210,W00125,0.45,0.8846,0.0671,0.3036,Sleeping
6211,W00125,0.5,0.8757,0.0944,0.2856,Sleeping
6212,W00125,0.55,0.882,0.0867,0.3024,Sleeping
6213,W00125,0.6,0.8907,0.0908,0.2927,Sleeping
6214,W00125,0.65,0.8782,0.0753,0.2903,Sleeping
6215,W00125,0.7,0.8731,0.083,0.2981,Sleeping
6216,W00125,0.75,0.8717,0.0807,0.3014,Sleeping
6217,W00125,0.8,0.8951,0.0721,0.3123,Sleeping
6218,W00125,0.85,0.8644,0.0809,0.2997,Sleeping
6219,W00125,0.9,0.8796,0.0712,0.3046,Sleeping
6220,W00125,0.95,0.8752,0.0656,0.2897,Sleeping
6221,W00125,1.0,0.8885,0.0703,0.2968,Sleeping
6222,W00125,1.05,0.8801,0.0916,0.3041,Sleeping
6223,W00125,1.1,0.8768,0.0667,0.3076,Sleeping
6224,W00125,1.15,0.8703,0.0795,0.307,Sleeping
6225,W00125,1.2,0.8694,0.0748,0.3047,Sleeping
6226,W00125,1.25,0.875,0.0731,0.2917,Sleeping
6227,W00125,1.3,0.8693,0.083,0.3061,Sleeping
6228,W00125,1.35,0.888,0.0755,0.3037,Sleeping
6229,W00125,1.4,0.869,0.0855,0.2899,Sleeping
6230,W00125,1.45,0.8891,0.0798,0.2876,Sleeping
6231,W00125,1.5,0.8747,0.0828,0.2939,Sleeping
6232,W00125,1.55,0.8881,0.0705,0.2983,Sleeping
6233,W00125,1.6,0.8798,0.0757,0.298,Sleeping
6234,W00125,1.65,0.8726,0.0713,0.289,Sleeping
6235,W00125,1.7,0.8805,0.0815,0.2896,Sleeping
6236,W00125,1.75,0.8805,0.0717,0.2876,Sleeping
6237,W00125,1.8,0.8877,0.0656,0.3018,Sleeping
6238,W00125,1.85,0.8652,0.0779,0.3095,Sleeping
6239,W00125,1.9,0.8789,0.0716,0.3233,Sleeping
6240,W00125,1.95,0.8892,0.084,0.3037,Sleeping
6241,W00125,2.0,0.89,0.0895,0.2961,Sleeping
6242,W00125,2.05,0.8683,0.0822,0.3014,Sleeping
6243,W00125,2.1,0.885,0.0857,0.3017,Sleeping
6244,W00125,2.15,0.8869,0.0759,0.2941,Sleeping
6245,W00125,2.2,0.8891,0.0867,0.2982,Sleeping
6246,W00125,2.25,0.8862,0.0821,0.2909,Sleeping
6247,W00125,2.3,0.8778,0.0757,0.307,Sleeping
6248,W00125,2.35,0.8712,0.073,0.2934,Sleeping
6249,W00125,2.4,0.8755,0.0883,0.3024,Sleeping
6250,W00125,2.45,0.865,0.0788,0.3055,Sleeping
6251,W00126,0.0,0.8878,0.0849,0.2872,Sleeping
6252,W00126,0.05,0.8887,0.0867,0.2971,Sleeping
6253,W00126,0.1,0.8878,0.0907,0.3093,Sleeping
6254,W00126,0.15,0.8739,0.0883,0.2933,Sleeping
6255,W00126,0.2,0.8867,0.0739,0.2847,Sleeping
6256,W00126,0.25,0.8877,0.0761,0.2838,Sleeping
6257,W00126,0.3,0.8735,0.0839,0.2977,Sleeping
6258,W00126,0.35,0.8805,0.0899,0.3079,Sleeping
6259,W00126,0.4,0.8879,0.0807,0.3183,Sleeping
6260,W00126,0.45,0.8763,0.0798,0.2842,Sleeping
6261,W00126,0.5,0.8855,0.0863,0.3049,Sleeping
6262,W00126,0.55,0.8946,0.0933,0.3101,Sleeping
6263,W00126,0.6,0.8823,0.0833,0.3024,Sleeping
6264,W00126,0.65,0.8724,0.0898,0.3037,Sleeping
6265,W00126,0.7,0.8724,0.0934,0.2878,Sleeping
6266,W00126,0.75,0.8982,0.089,0.2991,Sleeping
6267,W00126,0.8,0.9057,0.0854,0.2933,Sleeping
6268,W00126,0.85,0.887,0.0872,0.3085,Sleeping
6269,W00126,0.9,0.885,0.0823,0.3084,Sleeping
6270,W00126,0.95,0.8773,0.1034,0.2971,Sleeping
6271,W00126,1.0,0.8617,0.08,0.304,Sleeping
6272,W00126,1.05,0.8988,0.0774,0.2871,Sleeping
6273,W00126,1.1,0.8834,0.0814,0.2935,Sleeping
6274,W00126,1.15,0.8896,0.0804,0.3029,Sleeping
6275,W00126,1.2,0.8886,0.0792,0.3038,Sleeping
6276,W00126,1.25,0.8861,0.0964,0.3092,Sleeping
6277,W00126,1.3,0.8878,0.0926,0.2915,Sleeping
6278,W00126,1.35,0.8795,0.0742,0.2951,Sleeping
6279,W00126,1.4,0.8752,0.0816,0.308,Sleeping
6280,W00126,1.45,0.8849,0.0814,0.2982,Sleeping
6281,W00126,1.5,0.8782,0.063,0.2935,Sleeping
6282,W00126,1.55,0.897,0.0787,0.2968,Sleeping
6283,W00126,1.6,0.9021,0.0828,0.2955,Sleeping
6284,W00126,1.65,0.8933,0.0828,0.2981,Sleeping
6285,W00126,1.7,0.8839,0.0768,0.3089,Sleeping
6286,W00126,1.75,0.8785,0.0856,0.3076,Sleeping
6287,W00126,1.8,0.8677,0.0625,0.3103,Sleeping
6288,W00126,1.85,0.8853,0.0759,0.3014,Sleeping
6289,W00126,1.9,0.882,0.0945,0.3028,Sleeping
6290,W00126,1.95,0.8756,0.0726,0.3011,Sleeping
6291,W00126,2.0,0.8843,0.0782,0.3009,Sleeping
6292,W00126,2.05,0.8849,0.0972,0.3029,Sleeping
6293,W00126,2.1,0.878,0.0772,0.2938,Sleeping
6294,W00126,2.15,0.8743,0.0736,0.2998,Sleeping
6295,W00126,2.2,0.8904,0.0919,0.3147,Sleeping
6296,W00126,2.25,0.879,0.0883,0.3082,Sleeping
6297,W00126,2.3,0.8786,0.0926,0.306,Sleeping
6298,W00126,2.35,0.8604,0.0815,0.3012,Sleeping
6299,W00126,2.4,0.8872,0.0812,0.2975,Sleeping
6300,W00126,2.45,0.8765,0.0648,0.2942,Sleeping
6301,W00127,0.0,0.1531,0.1492,0.8411,Walking
6302,W00127,0.05,-0.1429,-0.0257,0.912,Walking
6303,W00127,0.1,-0.0646,0.1486,0.7923,Walking
6304,W00127,0.15,-0.1051,0.0753,1.0883,Walking
6305,W00127,0.2,0.0164,0.1012,0.8887,Walking
6306,W00127,0.25,0.1326,0.1545,0.9259,Walking
6307,W00127,0.3,0.1158,0.1592,1.0556,Walking
6308,W00127,0.35,0.1616,0.1433,0.9692,Walking
6309,W00127,0.4,0.1855,0.2207,0.9499,Walking
6310,W00127,0.45,0.3872,0.2236,1.0221,Walking
6311,W00127,0.5,0.1617,0.2167,1.0598,Walking
6312,W00127,0.55,0.213,-0.0499,1.0217,Walking
6313,W00127,0.6,0.0053,0.1184,1.0075,Walking
6314,W00127,0.65,-0.0248,0.0776,0.9,Walking
6315,W00127,0.7,-0.1192,0.1413,0.9713,Walking
6316,W00127,0.75,-0.0624,0.0011,0.8478,Walking
6317,W00127,0.8,-0.0859,0.1073,0.9764,Walking
6318,W00127,0.85,-0.0054,0.2044,1.0023,Walking
6319,W00127,0.9,0.2917,0.4417,1.1435,Walking
6320,W00127,0.95,0.3047,0.187,0.9366,Walking
6321,W00127,1.0,0.1792,0.1505,1.1458,Walking
6322,W00127,1.05,0.2239,0.3203,1.0604,Walking
6323,W00127,1.1,0.1912,0.3153,0.9683,Walking
6324,W00127,1.15,0.0553,0.108,0.9531,Walking
6325,W00127,1.2,0.0421,0.1564,1.0432,Walking
6326,W00127,1.25,0.0067,0.0164,0.8428,Walking
6327,W00127,1.3,-0.0374,0.0132,0.931,Walking
6328,W00127,1.35,-0.1749,0.1185,1.0687,Walking
6329,W00127,1.4,-0.1526,0.1059,0.8287,Walking
6330,W00127,1.45,0.1209,0.1676,0.8899,Walking
6331,W00127,1.5,0.2383,0.1934,0.8949,Walking
6332,W00127,1.55,0.3058,0.3106,1.0358,Walking
6333,W00127,1.6,0.27,0.225,0.8586,Walking
6334,W00127,1.65,0.1775,0.1924,1.1498,Walking
6335,W00127,1.7,0.1282,0.0886,1.0107,Walking
6336,W00127,1.75,0.0163,0.0849,1.0551,Walking
6337,W00127,1.8,0.0427,0.0497,0.9084,Walking
6338,W00127,1.85,-0.0848,0.1293,0.8897,Walking
6339,W00127,1.9,-0.0682,0.1187,0.8025,Walking
6340,W00127,1.95,-0.0667,0.1631,0.9368,Walking
6341,W00127,2.0,0.1184,-0.0081,0.9346,Walking
6342,W00127,2.05,0.248,0.1031,0.9938,Walking
6343,W00127,2.1,0.198,0.1101,0.8476,Walking
6344,W00127,2.15,0.2334,0.2404,0.9459,Walking
6345,W00127,2.2,0.2699,0.2958,1.0166,Walking
6346,W00127,2.25,0.2339,0.2575,0.9807,Walking
6347,W00127,2.3,0.1933,0.0758,0.9392,Walking
6348,W00127,2.35,0.013,0.0522,0.9389,Walking
6349,W00127,2.4,-0.0609,0.1192,0.7906,Walking
6350,W00127,2.45,0.074,0.0163,0.9275,Walking
6351,W00128,0.0,0.8312,0.1255,0.3385,Resting
6352,W00128,0.05,0.838,0.1024,0.3454,Resting
6353,W00128,0.1,0.8397,0.0809,0.3812,Resting
6354,W00128,0.15,0.8045,0.0892,0.3599,Resting
6355,W00128,0.2,0.8512,0.126,0.3501,Resting
6356,W00128,0.25,0.826,0.0874,0.3537,Resting
6357,W00128,0.3,0.8352,0.1029,0.3648,Resting
6358,W00128,0.35,0.8615,0.1013,0.3316,Resting
6359,W00128,0.4,0.8521,0.102,0.3836,Resting
6360,W00128,0.45,0.841,0.08,0.3697,Resting
6361,W00128,0.5,0.8547,0.0792,0.3102,Resting
6362,W00128,0.55,0.8352,0.078,0.3266,Resting
6363,W00128,0.6,0.8398,0.0907,0.3211,Resting
6364,W00128,0.65,0.8578,0.0846,0.357,Resting
6365,W00128,0.7,0.8099,0.1026,0.3411,Resting
6366,W00128,0.75,0.8516,0.0871,0.3601,Resting
6367,W00128,0.8,0.8338,0.0578,0.3283,Resting
6368,W00128,0.85,0.8648,0.0779,0.3334,Resting
6369,W00128,0.9,0.8268,0.0904,0.3381,Resting
6370,W00128,0.95,0.8269,0.101,0.3568,Resting
6371,W00128,1.0,0.884,0.0776,0.3645,Resting
6372,W00128,1.05,0.8303,0.073,0.3323,Resting
6373,W00128,1.1,0.8555,0.0977,0.3304,Resting
6374,W00128,1.15,0.8308,0.0896,0.35,Resting
6375,W00128,1.2,0.8519,0.1261,0.3339,Resting
6376,W00128,1.25,0.8377,0.0874,0.3515,Resting
6377,W00128,1.3,0.8428,0.1069,0.3484,Resting
6378,W00128,1.35,0.8337,0.0848,0.3421,Resting
6379,W00128,1.4,0.8425,0.073,0.3301,Resting
6380,W00128,1.45,0.831,0.1011,0.3254,Resting
6381,W00128,1.5,0.8516,0.0936,0.327,Resting
6382,W00128,1.55,0.8195,0.1131,0.3377,Resting
6383,W00128,1.6,0.8711,0.1079,0.3521,Resting
6384,W00128,1.65,0.8059,0.0594,0.3472,Resting
6385,W00128,1.7,0.8426,0.102,0.3181,Resting
6386,W00128,1.75,0.8544,0.0907,0.3456,Resting
6387,W00128,1.8,0.8567,0.0969,0.3689,Resting
6388,W00128,1.85,0.8367,0.096,0.3409,Resting
6389,W00128,1.9,0.8427,0.0778,0.3263,Resting
6390,W00128,1.95,0.8395,0.1244,0.3587,Resting
6391,W00128,2.0,0.8776,0.0512,0.3427,Resting
6392,W00128,2.05,0.8423,0.1016,0.3774,Resting
6393,W00128,2.1,0.8627,0.0851,0.3846,Resting
6394,W00128,2.15,0.8752,0.0762,0.345,Resting
6395,W00128,2.2,0.8421,0.0746,0.3683,Resting
6396,W00128,2.25,0.8483,0.0909,0.3801,Resting
6397,W00128,2.3,0.8441,0.0783,0.3868,Resting
6398,W00128,2.35,0.8658,0.099,0.3405,Resting
6399,W00128,2.4,0.8822,0.1017,0.3461,Resting
6400,W00128,2.45,0.859,0.0971,0.3488,Resting
6401,W00129,0.0,0.0281,0.0766,0.9868,Standing
6402,W00129,0.05,0.0079,0.1014,1.0,Standing
6403,W00129,0.1,0.0546,0.1356,0.9627,Standing
6404,W00129,0.15,0.0697,0.0687,0.9761,Standing
6405,W00129,0.2,0.0666,0.1102,1.0168,Standing
6406,W00129,0.25,0.028,0.0829,0.9448,Standing
6407,W00129,0.3,0.0761,0.0674,1.0134,Standing
6408,W00129,0.35,0.0586,0.0702,1.0037,Standing
6409,W00129,0.4,0.067,0.1384,0.9197,Standing
6410,W00129,0.45,0.0445,0.1459,0.9764,Standing
6411,W00129,0.5,0.0643,0.0911,1.0043,Standing
6412,W00129,0.55,0.0326,0.0596,0.965,Standing
6413,W00129,0.6,0.0392,0.0857,0.9872,Standing
6414,W00129,0.65,0.007,0.0645,0.9295,Standing
6415,W00129,0.7,-0.0252,0.1338,0.9944,Standing
6416,W00129,0.75,0.0333,0.0609,0.9866,Standing
6417,W00129,0.8,0.0314,0.0972,1.0107,Standing
6418,W00129,0.85,0.0126,0.1007,0.9455,Standing
6419,W00129,0.9,0.0292,0.1104,0.9812,Standing
6420,W00129,0.95,0.0317,0.1128,0.9939,Standing
6421,W00129,1.0,0.0645,0.0879,0.9715,Standing
6422,W00129,1.05,0.039,0.0983,0.9856,Standing
6423,W00129,1.1,0.0561,0.095,1.0224,Standing
6424,W00129,1.15,0.1332,0.0873,0.9853,Standing
6425,W00129,1.2,0.021,0.0627,0.9525,Standing
6426,W00129,1.25,0.0554,0.078,0.9889,Standing
6427,W00129,1.3,0.1208,0.1235,0.9748,Standing
6428,W00129,1.35,0.0412,0.0676,0.9709,Standing
6429,W00129,1.4,0.0831,0.0753,1.0173,Standing
6430,W00129,1.45,0.0443,0.1104,0.9862,Standing
6431,W00129,1.5,0.0579,0.145,0.9623,Standing
6432,W00129,1.55,0.0703,0.0721,0.952,Standing
6433,W00129,1.6,0.0795,0.1345,0.9844,Standing
6434,W00129,1.65,0.0815,0.0842,1.0171,Standing
6435,W00129,1.7,0.0404,0.075,0.9965,Standing
6436,W00129,1.75,0.0484,0.0985,0.9996,Standing
6437,W00129,1.8,0.0539,0.1147,0.9454,Standing
6438,W00129,1.85,0.0677,0.1019,1.0032,Standing
6439,W00129,1.9,0.0205,0.0692,0.9632,Standing
6440,W00129,1.95,0.0376,0.078,1.0086,Standing
6441,W00129,2.0,0.0191,0.1359,1.0109,Standing
6442,W00129,2.05,0.0583,0.0803,0.9728,Standing
6443,W00129,2.1,0.0741,0.1443,0.9314,Standing
6444,W00129,2.15,-0.0437,0.0996,0.9987,Standing
6445,W00129,2.2,0.0146,0.066,0.9765,Standing
6446,W00129,2.25,0.0401,0.0552,0.9667,Standing
6447,W00129,2.3,0.0173,0.0632,0.9477,Standing
6448,W00129,2.35,-0.0313,0.0914,0.948,Standing
6449,W00129,2.4,0.0545,0.0969,0.9752,Standing
6450,W00129,2.45,0.0577,0.0827,0.9674,Standing
6451,W00130,0.0,0.0306,0.1683,0.905,Walking
6452,W00130,0.05,0.0804,0.0679,0.8291,Walking
6453,W00130,0.1,-0.0782,0.1222,0.861,Walking
6454,W00130,0.15,0.0106,0.0144,0.7976,Walking
6455,W00130,0.2,-0.079,0.1538,0.7955,Walking
6456,W00130,0.25,-0.024,0.2537,0.9049,Walking
6457,W00130,0.3,0.057,0.2875,0.8607,Walking
6458,W00130,0.35,0.2279,0.1932,0.8651,Walking
6459,W00130,0.4,0.2002,0.2027,1.0246,Walking
6460,W00130,0.45,0.2397,0.1834,1.0927,Walking
6461,W00130,0.5,0.2454,0.208,1.0865,Walking
6462,W00130,0.55,0.3545,0.2094,1.068,Walking
6463,W00130,0.6,0.1185,-0.013,0.8416,Walking
6464,W00130,0.65,-0.0025,0.0619,0.9454,Walking
6465,W00130,0.7,0.0103,-0.0126,0.9724,Walking
6466,W00130,0.75,-0.0662,-0.039,0.8057,Walking
6467,W00130,0.8,0.0089,0.0145,0.8397,Walking
6468,W00130,0.85,-0.1349,0.2397,0.8494,Walking
6469,W00130,0.9,0.1459,0.0684,0.9657,Walking
6470,W00130,0.95,0.1359,0.3648,0.9631,Walking
6471,W00130,1.0,0.1276,0.1706,1.0855,Walking
6472,W00130,1.05,0.24,0.1902,1.018,Walking
6473,W00130,1.1,0.2657,0.2874,0.997,Walking
6474,W00130,1.15,0.0999,0.2486,0.882,Walking
6475,W00130,1.2,0.0569,0.3061,0.945,Walking
6476,W00130,1.25,-0.0437,0.1321,0.9167,Walking
6477,W00130,1.3,0.0321,0.1177,0.8977,Walking
6478,W00130,1.35,0.2098,0.025,0.8853,Walking
6479,W00130,1.4,-0.0924,-0.0449,0.811,Walking
6480,W00130,1.45,-0.0373,0.0844,0.8012,Walking
6481,W00130,1.5,-0.1045,0.2521,0.9592,Walking
6482,W00130,1.55,0.1459,0.2228,0.9853,Walking
6483,W00130,1.6,0.2881,0.2161,1.1838,Walking
6484,W00130,1.65,0.2874,0.2264,0.8809,Walking
6485,W00130,1.7,0.1944,0.2058,1.1169,Walking
6486,W00130,1.75,0.1785,0.3941,1.0971,Walking
6487,W00130,1.8,0.2166,0.2012,1.0647,Walking
6488,W00130,1.85,0.0756,0.1244,0.977,Walking
6489,W00130,1.9,0.0262,-0.0022,1.0757,Walking
6490,W00130,1.95,0.0392,-0.0033,0.7873,Walking
6491,W00130,2.0,-0.2118,0.0178,0.9446,Walking
6492,W00130,2.05,-0.003,0.1143,0.853,Walking
6493,W00130,2.1,0.0917,0.1404,0.9167,Walking
6494,W00130,2.15,0.141,-0.0555,0.9654,Walking
6495,W00130,2.2,0.147,0.1561,1.1044,Walking
6496,W00130,2.25,0.2216,0.3288,1.0264,Walking
6497,W00130,2.3,0.3473,0.3421,1.015,Walking
6498,W00130,2.35,0.1546,0.3737,0.9933,Walking
6499,W00130,2.4,0.1423,0.2905,1.0533,Walking
6500,W00130,2.45,0.1141,0.1929,0.8179,Walking
6501,W00131,0.0,0.8287,0.0682,0.3304,Resting
6502,W00131,0.05,0.8176,0.108,0.3492,Resting
6503,W00131,0.1,0.8326,0.0866,0.3556,Resting
6504,W00131,0.15,0.7983,0.0843,0.3497,Resting
6505,W00131,0.2,0.8325,0.1175,0.3091,Resting
6506,W00131,0.25,0.8082,0.0941,0.3403,Resting
6507,W00131,0.3,0.823,0.1124,0.3207,Resting
6508,W00131,0.35,0.854,0.0736,0.3507,Resting
6509,W00131,0.4,0.8666,0.1287,0.3472,Resting
6510,W00131,0.45,0.8556,0.1206,0.3322,Resting
6511,W00131,0.5,0.8562,0.0952,0.3677,Resting
6512,W00131,0.55,0.7951,0.1074,0.3631,Resting
6513,W00131,0.6,0.8244,0.1274,0.3376,Resting
6514,W00131,0.65,0.8551,0.0734,0.3997,Resting
6515,W00131,0.7,0.857,0.108,0.3484,Resting
6516,W00131,0.75,0.8353,0.0979,0.3688,Resting
6517,W00131,0.8,0.827,0.0744,0.3421,Resting
6518,W00131,0.85,0.8575,0.1242,0.3179,Resting
6519,W00131,0.9,0.8213,0.0824,0.3705,Resting
6520,W00131,0.95,0.832,0.1151,0.3587,Resting
6521,W00131,1.0,0.8209,0.1123,0.3103,Resting
6522,W00131,1.05,0.8035,0.0956,0.3498,Resting
6523,W00131,1.1,0.8463,0.1034,0.3462,Resting
6524,W00131,1.15,0.8645,0.1103,0.3617,Resting
6525,W00131,1.2,0.8554,0.1008,0.354,Resting
6526,W00131,1.25,0.8296,0.0992,0.3534,Resting
6527,W00131,1.3,0.8573,0.1121,0.3756,Resting
6528,W00131,1.35,0.825,0.1588,0.3354,Resting
6529,W00131,1.4,0.7887,0.1221,0.3416,Resting
6530,W00131,1.45,0.8364,0.1001,0.3427,Resting
6531,W00131,1.5,0.8563,0.0854,0.3535,Resting
6532,W00131,1.55,0.8145,0.0999,0.3441,Resting
6533,W00131,1.6,0.8406,0.1114,0.3436,Resting
6534,W00131,1.65,0.849,0.1024,0.3332,Resting
6535,W00131,1.7,0.8536,0.0923,0.3342,Resting
6536,W00131,1.75,0.8786,0.1267,0.3545,Resting
6537,W00131,1.8,0.8307,0.117,0.3379,Resting
6538,W00131,1.85,0.8335,0.1195,0.3499,Resting
6539,W00131,1.9,0.8539,0.1123,0.3703,Resting
6540,W00131,1.95,0.8712,0.1152,0.3606,Resting
6541,W00131,2.0,0.8542,0.0982,0.3734,Resting
6542,W00131,2.05,0.8423,0.054,0.3166,Resting
6543,W00131,2.1,0.8465,0.1174,0.3394,Resting
6544,W00131,2.15,0.8816,0.1337,0.3456,Resting
6545,W00131,2.2,0.8676,0.1282,0.3554,Resting
6546,W00131,2.25,0.865,0.1201,0.3538,Resting
6547,W00131,2.3,0.8576,0.1045,0.341,Resting
6548,W00131,2.35,0.875,0.0823,0.3645,Resting
6549,W00131,2.4,0.8671,0.1317,0.3594,Resting
6550,W00131,2.45,0.8612,0.1077,0.3316,Resting
6551,W00132,0.0,0.0131,0.0655,0.9393,Standing
6552,W00132,0.05,0.0312,0.063,1.0007,Standing
6553,W00132,0.1,0.0274,0.0802,0.9184,Standing
6554,W00132,0.15,0.0395,0.0909,1.006,Standing
6555,W00132,0.2,0.0733,0.0685,0.9672,Standing
6556,W00132,0.25,0.0189,0.1071,0.9607,Standing
6557,W00132,0.3,-0.007,0.0737,1.0252,Standing
6558,W00132,0.35,0.0264,0.0593,0.9446,Standing
6559,W00132,0.4,0.0727,0.1102,0.9881,Standing
6560,W00132,0.45,0.0669,0.0575,1.0205,Standing
6561,W00132,0.5,0.0169,0.141,1.0206,Standing
6562,W00132,0.55,-0.0048,0.0921,0.8972,Standing
6563,W00132,0.6,0.0419,0.0992,1.0016,Standing
6564,W00132,0.65,0.1249,0.1564,0.9961,Standing
6565,W00132,0.7,0.0615,0.077,0.9401,Standing
6566,W00132,0.75,0.0608,0.1434,0.986,Standing
6567,W00132,0.8,0.0721,0.1161,0.98,Standing
6568,W00132,0.85,0.0644,0.1206,0.9642,Standing
6569,W00132,0.9,0.0803,0.149,0.9968,Standing
6570,W00132,0.95,0.0393,0.1623,1.0171,Standing
6571,W00132,1.0,0.0658,0.1291,0.998,Standing
6572,W00132,1.05,0.0981,0.1278,1.0036,Standing
6573,W00132,1.1,0.0648,0.1077,0.999,Standing
6574,W00132,1.15,0.0616,0.0814,0.9178,Standing
6575,W00132,1.2,0.0515,0.0747,0.9023,Standing
6576,W00132,1.25,0.0783,0.137,0.9355,Standing
6577,W00132,1.3,0.0657,0.1076,1.0048,Standing
6578,W00132,1.35,0.0415,0.0794,0.9773,Standing
6579,W00132,1.4,0.0127,0.0946,0.9561,Standing
6580,W00132,1.45,0.0778,0.1131,1.0352,Standing
6581,W00132,1.5,0.0469,0.09,1.0211,Standing
6582,W00132,1.55,0.06,0.1053,1.0247,Standing
6583,W00132,1.6,0.0562,0.1136,1.0197,Standing
6584,W00132,1.65,0.0585,0.1278,0.9642,Standing
6585,W00132,1.7,0.0486,0.0577,0.9992,Standing
6586,W00132,1.75,0.0646,0.0788,0.9999,Standing
6587,W00132,1.8,0.0258,0.0921,0.9671,Standing
6588,W00132,1.85,0.0161,0.0886,0.9307,Standing
6589,W00132,1.9,0.0161,0.104,0.9773,Standing
6590,W00132,1.95,0.004,0.037,0.9934,Standing
6591,W00132,2.0,0.0227,0.0564,0.9753,Standing
6592,W00132,2.05,0.0674,0.118,1.0319,Standing
6593,W00132,2.1,-0.0197,0.1411,0.9478,Standing
6594,W00132,2.15,0.0212,0.0902,0.9629,Standing
6595,W00132,2.2,0.03,0.0592,0.9904,Standing
6596,W00132,2.25,0.0342,0.0482,0.9638,Standing
6597,W00132,2.3,0.0203,0.1163,0.9314,Standing
6598,W00132,2.35,0.048,0.1511,0.9634,Standing
6599,W00132,2.4,0.0583,0.1294,0.9728,Standing
6600,W00132,2.45,-0.0268,0.0908,0.9754,Standing
6601,W00133,0.0,0.0491,0.1225,1.0053,Standing
6602,W00133,0.05,0.0945,0.1066,1.0069,Standing
6603,W00133,0.1,0.0729,0.1492,0.9702,Standing
6604,W00133,0.15,0.0875,0.1414,1.0023,Standing
6605,W00133,0.2,0.0356,0.1531,0.9758,Standing
6606,W00133,0.25,0.1085,0.0688,0.9967,Standing
6607,W00133,0.3,0.094,0.0761,0.9586,Standing
6608,W00133,0.35,0.0445,0.0933,0.9621,Standing
6609,W00133,0.4,0.0357,0.1577,1.0356,Standing
6610,W00133,0.45,0.0497,0.1516,1.0195,Standing
6611,W00133,0.5,0.1095,0.1272,0.9808,Standing
6612,W00133,0.55,0.1003,0.1349,0.9952,Standing
6613,W00133,0.6,-0.0144,0.0904,0.9873,Standing
6614,W00133,0.65,0.0891,0.0789,0.9836,Standing
6615,W00133,0.7,0.092,0.0683,1.026,Standing
6616,W00133,0.75,0.0276,0.0702,0.9889,Standing
6617,W00133,0.8,0.0637,0.1191,0.9616,Standing
6618,W00133,0.85,0.0348,0.0674,0.9319,Standing
6619,W00133,0.9,0.053,0.0975,0.9305,Standing
6620,W00133,0.95,0.0617,0.0527,1.0226,Standing
6621,W00133,1.0,0.0218,0.1198,0.9875,Standing
6622,W00133,1.05,-0.0213,0.0824,1.001,Standing
6623,W00133,1.1,0.0662,0.109,0.9899,Standing
6624,W00133,1.15,0.0451,0.1168,0.9544,Standing
6625,W00133,1.2,-0.0187,0.1033,0.9569,Standing
6626,W00133,1.25,0.0695,0.0689,0.9666,Standing
6627,W00133,1.3,0.069,0.0526,0.9093,Standing
6628,W00133,1.35,-0.003,0.0795,0.9212,Standing
6629,W00133,1.4,0.051,0.1179,0.9575,Standing
6630,W00133,1.45,0.0216,0.1313,0.9452,Standing
6631,W00133,1.5,0.0424,0.1342,0.9645,Standing
6632,W00133,1.55,0.081,0.1227,0.9902,Standing
6633,W00133,1.6,0.0583,0.1002,1.0357,Standing
6634,W00133,1.65,0.0592,0.0488,1.0188,Standing
6635,W00133,1.7,0.042,0.1162,0.9558,Standing
6636,W00133,1.75,0.0757,0.1379,0.9528,Standing
6637,W00133,1.8,0.0777,0.1397,0.9962,Standing
6638,W00133,1.85,0.095,0.1195,0.9782,Standing
6639,W00133,1.9,0.1047,0.1014,0.9919,Standing
6640,W00133,1.95,0.046,0.1107,0.9901,Standing
6641,W00133,2.0,0.0727,0.1047,1.0039,Standing
6642,W00133,2.05,0.0132,0.1648,0.9299,Standing
6643,W00133,2.1,0.1023,0.1283,0.9932,Standing
6644,W00133,2.15,0.0251,0.1408,0.9385,Standing
6645,W00133,2.2,0.0787,0.0972,1.0157,Standing
6646,W00133,2.25,0.016,0.1106,0.9752,Standing
6647,W00133,2.3,0.0715,0.1305,0.9665,Standing
6648,W00133,2.35,0.0056,0.105,1.0067,Standing
6649,W00133,2.4,0.07,0.0925,1.0089,Standing
6650,W00133,2.45,0.0728,0.104,0.9856,Standing
6651,W00134,0.0,0.013,0.0638,0.8744,Walking
6652,W00134,0.05,-0.1452,-0.1453,0.8384,Walking
6653,W00134,0.1,-0.0656,0.1888,0.9819,Walking
6654,W00134,0.15,0.1471,0.1304,1.0587,Walking
6655,W00134,0.2,0.3355,0.2128,1.0471,Walking
6656,W00134,0.25,0.2397,0.288,1.0723,Walking
6657,W00134,0.3,0.3446,0.093,1.1206,Walking
6658,W00134,0.35,0.2069,0.308,1.0578,Walking
6659,W00134,0.4,0.1617,0.2258,0.9116,Walking
6660,W00134,0.45,-0.0356,-0.0577,0.9437,Walking
6661,W00134,0.5,-0.0058,0.0041,0.9221,Walking
6662,W00134,0.55,-0.1586,0.2332,0.836,Walking
6663,W00134,0.6,-0.043,0.1121,0.9181,Walking
6664,W00134,0.65,0.0269,0.1689,0.8768,Walking
6665,W00134,0.7,0.0577,0.1152,0.9709,Walking
6666,W00134,0.75,0.0582,0.2522,1.0185,Walking
6667,W00134,0.8,0.1974,0.0751,1.0261,Walking
6668,W00134,0.85,0.2322,0.1671,0.9534,Walking
6669,W00134,0.9,0.3517,0.377,0.974,Walking
6670,W00134,0.95,0.1937,0.2945,0.9712,Walking
6671,W00134,1.0,0.1838,0.1575,0.8142,Walking
6672,W00134,1.05,0.0406,0.178,1.118,Walking
6673,W00134,1.1,0.0717,0.0318,0.9709,Walking
6674,W00134,1.15,-0.1823,-0.0451,0.8083,Walking
6675,W00134,1.2,-0.1871,0.1306,0.7301,Walking
6676,W00134,1.25,-0.0911,0.0592,0.9132,Walking
6677,W00134,1.3,-0.0736,0.1404,1.057,Walking
6678,W00134,1.35,0.12,0.2174,1.0608,Walking
6679,W00134,1.4,0.2215,0.2473,1.0142,Walking
6680,W00134,1.45,0.3957,0.3324,1.1262,Walking
6681,W00134,1.5,0.3232,0.1972,0.872,Walking
6682,W00134,1.55,0.3376,0.1761,1.1183,Walking
6683,W00134,1.6,0.1304,0.2321,1.0206,Walking
6684,W00134,1.65,0.0444,0.2148,1.0152,Walking
6685,W00134,1.7,-0.0172,-0.0069,0.8663,Walking
6686,W00134,1.75,-0.0767,-0.061,1.0499,Walking
6687,W00134,1.8,0.0914,0.0071,0.9815,Walking
6688,W00134,1.85,-0.1193,0.1011,0.7952,Walking
6689,W00134,1.9,0.0326,0.152,0.9958,Walking
6690,W00134,1.95,0.0487,0.0928,1.0156,Walking
6691,W00134,2.0,0.2451,0.2404,0.9051,Walking
6692,W00134,2.05,0.3858,0.3665,1.1042,Walking
6693,W00134,2.1,0.2887,0.0571,1.0597,Walking
6694,W00134,2.15,0.1749,0.231,0.9898,Walking
6695,W00134,2.2,0.1235,0.1772,1.0518,Walking
6696,W00134,2.25,0.0024,0.085,0.9785,Walking
6697,W00134,2.3,0.0327,0.1226,0.7787,Walking
6698,W00134,2.35,-0.1055,0.1247,0.8333,Walking
6699,W00134,2.4,-0.1905,-0.0337,0.9656,Walking
6700,W00134,2.45,0.0524,0.103,0.7468,Walking
6701,W00135,0.0,0.7221,0.3571,0.9895,Running
6702,W00135,0.05,0.6397,0.121,0.9146,Running
6703,W00135,0.1,0.5531,0.4399,1.105,Running
6704,W00135,0.15,-0.0813,0.1522,1.0898,Running
6705,W00135,0.2,-0.3653,-0.0393,0.5571,Running
6706,W00135,0.25,-0.3129,-0.1299,0.8351,Running
6707,W00135,0.3,-0.1865,0.2069,0.9075,Running
6708,W00135,0.35,-0.0136,0.2707,0.8542,Running
6709,W00135,0.4,0.7243,0.0591,0.954,Running
6710,W00135,0.45,0.9274,0.6345,0.6755,Running
6711,W00135,0.5,0.279,0.4218,0.9367,Running
6712,W00135,0.55,-0.2322,0.2462,0.9651,Running
6713,W00135,0.6,-0.0434,0.0281,0.9051,Running
6714,W00135,0.65,-0.3234,0.0133,1.0676,Running
6715,W00135,0.7,0.1041,0.1117,0.8886,Running
6716,W00135,0.75,0.3556,0.2601,0.9112,Running
6717,W00135,0.8,0.8181,0.4583,1.2607,Running
6718,W00135,0.85,0.5116,0.4599,1.2559,Running
6719,W00135,0.9,0.6431,0.1202,0.6251,Running
6720,W00135,0.95,-0.1959,0.167,0.8663,Running
6721,W00135,1.0,-0.1979,-0.0314,0.6397,Running
6722,W00135,1.05,-0.1695,0.1665,1.0376,Running
6723,W00135,1.1,-0.1856,0.0599,0.9055,Running
6724,W00135,1.15,0.4945,0.31,1.1364,Running
6725,W00135,1.2,0.572,0.3384,1.0123,Running
6726,W00135,1.25,0.671,0.461,1.062,Running
6727,W00135,1.3,0.3845,-0.0405,0.6588,Running
6728,W00135,1.35,-0.4047,0.1691,0.7579,Running
6729,W00135,1.4,-0.212,-0.2769,1.0163,Running
6730,W00135,1.45,-0.4586,0.046,0.8153,Running
6731,W00135,1.5,0.1759,0.2214,0.7689,Running
6732,W00135,1.55,0.6285,0.3298,0.8768,Running
6733,W00135,1.6,0.533,0.3616,1.231,Running
6734,W00135,1.65,0.3005,0.484,1.1085,Running
6735,W00135,1.7,0.2994,0.1464,0.9042,Running
6736,W00135,1.75,-0.0049,0.3249,0.701,Running
6737,W00135,1.8,-0.4518,0.4402,0.8418,Running
6738,W00135,1.85,-0.2893,0.1189,0.4816,Running
6739,W00135,1.9,0.1472,-0.125,0.7915,Running
6740,W00135,1.95,0.6743,0.1422,0.9611,Running
6741,W00135,2.0,0.525,0.5604,1.0139,Running
6742,W00135,2.05,0.4652,0.3474,1.2001,Running
6743,W00135,2.1,0.1046,0.3862,1.0521,Running
6744,W00135,2.15,-0.3867,0.176,0.6625,Running
6745,W00135,2.2,-0.446,0.0223,0.8029,Running
6746,W00135,2.25,-0.1826,0.4173,0.7026,Running
6747,W00135,2.3,0.2099,0.4813,0.7849,Running
6748,W00135,2.35,0.7645,0.3676,0.9495,Running
6749,W00135,2.4,0.7759,0.4424,1.0132,Running
6750,W00135,2.45,0.3864,0.3656,1.0828,Running
6751,W00136,0.0,0.0981,0.0923,0.9885,Standing
6752,W00136,0.05,0.077,0.1403,0.9694,Standing
6753,W00136,0.1,0.095,0.0575,0.9574,Standing
6754,W00136,0.15,0.0436,0.1279,0.9909,Standing
6755,W00136,0.2,0.0489,0.1246,1.0328,Standing
6756,W00136,0.25,0.036,0.1151,0.9862,Standing
6757,W00136,0.3,0.0766,0.0493,1.0332,Standing
6758,W00136,0.35,0.0131,0.0706,0.9946,Standing
6759,W00136,0.4,0.1227,0.04,0.9502,Standing
6760,W00136,0.45,0.0152,0.1224,0.9381,Standing
6761,W00136,0.5,0.0023,0.068,0.9923,Standing
6762,W00136,0.55,0.0197,0.0803,1.0014,Standing
6763,W00136,0.6,0.0511,0.1044,0.9886,Standing
6764,W00136,0.65,0.0167,0.117,0.9518,Standing
6765,W00136,0.7,0.0285,0.0604,0.9549,Standing
6766,W00136,0.75,0.0527,0.0725,1.0042,Standing
6767,W00136,0.8,0.0727,0.0833,0.9669,Standing
6768,W00136,0.85,0.0163,0.1087,0.9695,Standing
6769,W00136,0.9,0.0591,0.1041,1.0127,Standing
6770,W00136,0.95,0.0293,0.1368,0.9818,Standing
6771,W00136,1.0,0.0611,0.0721,0.9753,Standing
6772,W00136,1.05,-0.0615,0.0586,0.9953,Standing
6773,W00136,1.1,-0.016,0.0587,0.9631,Standing
6774,W00136,1.15,0.0366,0.1052,0.9299,Standing
6775,W00136,1.2,0.039,0.101,1.0023,Standing
6776,W00136,1.25,0.085,0.1242,0.9997,Standing
6777,W00136,1.3,0.0727,0.0734,0.9887,Standing
6778,W00136,1.35,-0.0367,0.0511,0.929,Standing
6779,W00136,1.4,0.0465,0.0772,0.9787,Standing
6780,W00136,1.45,0.0477,0.0877,0.9995,Standing
6781,W00136,1.5,-0.0008,0.1372,0.9821,Standing
6782,W00136,1.55,0.1044,0.0984,0.9921,Standing
6783,W00136,1.6,0.0521,0.1261,1.0199,Standing
6784,W00136,1.65,0.055,0.118,0.9243,Standing
6785,W00136,1.7,0.1274,0.1064,0.9878,Standing
6786,W00136,1.75,0.047,0.1081,1.0015,Standing
6787,W00136,1.8,0.0998,0.0703,1.0211,Standing
6788,W00136,1.85,0.0635,0.1276,1.0141,Standing
6789,W00136,1.9,0.0445,0.1513,1.0044,Standing
6790,W00136,1.95,0.0544,0.1141,1.0108,Standing
6791,W00136,2.0,0.0893,0.0713,1.0398,Standing
6792,W00136,2.05,0.059,0.087,1.0291,Standing
6793,W00136,2.1,0.0652,0.0666,0.953,Standing
6794,W00136,2.15,0.0581,0.1055,0.9606,Standing
6795,W00136,2.2,0.0514,0.0723,0.9409,Standing
6796,W00136,2.25,0.0563,0.1006,0.9778,Standing
6797,W00136,2.3,0.0283,0.125,1.0124,Standing
6798,W00136,2.35,0.045,0.072,0.9377,Standing
6799,W00136,2.4,0.0223,0.0006,0.9488,Standing
6800,W00136,2.45,0.0806,0.1204,0.9838,Standing
6801,W00137,0.0,0.5888,0.154,1.2239,Running
6802,W00137,0.05,0.471,0.2934,0.9164,Running
6803,W00137,0.1,-0.0576,0.1742,0.9895,Running
6804,W00137,0.15,-0.4663,-0.1423,0.9229,Running
6805,W00137,0.2,-0.6257,-0.0493,1.1324,Running
6806,W00137,0.25,-0.1195,-0.1082,0.754,Running
6807,W00137,0.3,0.4837,0.0842,1.018,Running
6808,W00137,0.35,0.6073,0.7394,0.9817,Running
6809,W00137,0.4,0.6538,0.4294,0.8665,Running
6810,W00137,0.45,0.0704,0.2375,1.0694,Running
6811,W00137,0.5,-0.266,0.1847,1.0314,Running
6812,W00137,0.55,-0.1596,-0.1014,0.5885,Running
6813,W00137,0.6,-0.469,-0.061,0.6805,Running
6814,W00137,0.65,0.4863,0.1267,0.6098,Running
6815,W00137,0.7,0.4704,0.3998,1.0354,Running
6816,W00137,0.75,0.4427,0.5608,1.2,Running
6817,W00137,0.8,0.4608,0.0982,0.9091,Running
6818,W00137,0.85,0.0499,0.1747,0.9108,Running
6819,W00137,0.9,-0.2343,0.114,0.6934,Running
6820,W00137,0.95,-0.2299,-0.1821,0.6052,Running
6821,W00137,1.0,-0.1349,0.0251,0.7564,Running
6822,W00137,1.05,0.4438,0.0224,1.168,Running
6823,W00137,1.1,0.7534,0.4611,1.2799,Running
6824,W00137,1.15,0.7626,0.4866,1.0316,Running
6825,W00137,1.2,0.524,0.4473,0.846,Running
6826,W00137,1.25,-0.0417,-0.1924,0.5378,Running
6827,W00137,1.3,-0.3771,-0.1914,0.8755,Running
6828,W00137,1.35,-0.2167,-0.0132,0.9363,Running
6829,W00137,1.4,0.261,0.2133,0.7721,Running
6830,W00137,1.45,0.3607,0.494,1.0667,Running
6831,W00137,1.5,0.8193,0.7218,1.1083,Running
6832,W00137,1.55,0.4556,0.3662,1.0542,Running
6833,W00137,1.6,-0.0505,0.2665,1.1596,Running
6834,W00137,1.65,-0.1594,-0.177,0.7201,Running
6835,W00137,1.7,-0.2115,0.0244,0.9204,Running
6836,W00137,1.75,-0.2472,0.4615,1.0503,Running
6837,W00137,1.8,0.3182,0.335,1.1293,Running
6838,W00137,1.85,0.5769,0.3795,1.0887,Running
6839,W00137,1.9,0.3367,0.5277,1.144,Running
6840,W00137,1.95,0.3783,0.087,0.9521,Running
6841,W00137,2.0,-0.1623,0.4085,1.0501,Running
6842,W00137,2.05,-0.6467,-0.0833,1.0189,Running
6843,W00137,2.1,-0.1455,-0.1605,0.6628,Running
6844,W00137,2.15,0.3747,0.3166,0.9884,Running
6845,W00137,2.2,0.4765,0.2499,1.0208,Running
6846,W00137,2.25,0.6401,0.3963,0.9791,Running
6847,W00137,2.3,0.4842,0.5243,0.8578,Running
6848,W00137,2.35,0.2542,0.0334,1.2962,Running
6849,W00137,2.4,-0.461,0.1866,0.8627,Running
6850,W00137,2.45,-0.2742,-0.3171,0.6914,Running
6851,W00138,0.0,0.105,0.1084,1.042,Walking
6852,W00138,0.05,0.2048,0.3517,1.0014,Walking
6853,W00138,0.1,0.1552,0.2498,0.9672,Walking
6854,W00138,0.15,0.1832,0.1849,1.0446,Walking
6855,W00138,0.2,0.2954,0.2708,1.0437,Walking
6856,W00138,0.25,0.2198,0.2741,0.9974,Walking
6857,W00138,0.3,0.1779,0.1367,0.9866,Walking
6858,W00138,0.35,0.1049,-0.017,0.866,Walking
6859,W00138,0.4,-0.06,0.1229,0.8507,Walking
6860,W00138,0.45,0.0199,0.0076,0.7945,Walking
6861,W00138,0.5,-0.0647,0.1541,0.6877,Walking
6862,W00138,0.55,0.0169,0.1462,0.7545,Walking
6863,W00138,0.6,0.0476,0.1413,0.9429,Walking
6864,W00138,0.65,0.1604,0.0691,0.9066,Walking
6865,W00138,0.7,0.2361,0.2559,1.1203,Walking
6866,W00138,0.75,0.4061,0.2531,0.9218,Walking
6867,W00138,0.8,0.3621,0.4511,1.0677,Walking
6868,W00138,0.85,0.1285,0.1677,1.1455,Walking
6869,W00138,0.9,0.1352,0.1562,0.9381,Walking
6870,W00138,0.95,0.0773,0.0506,0.9755,Walking
6871,W00138,1.0,-0.0578,0.0553,0.8113,Walking
6872,W00138,1.05,-0.0337,0.0063,0.6212,Walking
6873,W00138,1.1,0.0305,0.1463,0.8159,Walking
6874,W00138,1.15,-0.054,0.2139,0.8923,Walking
6875,W00138,1.2,0.0154,0.1058,0.8997,Walking
6876,W00138,1.25,0.1594,0.1841,1.0239,Walking
6877,W00138,1.3,0.1492,0.2671,0.9745,Walking
6878,W00138,1.35,0.2685,0.039,1.082,Walking
6879,W00138,1.4,0.275,0.3105,1.0411,Walking
6880,W00138,1.45,0.2077,0.1408,1.0616,Walking
6881,W00138,1.5,0.1464,0.0952,0.9866,Walking
6882,W00138,1.55,-0.0356,0.1472,0.8248,Walking
6883,W00138,1.6,-0.04,-0.0685,0.8174,Walking
6884,W00138,1.65,-0.1751,0.0142,0.8697,Walking
6885,W00138,1.7,0.0448,0.0301,0.8746,Walking
6886,W00138,1.75,-0.0989,0.0844,0.7541,Walking
6887,W00138,1.8,-0.0747,0.2354,0.9535,Walking
6888,W00138,1.85,0.1094,0.1113,0.9348,Walking
6889,W00138,1.9,0.3633,0.2449,1.0831,Walking
6890,W00138,1.95,0.3183,0.303,1.0254,Walking
6891,W00138,2.0,0.3369,0.2665,1.0102,Walking
6892,W00138,2.05,0.22,0.2244,1.0948,Walking
6893,W00138,2.1,0.084,0.0975,0.954,Walking
6894,W00138,2.15,-0.0066,-0.1164,0.9409,Walking
6895,W00138,2.2,0.1236,0.0062,0.7989,Walking
6896,W00138,2.25,0.018,0.0837,0.8257,Walking
6897,W00138,2.3,0.105,-0.0484,0.8465,Walking
6898,W00138,2.35,-0.2305,0.079,0.9291,Walking
6899,W00138,2.4,-0.2119,0.284,0.9655,Walking
6900,W00138,2.45,0.102,0.2393,0.7897,Walking
6901,W00139,0.0,0.0267,0.1255,0.9595,Standing
6902,W00139,0.05,0.0341,0.1051,0.9549,Standing
6903,W00139,0.1,0.0294,0.1167,0.9128,Standing
6904,W00139,0.15,0.0228,0.05,0.9043,Standing
6905,W00139,0.2,0.0663,0.0682,0.9641,Standing
6906,W00139,0.25,-0.0006,0.0274,0.9772,Standing
6907,W00139,0.3,0.0245,0.1429,0.9589,Standing
6908,W00139,0.35,0.0646,0.1351,0.9241,Standing
6909,W00139,0.4,0.0784,0.0752,1.0164,Standing
6910,W00139,0.45,0.0533,0.0706,0.9802,Standing
6911,W00139,0.5,0.0946,0.1375,0.9769,Standing
6912,W00139,0.55,0.1102,0.0726,0.9511,Standing
6913,W00139,0.6,-0.0191,0.0949,0.9509,Standing
6914,W00139,0.65,0.0063,0.1202,1.0462,Standing
6915,W00139,0.7,0.0486,0.1529,1.0486,Standing
6916,W00139,0.75,0.0118,0.1389,1.0085,Standing
6917,W00139,0.8,0.0854,0.1206,0.9613,Standing
6918,W00139,0.85,0.0647,0.1553,0.9264,Standing
6919,W00139,0.9,0.0382,0.0748,0.9807,Standing
6920,W00139,0.95,0.0673,0.0667,0.963,Standing
6921,W00139,1.0,0.0817,0.0599,0.9867,Standing
6922,W00139,1.05,0.0996,0.0625,1.0087,Standing
6923,W00139,1.1,0.0156,0.1734,0.9581,Standing
6924,W00139,1.15,0.1025,0.1403,0.9848,Standing
6925,W00139,1.2,0.0393,0.1597,0.9786,Standing
6926,W00139,1.25,0.0315,0.0513,0.9784,Standing
6927,W00139,1.3,0.0749,0.1423,0.9227,Standing
6928,W00139,1.35,0.0563,0.0998,0.9473,Standing
6929,W00139,1.4,0.0126,0.0317,0.9672,Standing
6930,W00139,1.45,0.0398,0.0656,0.9546,Standing
6931,W00139,1.5,0.0182,0.1078,0.9948,Standing
6932,W00139,1.55,0.0603,0.0724,1.0062,Standing
6933,W00139,1.6,0.1073,0.1024,0.9657,Standing
6934,W00139,1.65,0.0094,0.0732,1.0407,Standing
6935,W00139,1.7,0.0865,0.0714,0.9972,Standing
6936,W00139,1.75,0.0314,0.0578,0.9973,Standing
6937,W00139,1.8,0.0026,0.0833,0.9589,Standing
6938,W00139,1.85,0.097,0.0535,0.9606,Standing
6939,W00139,1.9,0.0412,0.0926,0.9814,Standing
6940,W00139,1.95,0.0456,0.1181,0.9317,Standing
6941,W00139,2.0,0.0172,0.0814,0.9742,Standing
6942,W00139,2.05,0.0773,0.1179,0.9336,Standing
6943,W00139,2.1,0.0281,0.0589,0.9589,Standing
6944,W00139,2.15,0.0437,0.0462,1.0146,Standing
6945,W00139,2.2,0.0616,0.133,0.9743,Standing
6946,W00139,2.25,0.0911,0.0929,0.9714,Standing
6947,W00139,2.3,0.0723,0.1027,1.001,Standing
6948,W00139,2.35,0.0628,0.1062,0.936,Standing
6949,W00139,2.4,0.0538,0.0441,0.9954,Standing
6950,W00139,2.45,0.0332,0.1024,0.9815,Standing
6951,W00140,0.0,0.0828,-0.4568,0.2652,Abnormal Movement
6952,W00140,0.05,-0.245,1.0868,1.1349,Abnormal Movement
6953,W00140,0.1,-0.2074,0.6673,1.0567,Abnormal Movement
6954,W00140,0.15,0.2199,-0.4505,0.867,Abnormal Movement
6955,W00140,0.2,0.1234,0.1318,1.3614,Abnormal Movement
6956,W00140,0.25,1.5486,0.2755,0.4931,Abnormal Movement
6957,W00140,0.3,0.776,0.7586,1.4639,Abnormal Movement
6958,W00140,0.35,1.3473,0.2064,0.1817,Abnormal Movement
6959,W00140,0.4,1.1584,0.7018,1.0328,Abnormal Movement
6960,W00140,0.45,0.6467,0.3668,-0.2808,Abnormal Movement
6961,W00140,0.5,0.6918,-0.2088,0.4737,Abnormal Movement
6962,W00140,0.55,0.6234,0.4302,0.4579,Abnormal Movement
6963,W00140,0.6,0.5264,0.3288,1.4571,Abnormal Movement
6964,W00140,0.65,0.3096,-0.0662,0.0723,Abnormal Movement
6965,W00140,0.7,0.1608,-0.5372,0.7729,Abnormal Movement
6966,W00140,0.75,-0.365,-0.1891,0.8078,Abnormal Movement
6967,W00140,0.8,-0.1412,-0.8663,1.2931,Abnormal Movement
6968,W00140,0.85,-0.7806,-0.6243,0.8366,Abnormal Movement
6969,W00140,0.9,-0.1814,-0.1922,0.6604,Abnormal Movement
6970,W00140,0.95,-0.4211,-0.5913,0.576,Abnormal Movement
6971,W00140,1.0,0.0843,-0.1557,0.0813,Abnormal Movement
6972,W00140,1.05,-0.2814,-0.6159,0.5336,Abnormal Movement
6973,W00140,1.1,0.737,0.5494,0.0049,Abnormal Movement
6974,W00140,1.15,0.173,0.2976,0.8806,Abnormal Movement
6975,W00140,1.2,-0.9027,0.0816,1.1194,Abnormal Movement
6976,W00140,1.25,0.2536,-0.0035,0.7934,Abnormal Movement
6977,W00140,1.3,-0.0139,-0.3927,0.6051,Abnormal Movement
6978,W00140,1.35,0.5998,0.1047,0.8957,Abnormal Movement
6979,W00140,1.4,0.6569,0.4108,1.2535,Abnormal Movement
6980,W00140,1.45,0.6132,-0.5506,-0.27,Abnormal Movement
6981,W00140,1.5,0.7918,0.8389,0.8526,Abnormal Movement
6982,W00140,1.55,0.7916,0.4713,0.6938,Abnormal Movement
6983,W00140,1.6,0.4638,0.1081,1.5277,Abnormal Movement
6984,W00140,1.65,-0.1275,0.661,0.7337,Abnormal Movement
6985,W00140,1.7,0.7229,0.9562,1.0786,Abnormal Movement
6986,W00140,1.75,0.9046,0.3148,0.5542,Abnormal Movement
6987,W00140,1.8,0.6177,0.5929,0.4435,Abnormal Movement
6988,W00140,1.85,-0.0073,0.5692,0.6983,Abnormal Movement
6989,W00140,1.9,-0.3046,0.1208,-0.1497,Abnormal Movement
6990,W00140,1.95,-0.1003,-0.0654,0.3988,Abnormal Movement
6991,W00140,2.0,0.7166,0.433,0.7816,Abnormal Movement
6992,W00140,2.05,0.5198,0.5685,-0.4858,Abnormal Movement
6993,W00140,2.1,-0.7574,-0.0816,-0.0694,Abnormal Movement
6994,W00140,2.15,-0.7323,-0.4225,-0.4749,Abnormal Movement
6995,W00140,2.2,0.1849,-0.292,-0.2538,Abnormal Movement
6996,W00140,2.25,-0.3387,-0.3886,0.1094,Abnormal Movement
6997,W00140,2.3,-0.2875,-0.3017,0.0342,Abnormal Movement
6998,W00140,2.35,-0.7239,-0.0235,0.3362,Abnormal Movement
6999,W00140,2.4,-0.7394,0.2983,0.5901,Abnormal Movement
7000,W00140,2.45,-0.2201,-0.0848,-0.4168,Abnormal Movement
7001,W00141,0.0,0.0285,0.022,1.0097,Standing
7002,W00141,0.05,0.0641,0.0963,0.9804,Standing
7003,W00141,0.1,0.0862,0.145,1.0371,Standing
7004,W00141,0.15,0.0299,0.0879,1.0341,Standing
7005,W00141,0.2,0.091,0.0924,1.0259,Standing
7006,W00141,0.25,0.0292,0.0523,0.9634,Standing
7007,W00141,0.3,0.1235,0.1196,1.0169,Standing
7008,W00141,0.35,0.1233,0.0478,0.9531,Standing
7009,W00141,0.4,0.127,0.1095,0.9649,Standing
7010,W00141,0.45,0.0617,0.0336,0.9685,Standing
7011,W00141,0.5,0.0981,0.0866,1.0444,Standing
7012,W00141,0.55,0.0356,0.0343,1.0144,Standing
7013,W00141,0.6,0.0448,0.0806,0.9981,Standing
7014,W00141,0.65,0.062,0.1211,1.0348,Standing
7015,W00141,0.7,0.0542,0.1426,0.9956,Standing
7016,W00141,0.75,0.1338,0.1236,1.0016,Standing
7017,W00141,0.8,0.0404,0.146,1.0277,Standing
7018,W00141,0.85,0.0517,0.1022,0.9671,Standing
7019,W00141,0.9,0.1,0.1169,0.9665,Standing
7020,W00141,0.95,0.0457,0.1178,1.011,Standing
7021,W00141,1.0,0.0722,0.0551,0.9846,Standing
7022,W00141,1.05,0.0856,0.0993,1.0256,Standing
7023,W00141,1.1,0.0245,0.1099,1.0478,Standing
7024,W00141,1.15,0.009,0.1107,0.9724,Standing
7025,W00141,1.2,0.116,0.0711,0.9718,Standing
7026,W00141,1.25,0.0427,0.1045,0.9798,Standing
7027,W00141,1.3,0.0319,0.1529,0.9848,Standing
7028,W00141,1.35,0.0647,0.0881,1.007,Standing
7029,W00141,1.4,0.0861,0.1306,0.964,Standing
7030,W00141,1.45,0.0427,0.1228,0.9142,Standing
7031,W00141,1.5,0.0175,0.1125,0.9217,Standing
7032,W00141,1.55,0.047,0.0568,0.9553,Standing
7033,W00141,1.6,0.1252,0.1062,1.0405,Standing
7034,W00141,1.65,0.0112,0.1104,0.992,Standing
7035,W00141,1.7,0.0188,0.0957,1.0034,Standing
7036,W00141,1.75,0.0504,0.0497,0.9664,Standing
7037,W00141,1.8,0.0429,0.1296,0.9087,Standing
7038,W00141,1.85,0.0701,0.1243,0.9606,Standing
7039,W00141,1.9,0.0314,0.052,1.0125,Standing
7040,W00141,1.95,0.0205,0.0792,0.9984,Standing
7041,W00141,2.0,-0.0,0.0864,0.979,Standing
7042,W00141,2.05,0.0374,0.0907,1.0096,Standing
7043,W00141,2.1,-0.027,0.0762,0.9312,Standing
7044,W00141,2.15,-0.0179,0.0746,0.9823,Standing
7045,W00141,2.2,0.0346,0.1098,1.0093,Standing
7046,W00141,2.25,-0.0106,0.0703,0.9782,Standing
7047,W00141,2.3,0.0079,0.0956,0.967,Standing
7048,W00141,2.35,0.0337,0.1041,0.9307,Standing
7049,W00141,2.4,0.0544,0.1369,0.9509,Standing
7050,W00141,2.45,0.0563,0.1232,0.9552,Standing
7051,W00142,0.0,0.061,0.0678,0.99,Standing
7052,W00142,0.05,0.0701,0.0652,0.9965,Standing
7053,W00142,0.1,0.0414,0.0661,0.9683,Standing
7054,W00142,0.15,0.0714,0.1121,0.9194,Standing
7055,W00142,0.2,0.0696,0.0927,0.9987,Standing
7056,W00142,0.25,0.0148,0.1003,0.9901,Standing
7057,W00142,0.3,0.0665,0.1321,1.0111,Standing
7058,W00142,0.35,0.0354,0.1114,0.9824,Standing
7059,W00142,0.4,0.0713,0.1103,1.016,Standing
7060,W00142,0.45,0.0745,0.1135,0.9348,Standing
7061,W00142,0.5,0.0951,0.1114,1.0656,Standing
7062,W00142,0.55,0.0561,0.0875,1.0071,Standing
7063,W00142,0.6,0.0658,0.0329,0.9759,Standing
7064,W00142,0.65,0.0979,0.0614,0.9863,Standing
7065,W00142,0.7,0.0471,0.1122,0.9786,Standing
7066,W00142,0.75,0.0291,0.0761,0.9903,Standing
7067,W00142,0.8,0.0791,0.0498,0.9607,Standing
7068,W00142,0.85,0.0207,0.0974,1.0513,Standing
7069,W00142,0.9,0.0684,0.1182,1.0008,Standing
7070,W00142,0.95,0.1325,0.0655,0.9688,Standing
7071,W00142,1.0,0.0285,0.0957,1.0129,Standing
7072,W00142,1.05,0.0422,0.0548,1.0098,Standing
7073,W00142,1.1,0.0472,0.1374,0.986,Standing
7074,W00142,1.15,0.0067,0.124,0.959,Standing
7075,W00142,1.2,0.0582,0.1207,1.0425,Standing
7076,W00142,1.25,0.0568,0.078,1.0157,Standing
7077,W00142,1.3,0.0447,0.1318,0.9962,Standing
7078,W00142,1.35,0.0787,0.0562,0.916,Standing
7079,W00142,1.4,0.0079,0.1004,0.9776,Standing
7080,W00142,1.45,0.0692,0.1292,0.994,Standing
7081,W00142,1.5,0.0528,0.0589,0.8887,Standing
7082,W00142,1.55,0.0557,0.1414,1.0164,Standing
7083,W00142,1.6,-0.0033,0.0795,0.9887,Standing
7084,W00142,1.65,0.0233,0.1183,0.9956,Standing
7085,W00142,1.7,0.0594,0.1105,0.9683,Standing
7086,W00142,1.75,-0.0019,0.0588,0.9578,Standing
7087,W00142,1.8,0.0901,0.1103,1.0247,Standing
7088,W00142,1.85,0.0082,0.0919,0.9488,Standing
7089,W00142,1.9,0.0264,0.0784,1.0079,Standing
7090,W00142,1.95,0.0305,0.0751,0.9486,Standing
7091,W00142,2.0,0.032,0.0569,0.945,Standing
7092,W00142,2.05,0.0432,0.1365,0.9678,Standing
7093,W00142,2.1,0.0859,0.1379,1.0054,Standing
7094,W00142,2.15,0.0191,0.1654,0.9971,Standing
7095,W00142,2.2,0.0215,0.0612,0.9592,Standing
7096,W00142,2.25,0.1077,0.0939,0.9154,Standing
7097,W00142,2.3,0.0881,0.1186,0.9796,Standing
7098,W00142,2.35,0.129,0.0654,0.9849,Standing
7099,W00142,2.4,0.0302,0.0991,0.9697,Standing
7100,W00142,2.45,0.0553,0.0668,0.9846,Standing
7101,W00143,0.0,0.0528,0.2351,0.9394,Walking
7102,W00143,0.05,0.1108,0.1959,1.0419,Walking
7103,W00143,0.1,0.0685,0.1914,0.8656,Walking
7104,W00143,0.15,-0.0549,0.1487,0.9802,Walking
7105,W00143,0.2,0.0272,0.052,0.7779,Walking
7106,W00143,0.25,-0.2529,0.0057,0.6827,Walking
7107,W00143,0.3,-0.1209,-0.1642,0.8878,Walking
7108,W00143,0.35,-0.0882,-0.0432,0.8644,Walking
7109,W00143,0.4,-0.048,-0.1177,0.883,Walking
7110,W00143,0.45,0.0584,0.1206,0.884,Walking
7111,W00143,0.5,0.088,0.1246,0.933,Walking
7112,W00143,0.55,0.3242,0.1981,0.9612,Walking
7113,W00143,0.6,0.2705,0.0751,1.0416,Walking
7114,W00143,0.65,0.2623,0.1793,0.9944,Walking
7115,W00143,0.7,0.3594,0.3494,0.9792,Walking
7116,W00143,0.75,0.3386,0.1176,1.1044,Walking
7117,W00143,0.8,0.2221,0.1623,1.0907,Walking
7118,W00143,0.85,0.079,0.2165,0.9269,Walking
7119,W00143,0.9,-0.0431,0.2705,0.9583,Walking
7120,W00143,0.95,0.1151,0.2388,0.9249,Walking
7121,W00143,1.0,0.0291,0.1134,0.715,Walking
7122,W00143,1.05,-0.0403,0.0321,0.9705,Walking
7123,W00143,1.1,-0.175,0.0841,0.9626,Walking
7124,W00143,1.15,-0.1896,-0.011,0.9549,Walking
7125,W00143,1.2,-0.1722,0.0453,0.9039,Walking
7126,W00143,1.25,-0.0039,0.0407,0.925,Walking
7127,W00143,1.3,0.0469,0.1758,0.9521,Walking
7128,W00143,1.35,0.1754,-0.0207,0.9826,Walking
7129,W00143,1.4,0.1539,0.1172,1.0991,Walking
7130,W00143,1.45,0.1928,0.2639,1.0211,Walking
7131,W00143,1.5,0.2274,0.306,1.0887,Walking
7132,W00143,1.55,0.323,0.2577,1.042,Walking
7133,W00143,1.6,0.3273,0.3598,1.0555,Walking
7134,W00143,1.65,0.4094,0.2061,1.0325,Walking
7135,W00143,1.7,0.3426,0.1696,1.0125,Walking
7136,W00143,1.75,0.029,0.0939,1.0523,Walking
7137,W00143,1.8,0.0145,0.1158,1.1269,Walking
7138,W00143,1.85,0.0803,0.2025,0.9148,Walking
7139,W00143,1.9,-0.0561,0.1523,0.8753,Walking
7140,W00143,1.95,-0.0378,0.09,0.8853,Walking
7141,W00143,2.0,-0.0311,0.0062,0.8465,Walking
7142,W00143,2.05,-0.1693,0.0358,0.7255,Walking
7143,W00143,2.1,-0.0654,0.0421,0.7804,Walking
7144,W00143,2.15,-0.0642,0.083,0.9922,Walking
7145,W00143,2.2,0.1618,0.0576,1.0876,Walking
7146,W00143,2.25,0.1397,0.2362,0.9417,Walking
7147,W00143,2.3,0.198,0.2282,0.8885,Walking
7148,W00143,2.35,0.1986,0.2728,1.1423,Walking
7149,W00143,2.4,0.2988,0.2812,1.0694,Walking
7150,W00143,2.45,0.269,0.2333,1.0688,Walking
7151,W00144,0.0,0.0368,0.0669,1.0144,Standing
7152,W00144,0.05,0.0409,0.1234,0.9559,Standing
7153,W00144,0.1,0.0327,0.1442,0.9695,Standing
7154,W00144,0.15,0.0462,0.114,1.0229,Standing
7155,W00144,0.2,0.0497,0.077,0.9566,Standing
7156,W00144,0.25,0.0792,0.0847,0.9798,Standing
7157,W00144,0.3,0.0581,0.0944,0.9953,Standing
7158,W00144,0.35,0.0677,0.1342,0.9923,Standing
7159,W00144,0.4,0.1109,0.1358,0.9741,Standing
7160,W00144,0.45,0.0821,0.1271,0.9742,Standing
7161,W00144,0.5,0.0374,0.0669,0.9935,Standing
7162,W00144,0.55,0.0467,0.088,0.9659,Standing
7163,W00144,0.6,0.0654,0.0996,1.0199,Standing
7164,W00144,0.65,0.0378,0.1212,0.9693,Standing
7165,W00144,0.7,0.0782,0.1235,1.0271,Standing
7166,W00144,0.75,0.0509,0.0951,1.003,Standing
7167,W00144,0.8,0.0521,0.1085,0.9694,Standing
7168,W00144,0.85,0.0496,0.1061,0.9811,Standing
7169,W00144,0.9,0.0648,0.1019,0.9713,Standing
7170,W00144,0.95,0.1054,0.093,0.9801,Standing
7171,W00144,1.0,0.0376,0.0828,0.9707,Standing
7172,W00144,1.05,0.0517,0.1393,0.9198,Standing
7173,W00144,1.1,0.021,0.0762,0.9576,Standing
7174,W00144,1.15,-0.0266,0.1082,0.9551,Standing
7175,W00144,1.2,-0.0095,0.0023,0.9473,Standing
7176,W00144,1.25,0.0666,0.095,0.9566,Standing
7177,W00144,1.3,0.038,0.1082,0.9582,Standing
7178,W00144,1.35,-0.0237,0.1095,1.0117,Standing
7179,W00144,1.4,0.0165,0.1276,0.9479,Standing
7180,W00144,1.45,0.0579,0.095,1.0198,Standing
7181,W00144,1.5,0.0793,0.1033,0.9154,Standing
7182,W00144,1.55,0.0228,0.0952,0.9966,Standing
7183,W00144,1.6,0.0056,0.1035,1.0102,Standing
7184,W00144,1.65,0.0632,0.1184,1.0518,Standing
7185,W00144,1.7,0.0606,0.075,0.9925,Standing
7186,W00144,1.75,0.0613,0.1143,0.9468,Standing
7187,W00144,1.8,0.0745,0.1134,0.9594,Standing
7188,W00144,1.85,0.0692,0.1077,1.0027,Standing
7189,W00144,1.9,0.0901,0.1147,1.0002,Standing
7190,W00144,1.95,0.037,0.1614,0.9844,Standing
7191,W00144,2.0,0.0527,0.1015,1.0098,Standing
7192,W00144,2.05,0.0723,0.1342,0.9719,Standing
7193,W00144,2.1,0.029,0.0577,1.0361,Standing
7194,W00144,2.15,0.0113,0.1057,0.9869,Standing
7195,W00144,2.2,0.0366,0.1014,0.9391,Standing
7196,W00144,2.25,0.0973,0.1179,1.01,Standing
7197,W00144,2.3,0.051,0.0735,0.9578,Standing
7198,W00144,2.35,0.0932,0.094,1.0454,Standing
7199,W00144,2.4,0.0246,0.114,0.975,Standing
7200,W00144,2.45,0.0328,0.1065,0.9828,Standing
7201,W00145,0.0,0.4782,0.2984,1.1682,Running
7202,W00145,0.05,0.4794,0.4733,1.212,Running
7203,W00145,0.1,-0.2399,-0.034,0.8706,Running
7204,W00145,0.15,-0.2993,-0.099,0.5729,Running
7205,W00145,0.2,-0.3829,0.0616,0.7162,Running
7206,W00145,0.25,0.1972,0.3618,0.8136,Running
7207,W00145,0.3,0.7757,0.2051,0.9939,Running
7208,W00145,0.35,0.6243,0.334,1.0571,Running
7209,W00145,0.4,-0.1163,-0.0291,0.84,Running
7210,W00145,0.45,-0.3228,0.0332,0.751,Running
7211,W00145,0.5,-0.0237,0.1493,0.7755,Running
7212,W00145,0.55,0.3453,0.2373,0.9138,Running
7213,W00145,0.6,0.7173,0.1977,0.983,Running
7214,W00145,0.65,0.424,0.3182,1.1237,Running
7215,W00145,0.7,-0.0759,0.179,0.4373,Running
7216,W00145,0.75,-0.3652,-0.0452,0.7406,Running
7217,W00145,0.8,-0.1575,0.1135,0.6413,Running
7218,W00145,0.85,0.4408,0.5156,1.3305,Running
7219,W00145,0.9,0.3058,0.0092,1.4337,Running
7220,W00145,0.95,0.5062,0.4114,1.2554,Running
7221,W00145,1.0,-0.0439,0.3591,0.7,Running
7222,W00145,1.05,-0.3271,0.0319,0.6881,Running
7223,W00145,1.1,-0.2385,0.2417,0.6414,Running
7224,W00145,1.15,0.2722,0.2948,1.1084,Running
7225,W00145,1.2,0.5743,0.2679,1.0975,Running
7226,W00145,1.25,0.5191,0.1638,1.0379,Running
7227,W00145,1.3,-0.1699,0.3178,0.7282,Running
7228,W00145,1.35,-0.2537,0.1221,0.8004,Running
7229,W00145,1.4,-0.2634,-0.0113,1.0174,Running
7230,W00145,1.45,0.453,0.4753,1.1091,Running
7231,W00145,1.5,0.7377,0.3334,1.2108,Running
7232,W00145,1.55,0.7584,0.5346,1.1262,Running
7233,W00145,1.6,-0.0258,0.1183,0.561,Running
7234,W00145,1.65,-0.328,0.2839,0.6716,Running
7235,W00145,1.7,0.0468,0.2321,0.5825,Running
7236,W00145,1.75,0.5496,0.3423,0.8996,Running
7237,W00145,1.8,0.4861,0.3011,0.7547,Running
7238,W00145,1.85,0.2695,0.0788,0.6804,Running
7239,W00145,1.9,-0.2545,0.1472,0.6608,Running
7240,W00145,1.95,-0.2083,0.0527,0.7245,Running
7241,W00145,2.0,-0.3193,0.1772,0.7104,Running
7242,W00145,2.05,0.4666,0.5186,1.2759,Running
7243,W00145,2.1,0.5292,0.2555,1.248,Running
7244,W00145,2.15,0.1704,0.3293,0.821,Running
7245,W00145,2.2,-0.1932,-0.0684,0.8213,Running
7246,W00145,2.25,-0.3733,-0.1129,0.5637,Running
7247,W00145,2.3,0.2469,0.2398,1.0956,Running
7248,W00145,2.35,0.3885,0.2417,0.8879,Running
7249,W00145,2.4,0.4701,0.214,1.1669,Running
7250,W00145,2.45,0.0451,0.023,0.9493,Running
7251,W00146,0.0,0.8657,0.089,0.3441,Resting
7252,W00146,0.05,0.8333,0.0903,0.3355,Resting
7253,W00146,0.1,0.8807,0.0714,0.3518,Resting
7254,W00146,0.15,0.8468,0.1145,0.3442,Resting
7255,W00146,0.2,0.8661,0.1225,0.3437,Resting
7256,W00146,0.25,0.848,0.1116,0.3297,Resting
7257,W00146,0.3,0.8385,0.0682,0.3564,Resting
7258,W00146,0.35,0.8476,0.0782,0.3506,Resting
7259,W00146,0.4,0.8303,0.0872,0.3441,Resting
7260,W00146,0.45,0.8481,0.1046,0.3555,Resting
7261,W00146,0.5,0.834,0.1026,0.3203,Resting
7262,W00146,0.55,0.8766,0.1479,0.2853,Resting
7263,W00146,0.6,0.8921,0.1131,0.3619,Resting
7264,W00146,0.65,0.8576,0.1043,0.3112,Resting
7265,W00146,0.7,0.8658,0.0775,0.402,Resting
7266,W00146,0.75,0.8577,0.1034,0.3135,Resting
7267,W00146,0.8,0.861,0.0995,0.3674,Resting
7268,W00146,0.85,0.8667,0.0886,0.3413,Resting
7269,W00146,0.9,0.8536,0.0887,0.3308,Resting
7270,W00146,0.95,0.831,0.1223,0.3757,Resting
7271,W00146,1.0,0.8818,0.1059,0.3897,Resting
7272,W00146,1.05,0.8624,0.0989,0.3341,Resting
7273,W00146,1.1,0.8576,0.1303,0.2985,Resting
7274,W00146,1.15,0.8596,0.0905,0.3013,Resting
7275,W00146,1.2,0.8624,0.0663,0.381,Resting
7276,W00146,1.25,0.841,0.0746,0.349,Resting
7277,W00146,1.3,0.8175,0.0781,0.3652,Resting
7278,W00146,1.35,0.8269,0.0716,0.365,Resting
7279,W00146,1.4,0.8479,0.083,0.3247,Resting
7280,W00146,1.45,0.8855,0.0854,0.3562,Resting
7281,W00146,1.5,0.8317,0.0976,0.3244,Resting
7282,W00146,1.55,0.8688,0.1159,0.3165,Resting
7283,W00146,1.6,0.8382,0.1066,0.3643,Resting
7284,W00146,1.65,0.8726,0.1218,0.3771,Resting
7285,W00146,1.7,0.8417,0.0868,0.3414,Resting
7286,W00146,1.75,0.8577,0.0955,0.3285,Resting
7287,W00146,1.8,0.8399,0.0934,0.3094,Resting
7288,W00146,1.85,0.8136,0.0819,0.3565,Resting
7289,W00146,1.9,0.8599,0.0616,0.3556,Resting
7290,W00146,1.95,0.8489,0.0937,0.3734,Resting
7291,W00146,2.0,0.8492,0.1088,0.3447,Resting
7292,W00146,2.05,0.8803,0.1167,0.3395,Resting
7293,W00146,2.1,0.824,0.066,0.333,Resting
7294,W00146,2.15,0.8453,0.0755,0.3425,Resting
7295,W00146,2.2,0.8404,0.1097,0.3578,Resting
7296,W00146,2.25,0.8307,0.0914,0.3631,Resting
7297,W00146,2.3,0.8285,0.069,0.3614,Resting
7298,W00146,2.35,0.8536,0.1287,0.3316,Resting
7299,W00146,2.4,0.8608,0.0994,0.3495,Resting
7300,W00146,2.45,0.8351,0.1215,0.378,Resting
7301,W00147,0.0,0.1313,0.1697,0.7978,Walking
7302,W00147,0.05,0.0113,-0.0628,0.8843,Walking
7303,W00147,0.1,-0.0976,0.0754,0.6328,Walking
7304,W00147,0.15,-0.0309,-0.0093,0.9029,Walking
7305,W00147,0.2,-0.0759,-0.049,0.7957,Walking
7306,W00147,0.25,0.0955,0.2873,1.0728,Walking
7307,W00147,0.3,0.2284,0.0597,0.9887,Walking
7308,W00147,0.35,0.4309,0.2742,1.1382,Walking
7309,W00147,0.4,0.3069,0.3001,1.0972,Walking
7310,W00147,0.45,0.2133,0.2179,0.9797,Walking
7311,W00147,0.5,0.1752,0.2905,1.0401,Walking
7312,W00147,0.55,0.0403,0.1445,0.9223,Walking
7313,W00147,0.6,-0.1202,0.1787,1.0914,Walking
7314,W00147,0.65,-0.1625,0.0152,0.9348,Walking
7315,W00147,0.7,-0.1742,-0.0887,0.8363,Walking
7316,W00147,0.75,0.1155,-0.016,0.7833,Walking
7317,W00147,0.8,0.0775,0.1889,0.9592,Walking
7318,W00147,0.85,0.0316,0.1434,1.0271,Walking
7319,W00147,0.9,0.3219,0.2302,1.0822,Walking
7320,W00147,0.95,0.2266,0.3872,1.0301,Walking
7321,W00147,1.0,0.2896,0.3223,1.2008,Walking
7322,W00147,1.05,0.1584,0.351,0.8925,Walking
7323,W00147,1.1,0.1028,0.2899,0.9464,Walking
7324,W00147,1.15,-0.0258,0.1952,0.9702,Walking
7325,W00147,1.2,-0.1381,-0.0363,0.9584,Walking
7326,W00147,1.25,-0.0391,0.1003,0.7956,Walking
7327,W00147,1.3,-0.0641,-0.0876,0.9402,Walking
7328,W00147,1.35,-0.0149,0.1367,0.9338,Walking
7329,W00147,1.4,0.2367,0.1932,0.9458,Walking
7330,W00147,1.45,0.3691,0.2041,0.9491,Walking
7331,W00147,1.5,0.3235,0.3131,1.0569,Walking
7332,W00147,1.55,0.4114,0.2497,1.1511,Walking
7333,W00147,1.6,0.144,0.2143,1.1481,Walking
7334,W00147,1.65,0.1626,0.1579,1.0258,Walking
7335,W00147,1.7,0.0152,0.1243,0.9176,Walking
7336,W00147,1.75,-0.0837,-0.1245,0.7412,Walking
7337,W00147,1.8,0.0111,0.0492,0.917,Walking
7338,W00147,1.85,-0.0064,0.1096,0.9694,Walking
7339,W00147,1.9,0.066,0.2281,0.7567,Walking
7340,W00147,1.95,0.3285,0.1544,1.0209,Walking
7341,W00147,2.0,0.2657,0.3437,1.1586,Walking
7342,W00147,2.05,0.2889,0.3064,1.0098,Walking
7343,W00147,2.1,0.3222,0.4466,0.9729,Walking
7344,W00147,2.15,0.208,0.2906,0.9372,Walking
7345,W00147,2.2,0.0817,0.1325,0.9315,Walking
7346,W00147,2.25,0.0837,0.0633,1.0484,Walking
7347,W00147,2.3,-0.0483,-0.0131,0.7959,Walking
7348,W00147,2.35,-0.0996,0.0023,0.9142,Walking
7349,W00147,2.4,-0.1545,0.0333,0.9112,Walking
7350,W00147,2.45,-0.0533,0.125,0.958,Walking
7351,W00148,0.0,0.8417,0.0992,0.3386,Resting
7352,W00148,0.05,0.8667,0.0774,0.3345,Resting
7353,W00148,0.1,0.8257,0.1168,0.2977,Resting
7354,W00148,0.15,0.8533,0.1324,0.3309,Resting
7355,W00148,0.2,0.8136,0.1084,0.3569,Resting
7356,W00148,0.25,0.8326,0.0823,0.3578,Resting
7357,W00148,0.3,0.8941,0.0995,0.3915,Resting
7358,W00148,0.35,0.8194,0.1308,0.3577,Resting
7359,W00148,0.4,0.8578,0.0905,0.346,Resting
7360,W00148,0.45,0.8459,0.1152,0.3635,Resting
7361,W00148,0.5,0.8546,0.1053,0.3411,Resting
7362,W00148,0.55,0.8346,0.1123,0.33,Resting
7363,W00148,0.6,0.856,0.0917,0.3439,Resting
7364,W00148,0.65,0.8458,0.1077,0.3466,Resting
7365,W00148,0.7,0.8496,0.0978,0.3583,Resting
7366,W00148,0.75,0.8532,0.1182,0.3511,Resting
7367,W00148,0.8,0.8706,0.1064,0.3197,Resting
7368,W00148,0.85,0.8733,0.1186,0.3286,Resting
7369,W00148,0.9,0.8324,0.1268,0.3299,Resting
7370,W00148,0.95,0.8784,0.1035,0.3201,Resting
7371,W00148,1.0,0.899,0.0587,0.3606,Resting
7372,W00148,1.05,0.8277,0.0975,0.3682,Resting
7373,W00148,1.1,0.8535,0.0846,0.3267,Resting
7374,W00148,1.15,0.8536,0.0647,0.3618,Resting
7375,W00148,1.2,0.897,0.1482,0.3563,Resting
7376,W00148,1.25,0.8165,0.1349,0.3663,Resting
7377,W00148,1.3,0.873,0.1071,0.3443,Resting
7378,W00148,1.35,0.8492,0.1143,0.3254,Resting
7379,W00148,1.4,0.892,0.0762,0.3192,Resting
7380,W00148,1.45,0.8384,0.0853,0.3605,Resting
7381,W00148,1.5,0.8745,0.12,0.3364,Resting
7382,W00148,1.55,0.8782,0.103,0.336,Resting
7383,W00148,1.6,0.8572,0.1018,0.3647,Resting
7384,W00148,1.65,0.8763,0.1101,0.3785,Resting
7385,W00148,1.7,0.9092,0.1127,0.3105,Resting
7386,W00148,1.75,0.866,0.1279,0.3246,Resting
7387,W00148,1.8,0.8668,0.0999,0.3282,Resting
7388,W00148,1.85,0.8515,0.1226,0.3611,Resting
7389,W00148,1.9,0.8629,0.1257,0.3579,Resting
7390,W00148,1.95,0.8555,0.127,0.3565,Resting
7391,W00148,2.0,0.8693,0.1091,0.3435,Resting
7392,W00148,2.05,0.8736,0.0836,0.3251,Resting
7393,W00148,2.1,0.8639,0.1151,0.3761,Resting
7394,W00148,2.15,0.8836,0.0756,0.3382,Resting
7395,W00148,2.2,0.861,0.1108,0.3281,Resting
7396,W00148,2.25,0.8666,0.1197,0.3366,Resting
7397,W00148,2.3,0.8622,0.1089,0.3572,Resting
7398,W00148,2.35,0.855,0.0992,0.338,Resting
7399,W00148,2.4,0.8453,0.088,0.3487,Resting
7400,W00148,2.45,0.8469,0.0975,0.3996,Resting
7401,W00149,0.0,0.8639,0.1125,0.3495,Resting
7402,W00149,0.05,0.8664,0.1004,0.3722,Resting
7403,W00149,0.1,0.8538,0.0895,0.3642,Resting
7404,W00149,0.15,0.8463,0.0839,0.3493,Resting
7405,W00149,0.2,0.8634,0.1332,0.3642,Resting
7406,W00149,0.25,0.8601,0.1236,0.3565,Resting
7407,W00149,0.3,0.8856,0.103,0.3633,Resting
7408,W00149,0.35,0.8803,0.0856,0.348,Resting
7409,W00149,0.4,0.836,0.0453,0.3938,Resting
7410,W00149,0.45,0.8621,0.1044,0.3449,Resting
7411,W00149,0.5,0.8675,0.1194,0.3494,Resting
7412,W00149,0.55,0.8501,0.1121,0.3592,Resting
7413,W00149,0.6,0.8995,0.12,0.3421,Resting
7414,W00149,0.65,0.9123,0.0973,0.3417,Resting
7415,W00149,0.7,0.8816,0.0724,0.3518,Resting
7416,W00149,0.75,0.8881,0.14,0.3496,Resting
7417,W00149,0.8,0.8684,0.0999,0.4049,Resting
7418,W00149,0.85,0.8564,0.1165,0.338,Resting
7419,W00149,0.9,0.8661,0.132,0.3876,Resting
7420,W00149,0.95,0.849,0.0841,0.3217,Resting
7421,W00149,1.0,0.8948,0.1372,0.3445,Resting
7422,W00149,1.05,0.8769,0.0855,0.385,Resting
7423,W00149,1.1,0.8887,0.1171,0.3543,Resting
7424,W00149,1.15,0.8459,0.1186,0.374,Resting
7425,W00149,1.2,0.8738,0.091,0.3549,Resting
7426,W00149,1.25,0.8714,0.113,0.3724,Resting
7427,W00149,1.3,0.8588,0.0995,0.3282,Resting
7428,W00149,1.35,0.8553,0.1233,0.3887,Resting
7429,W00149,1.4,0.8231,0.0923,0.3462,Resting
7430,W00149,1.45,0.8767,0.0679,0.3308,Resting
7431,W00149,1.5,0.8451,0.0876,0.3358,Resting
7432,W00149,1.55,0.854,0.0683,0.3685,Resting
7433,W00149,1.6,0.826,0.1239,0.3614,Resting
7434,W00149,1.65,0.8601,0.0624,0.368,Resting
7435,W00149,1.7,0.8193,0.0791,0.3202,Resting
7436,W00149,1.75,0.855,0.1199,0.3626,Resting
7437,W00149,1.8,0.8562,0.0892,0.3475,Resting
7438,W00149,1.85,0.8685,0.0851,0.3452,Resting
7439,W00149,1.9,0.8213,0.0897,0.3223,Resting
7440,W00149,1.95,0.87,0.1511,0.3573,Resting
7441,W00149,2.0,0.8244,0.066,0.3777,Resting
7442,W00149,2.05,0.8384,0.1354,0.3533,Resting
7443,W00149,2.1,0.8466,0.0906,0.3456,Resting
7444,W00149,2.15,0.821,0.1105,0.3139,Resting
7445,W00149,2.2,0.8263,0.0738,0.3079,Resting
7446,W00149,2.25,0.8153,0.1043,0.3511,Resting
7447,W00149,2.3,0.818,0.0885,0.3337,Resting
7448,W00149,2.35,0.8631,0.0848,0.3585,Resting
7449,W00149,2.4,0.8298,0.0858,0.3805,Resting
7450,W00149,2.45,0.8069,0.1139,0.3625,Resting
7451,W00150,0.0,0.2026,0.2966,0.9609,Walking
7452,W00150,0.05,0.0986,0.1592,0.9398,Walking
7453,W00150,0.1,0.1499,-0.0365,0.8477,Walking
7454,W00150,0.15,-0.0782,0.0732,1.0822,Walking
7455,W00150,0.2,-0.1009,0.051,0.7893,Walking
7456,W00150,0.25,-0.0938,0.0367,0.9302,Walking
7457,W00150,0.3,0.0604,0.0895,0.95,Walking
7458,W00150,0.35,0.1588,0.2429,0.961,Walking
7459,W00150,0.4,0.1683,0.1454,0.9999,Walking
7460,W00150,0.45,0.1761,0.2223,1.021,Walking
7461,W00150,0.5,0.4253,0.154,1.1456,Walking
7462,W00150,0.55,0.1758,0.2996,0.9593,Walking
7463,W00150,0.6,0.1506,0.1187,1.0032,Walking
7464,W00150,0.65,0.157,0.1009,0.8919,Walking
7465,W00150,0.7,0.0589,0.199,0.9233,Walking
7466,W00150,0.75,-0.0785,0.0305,0.8777,Walking
7467,W00150,0.8,0.0986,-0.1192,0.9936,Walking
7468,W00150,0.85,0.0926,0.072,0.78,Walking
7469,W00150,0.9,0.1988,0.226,1.066,Walking
7470,W00150,0.95,0.1313,0.0694,0.9531,Walking
7471,W00150,1.0,0.1752,0.2962,0.8189,Walking
7472,W00150,1.05,0.2164,0.4152,1.1594,Walking
7473,W00150,1.1,0.2093,0.213,1.1034,Walking
7474,W00150,1.15,0.1927,0.2462,0.935,Walking
7475,W00150,1.2,0.2186,0.224,0.8726,Walking
7476,W00150,1.25,-0.0308,0.0979,0.9509,Walking
7477,W00150,1.3,-0.0236,0.1228,0.8579,Walking
7478,W00150,1.35,-0.047,0.0637,0.9237,Walking
7479,W00150,1.4,-0.1493,-0.0082,0.9099,Walking
7480,W00150,1.45,0.1184,0.1113,1.04,Walking
7481,W00150,1.5,0.1516,0.2335,1.1601,Walking
7482,W00150,1.55,0.2421,0.1334,0.9916,Walking
7483,W00150,1.6,0.4126,0.3453,0.9494,Walking
7484,W00150,1.65,0.3059,0.138,1.1101,Walking
7485,W00150,1.7,0.2056,0.2651,1.0642,Walking
7486,W00150,1.75,0.033,0.113,0.7922,Walking
7487,W00150,1.8,0.1668,0.0932,0.9276,Walking
7488,W00150,1.85,-0.1724,0.1671,0.8663,Walking
7489,W00150,1.9,-0.062,-0.0025,0.9162,Walking
7490,W00150,1.95,0.034,0.0498,0.8651,Walking
7491,W00150,2.0,0.0498,-0.0171,0.9493,Walking
7492,W00150,2.05,0.2743,0.156,0.9692,Walking
7493,W00150,2.1,0.3805,0.0909,1.0333,Walking
7494,W00150,2.15,0.318,0.2126,0.9798,Walking
7495,W00150,2.2,0.0355,0.2064,0.9996,Walking
7496,W00150,2.25,0.2299,0.2556,0.8092,Walking
7497,W00150,2.3,0.0531,0.2318,0.953,Walking
7498,W00150,2.35,0.058,0.1435,0.8824,Walking
7499,W00150,2.4,-0.1993,0.0641,0.9547,Walking
7500,W00150,2.45,-0.1648,0.0708,0.8475,Walking
